-- Adminer 4.0.3 MySQL dump

SET NAMES utf8;
SET foreign_key_checks = 0;
SET time_zone = '+08:00';
SET sql_mode = 'NO_AUTO_VALUE_ON_ZERO';

DROP TABLE IF EXISTS `cards`;
CREATE TABLE `cards` (
  `id_card` int(10) unsigned NOT NULL,
  `pic` varchar(11) NOT NULL,
  `card_type` varchar(4) NOT NULL,
  `c_type` varchar(10) NOT NULL,
  `c_name` varchar(100) CHARACTER SET utf8 COLLATE utf8_unicode_ci NOT NULL,
  `c_force` int(2) DEFAULT NULL,
  `c_size` varchar(10) DEFAULT NULL,
  `c_cost` int(4) DEFAULT NULL,
  `pack` int(2) NOT NULL,
  PRIMARY KEY (`id_card`)
) ENGINE=MyISAM DEFAULT CHARSET=cp1251;

INSERT INTO `cards` (`id_card`, `pic`, `card_type`, `c_type`, `c_name`, `c_force`, `c_size`, `c_cost`, `pack`) VALUES
(1,	'door1.jpg',	'door',	'u_class',	'Вор',	NULL,	NULL,	NULL,	1),
(2,	'door2.jpg',	'door',	'race',	'Дварф',	NULL,	NULL,	NULL,	1),
(3,	'door3.jpg',	'door',	'race',	'Эльф',	NULL,	NULL,	NULL,	1),
(4,	'door4.jpg',	'door',	'u_class',	'Волшебник',	NULL,	NULL,	NULL,	1),
(5,	'door5.jpg',	'door',	'supermunch',	'Суперманчкин',	NULL,	NULL,	NULL,	1),
(6,	'door6.jpg',	'door',	'u_class',	'Воин',	NULL,	NULL,	NULL,	1),
(7,	'door7.jpg',	'door',	'monster',	'Сочащаяся слизь',	1,	NULL,	NULL,	1),
(8,	'door8.jpg',	'door',	'race',	'Хафлинг',	NULL,	NULL,	NULL,	1),
(9,	'door9.jpg',	'door',	'tvar',	'Бродячая тварь',	NULL,	NULL,	NULL,	1),
(10,	'door10.jpg',	'door',	'curse',	'В конец мерзкое проклятие',	NULL,	NULL,	NULL,	1),
(11,	'door11.jpg',	'door',	'halfbreed',	'Расовый коктейль',	NULL,	NULL,	NULL,	1),
(12,	'door12.jpg',	'door',	'tvar',	'Бродячая тварь',	NULL,	NULL,	NULL,	1),
(13,	'door13.jpg',	'door',	'monster',	'Сопливый нос',	10,	NULL,	NULL,	1),
(14,	'door14.jpg',	'door',	'race',	'Дварф',	NULL,	NULL,	NULL,	1),
(15,	'door15.jpg',	'door',	'monster',	'Дотошный ботан',	6,	NULL,	NULL,	1),
(16,	'door16.jpg',	'door',	'pumping',	'Старикан +10 к уровню монстра',	10,	NULL,	NULL,	1),
(17,	'door17.jpg',	'door',	'monster',	'Страховой агент',	14,	NULL,	NULL,	1),
(18,	'door18.jpg',	'door',	'curse',	'Проклятие! Утрата расы',	NULL,	NULL,	NULL,	1),
(19,	'door19.jpg',	'door',	'curse',	'Проклятие! Смена класса',	NULL,	NULL,	NULL,	1),
(20,	'door20.jpg',	'door',	'curse',	'Проклятие! Теряешь надетый головняк',	NULL,	NULL,	NULL,	1),
(21,	'door21.jpg',	'door',	'monster',	'Белые братья',	16,	NULL,	NULL,	1),
(22,	'door22.jpg',	'door',	'race',	'Эльф',	NULL,	NULL,	NULL,	1),
(23,	'door23.jpg',	'door',	'pumping',	'Детеныш -5 к уровню монстра',	5,	NULL,	NULL,	1),
(24,	'door24.jpg',	'door',	'monster',	'Демон с язычком',	12,	NULL,	NULL,	1),
(25,	'door25.jpg',	'door',	'curse',	'Проклятие! Смена расы',	NULL,	NULL,	NULL,	1),
(26,	'door26.jpg',	'door',	'monster',	'Бульрог',	18,	NULL,	NULL,	1),
(27,	'door27.jpg',	'door',	'monster',	'Лятучие легушки',	2,	NULL,	NULL,	1),
(28,	'door28.jpg',	'door',	'monster',	'Невыразимо жуткий Неописуемый ужас',	14,	NULL,	NULL,	1),
(29,	'door29.jpg',	'door',	'magic',	'Помоги себе сам',	NULL,	NULL,	NULL,	1),
(30,	'door30.jpg',	'door',	'race',	'Дварф',	NULL,	NULL,	NULL,	1),
(31,	'door31.jpg',	'door',	'monster',	'Здоровенная бешенная ципа',	2,	NULL,	NULL,	1),
(32,	'door32.jpg',	'door',	'curse',	'Проклятие! Утрата 1 маленькой шмотки',	NULL,	NULL,	NULL,	1),
(33,	'door33.jpg',	'door',	'curse',	'Проклятие! Налоги',	NULL,	NULL,	NULL,	1),
(34,	'door34.jpg',	'door',	'magic',	'Божественное вмешательство',	NULL,	NULL,	NULL,	1),
(35,	'door35.jpg',	'door',	'monster',	'Гарпистки',	4,	NULL,	NULL,	1),
(36,	'door36.jpg',	'door',	'u_class',	'Волшебник',	NULL,	NULL,	NULL,	1),
(37,	'door37.jpg',	'door',	'curse',	'Проклятие! Теряешь надетую обувку',	NULL,	NULL,	NULL,	1),
(38,	'door38.jpg',	'door',	'monster',	'Питбуль',	2,	NULL,	NULL,	1),
(39,	'door39.jpg',	'door',	'pumping',	'Псих +5 к уровню монстра',	5,	NULL,	NULL,	1),
(40,	'door40.jpg',	'door',	'monster',	'Наскипидаренные улитки',	4,	NULL,	NULL,	1),
(41,	'door41.jpg',	'door',	'curse',	'Проклятие! Потеря двух карт',	NULL,	NULL,	NULL,	1),
(42,	'door42.jpg',	'door',	'curse',	'Проклятие! Утрата 1 маленькой шмотки',	NULL,	NULL,	NULL,	1),
(43,	'door43.jpg',	'door',	'chit',	'Чит',	NULL,	NULL,	NULL,	1),
(44,	'door44.jpg',	'door',	'magic',	'Ушел на базу',	NULL,	NULL,	NULL,	1),
(45,	'door45.jpg',	'door',	'monster',	'Бабыри',	8,	NULL,	NULL,	1),
(46,	'door46.jpg',	'door',	'pumping',	'Амбал +10 к уровню монстра',	10,	NULL,	NULL,	1),
(47,	'door47.jpg',	'door',	'monster',	'Неживой коник',	4,	NULL,	NULL,	1),
(48,	'door48.jpg',	'door',	'curse',	'Проклятие! Теряешь надетый броник',	NULL,	NULL,	NULL,	1),
(49,	'door49.jpg',	'door',	'curse',	'Курица на башне',	NULL,	NULL,	NULL,	1),
(50,	'door50.jpg',	'door',	'curse',	'Проклятие! Утка обреченности',	NULL,	NULL,	NULL,	1),
(51,	'door51.jpg',	'door',	'monster',	'Обдолбанный голем',	14,	NULL,	NULL,	1),
(52,	'door52.jpg',	'door',	'monster',	'Желатиновый октаэдр',	2,	NULL,	NULL,	1),
(53,	'door53.jpg',	'door',	'curse',	'Проклятие! Потеря 1 уровня',	NULL,	NULL,	NULL,	1),
(54,	'door54.jpg',	'door',	'monster',	'Просто троль',	10,	NULL,	NULL,	1),
(55,	'door55.jpg',	'door',	'curse',	'Проклятие! Потеря 1 уровня',	NULL,	NULL,	NULL,	1),
(56,	'door56.jpg',	'door',	'curse',	'Проклятие! Смена пола',	NULL,	NULL,	NULL,	1),
(57,	'door57.jpg',	'door',	'monster',	'Газебо',	8,	NULL,	NULL,	1),
(58,	'door58.jpg',	'door',	'monster',	'Г-н. кости',	2,	NULL,	NULL,	1),
(59,	'door59.jpg',	'door',	'monster',	'Типа вошки',	1,	NULL,	NULL,	1),
(60,	'door60.jpg',	'door',	'u_class',	'Клирик',	NULL,	NULL,	NULL,	1),
(61,	'door61.jpg',	'door',	'u_class',	'Вор',	NULL,	NULL,	NULL,	1),
(62,	'door62.jpg',	'door',	'curse',	'Проклятие! Изгнание из класса',	NULL,	NULL,	NULL,	1),
(63,	'door63.jpg',	'door',	'monster',	'Амазонка',	8,	NULL,	NULL,	1),
(64,	'door64.jpg',	'door',	'curse',	'Проклятие! Потеря 1 большой шмотки',	NULL,	NULL,	NULL,	1),
(65,	'door65.jpg',	'door',	'monster',	'3872 орка',	10,	NULL,	NULL,	1),
(66,	'door66.jpg',	'door',	'race',	'Хафлинг',	NULL,	NULL,	NULL,	1),
(67,	'door67.jpg',	'door',	'monster',	'Утикора',	6,	NULL,	NULL,	1),
(68,	'door68.jpg',	'door',	'monster',	'Плутониевый дракон',	20,	NULL,	NULL,	1),
(69,	'door69.jpg',	'door',	'monster',	'Адвокат',	6,	NULL,	NULL,	1),
(70,	'door70.jpg',	'door',	'monster',	'Трава в горшке',	1,	NULL,	NULL,	1),
(71,	'door71.jpg',	'door',	'magic',	'Гадкая парочка',	NULL,	NULL,	NULL,	1),
(72,	'door72.jpg',	'door',	'monster',	'Пасюк с кувалдой',	1,	NULL,	NULL,	1),
(73,	'door73.jpg',	'door',	'monster',	'Лепрокон',	4,	NULL,	NULL,	1),
(74,	'door74.jpg',	'door',	'halfbreed',	'Расовый коктейль',	NULL,	NULL,	NULL,	1),
(75,	'door75.jpg',	'door',	'monster',	'Кальмадзилла',	18,	NULL,	NULL,	1),
(76,	'door76.jpg',	'door',	'monster',	'Гиппогриф',	16,	NULL,	NULL,	1),
(77,	'door77.jpg',	'door',	'monster',	'Бигфут',	12,	NULL,	NULL,	1),
(78,	'door78.jpg',	'door',	'u_class',	'Вор',	NULL,	NULL,	NULL,	1),
(79,	'door79.jpg',	'door',	'magic',	'Заморок',	NULL,	NULL,	NULL,	1),
(80,	'door80.jpg',	'door',	'u_class',	'Воин',	NULL,	NULL,	NULL,	1),
(81,	'door81.jpg',	'door',	'u_class',	'Клирик',	NULL,	NULL,	NULL,	1),
(82,	'door82.jpg',	'door',	'monster',	'Король тут',	16,	NULL,	NULL,	1),
(83,	'door83.jpg',	'door',	'monster',	'Калечный гоблин',	1,	NULL,	NULL,	1),
(84,	'door84.jpg',	'door',	'race',	'Хафлинг',	NULL,	NULL,	NULL,	1),
(85,	'door85.jpg',	'door',	'monster',	'Лицесос',	8,	NULL,	NULL,	1),
(86,	'door86.jpg',	'door',	'monster',	'Рыгачу',	6,	NULL,	NULL,	1),
(87,	'door87.jpg',	'door',	'curse',	'Проклятие! Кривящее зеркало',	NULL,	NULL,	NULL,	1),
(88,	'door88.jpg',	'door',	'race',	'Эльф',	NULL,	NULL,	NULL,	1),
(89,	'door89.jpg',	'door',	'pumping',	'Мозг +5 к уровню монстра',	5,	NULL,	NULL,	1),
(90,	'door90.jpg',	'door',	'u_class',	'Клирик',	NULL,	NULL,	NULL,	1),
(91,	'door91.jpg',	'door',	'supermunch',	'Суперманчкин',	NULL,	NULL,	NULL,	1),
(92,	'door92.jpg',	'door',	'u_class',	'Воин',	NULL,	NULL,	NULL,	1),
(93,	'door93.jpg',	'door',	'monster',	'Закос под вампира',	19,	NULL,	NULL,	1),
(94,	'loot1.jpg',	'loot',	'smallitem',	'Острые коленки',	1,	'knee',	200,	1),
(95,	'loot2.jpg',	'loot',	'bigitem',	'Чарующая дуда',	1,	'1hand',	300,	1),
(96,	'loot3.jpg',	'loot',	'smallitem',	'Посох напалма',	5,	'1hand',	800,	1),
(97,	'loot4.jpg',	'loot',	'smallitem',	'Дуб джентльменов',	3,	'1hand',	400,	1),
(98,	'loot5.jpg',	'loot',	'getlevel',	'Подкормленный мастер',	NULL,	NULL,	NULL,	1),
(99,	'loot6.jpg',	'loot',	'getlevel',	'Сломленный мастер',	NULL,	NULL,	NULL,	1),
(100,	'loot7.jpg',	'loot',	'magic',	'Читерский кубик',	NULL,	NULL,	300,	1),
(101,	'loot8.jpg',	'loot',	'getlevel',	'Заклинание непонятных правил',	NULL,	NULL,	NULL,	1),
(102,	'loot9.jpg',	'loot',	'magic',	'Расчет наемника',	NULL,	NULL,	NULL,	1),
(103,	'loot10.jpg',	'loot',	'smallitem',	'Крыска на палочке',	NULL,	'1hand',	NULL,	1),
(104,	'loot11.jpg',	'loot',	'bigitem',	'Швейцарская армейская алебарда',	4,	'1hand',	600,	1),
(105,	'loot12.jpg',	'loot',	'magic',	'Дупельгангер',	NULL,	NULL,	300,	1),
(106,	'loot13.jpg',	'loot',	'magic',	'Спяченое зелье',	NULL,	NULL,	100,	1),
(107,	'loot14.jpg',	'loot',	'smallitem',	'Колотушка резкости',	4,	'1hand',	600,	1),
(108,	'loot15.jpg',	'loot',	'smallitem',	'Терка умиротворения',	3,	'1hand',	400,	1),
(109,	'loot16.jpg',	'loot',	'bigitem',	'Огромная каменюга',	3,	'2hand',	NULL,	1),
(110,	'loot17.jpg',	'loot',	'smallitem',	'Шлем-рогач',	1,	'head',	600,	1),
(111,	'loot18.jpg',	'loot',	'magic',	'штырь лозоходца',	NULL,	NULL,	1100,	1),
(112,	'loot19.jpg',	'loot',	'magic',	'Зелье идиотской храбрости',	NULL,	NULL,	100,	1),
(113,	'loot20.jpg',	'loot',	'smallitem',	'Колготки великанской силы',	3,	NULL,	600,	1),
(114,	'loot21.jpg',	'loot',	'magic',	'Зелье холодильного взрыва',	NULL,	NULL,	100,	1),
(115,	'loot22.jpg',	'loot',	'magic',	'Мэджик мисайл',	NULL,	NULL,	300,	1),
(116,	'loot23.jpg',	'loot',	'magic',	'Волшебная лампа',	NULL,	NULL,	500,	1),
(117,	'loot24.jpg',	'loot',	'magic',	'Ура клад',	NULL,	NULL,	NULL,	1),
(118,	'loot25.jpg',	'loot',	'magic',	'Стенка встанька',	NULL,	NULL,	300,	1),
(119,	'loot26.jpg',	'loot',	'magic',	'Уровенный вор',	NULL,	NULL,	NULL,	1),
(120,	'loot27.jpg',	'loot',	'magic',	'Зелье невидимости',	NULL,	NULL,	200,	1),
(121,	'loot28.jpg',	'loot',	'smallitem',	'Плащ замутнения',	NULL,	NULL,	600,	1),
(122,	'loot29.jpg',	'loot',	'getlevel',	'1000 Голдов',	NULL,	NULL,	NULL,	1),
(123,	'loot30.jpg',	'loot',	'magic',	'Стакан яппи',	NULL,	NULL,	100,	1),
(124,	'loot31.jpg',	'loot',	'smallitem',	'Доспехи Поперек-себя-шире',	3,	'body',	400,	1),
(125,	'loot32.jpg',	'loot',	'smallitem',	'Кинжал измены',	3,	'1hand',	400,	1),
(126,	'loot33.jpg',	'loot',	'bigitem',	'Боевая стремянка',	3,	NULL,	400,	1),
(127,	'loot34.jpg',	'loot',	'smallitem',	'Лучок с ленточками',	4,	'2hand',	800,	1),
(128,	'loot35.jpg',	'loot',	'getlevel',	'Муравьиный геноцид',	NULL,	NULL,	NULL,	1),
(129,	'loot36.jpg',	'loot',	'smallitem',	'Шлем бесстрашия',	1,	'head',	200,	1),
(130,	'loot37.jpg',	'loot',	'magic',	'Хотельное кольцо',	NULL,	NULL,	500,	1),
(131,	'loot38.jpg',	'loot',	'magic',	'Волшебная лампа',	NULL,	NULL,	500,	1),
(132,	'loot39.jpg',	'loot',	'bigitem',	'Вездешний щит',	4,	'1hand',	600,	1),
(133,	'loot40.jpg',	'loot',	'magic',	'Зелье дружбы',	NULL,	NULL,	200,	1),
(134,	'loot41.jpg',	'loot',	'smallitem',	'Башмаки могучего пенделя',	2,	'foot',	400,	1),
(135,	'loot42.jpg',	'loot',	'smallitem',	'Кожаный прикид',	1,	'body',	200,	1),
(136,	'loot43.jpg',	'loot',	'smallitem',	'Коленеотбойный молоточек',	4,	'1hand',	600,	1),
(137,	'loot44.jpg',	'loot',	'getlevel',	'Зелье крутизны',	NULL,	NULL,	NULL,	1),
(138,	'loot45.jpg',	'loot',	'bigitem',	'Бензопила кровавого расчленения',	3,	'2hand',	600,	1),
(139,	'loot46.jpg',	'loot',	'getlevel',	'Кульная ошибка при сложении',	NULL,	NULL,	NULL,	1),
(140,	'loot47.jpg',	'loot',	'magic',	'Зелье ротовой вони',	NULL,	NULL,	100,	1),
(141,	'loot48.jpg',	'loot',	'magic',	'Пелье зутаницы',	NULL,	NULL,	100,	1),
(142,	'loot49.jpg',	'loot',	'magic',	'Клевые шарики',	NULL,	NULL,	NULL,	1),
(143,	'loot50.jpg',	'loot',	'magic',	'Зелье стрелочника',	NULL,	NULL,	300,	1),
(144,	'loot51.jpg',	'loot',	'magic',	'Радиоактивноэлектро кислотное зелье',	NULL,	NULL,	200,	1),
(145,	'loot52.jpg',	'loot',	'smallitem',	'Меч коварного бастарда',	2,	'1hand',	400,	1),
(146,	'loot53.jpg',	'loot',	'getlevel',	'Утилизация трупов',	NULL,	NULL,	NULL,	1),
(147,	'loot54.jpg',	'loot',	'magic',	'Зелье попуморфа',	NULL,	NULL,	1300,	1),
(148,	'loot55.jpg',	'loot',	'smallitem',	'Наколенники развода',	NULL,	NULL,	600,	1),
(149,	'loot56.jpg',	'loot',	'smallitem',	'Сэндвич запоздалого прозрения с сыром и селедкой',	3,	NULL,	400,	1),
(150,	'loot57.jpg',	'loot',	'magic',	'Хотельное кольцо',	NULL,	NULL,	500,	1),
(151,	'loot58.jpg',	'loot',	'magic',	'Тюбик клея',	NULL,	NULL,	100,	1),
(152,	'loot59.jpg',	'loot',	'magic',	'Зелье жгучего яда',	NULL,	NULL,	100,	1),
(153,	'loot60.jpg',	'loot',	'magic',	'Питье противно-спортивное',	NULL,	NULL,	200,	1),
(154,	'loot61.jpg',	'loot',	'smallitem',	'Небоись-бандана',	3,	'head',	400,	1),
(155,	'loot62.jpg',	'loot',	'smallitem',	'Рапира такнечестности',	3,	'1hand',	600,	1),
(156,	'loot63.jpg',	'loot',	'smallitem',	'Пойнтовая шляпа',	3,	'head',	400,	1),
(157,	'loot64.jpg',	'loot',	'bigitem',	'Мифрильные доспехи',	3,	'body',	600,	1),
(158,	'loot65.jpg',	'loot',	'smallitem',	'Наемничек',	NULL,	NULL,	NULL,	1),
(159,	'loot66.jpg',	'loot',	'smallitem',	'Башмаки реально быстрого бега',	2,	'foot',	400,	1),
(160,	'loot67.jpg',	'loot',	'smallitem',	'Одиннадцатифутовый кий',	1,	'2hand',	200,	1),
(161,	'loot68.jpg',	'loot',	'smallitem',	'Меч широты взглядов',	3,	'1hand',	400,	1),
(162,	'loot69.jpg',	'loot',	'smallitem',	'Слизкие доспехи',	1,	'body',	200,	1),
(163,	'loot70.jpg',	'loot',	'smallitem',	'Пафосный баклер',	2,	'1hand',	400,	1),
(164,	'loot71.jpg',	'loot',	'smallitem',	'Паленые доспехи',	2,	'body',	400,	1),
(165,	'loot72.jpg',	'loot',	'smallitem',	'Реально конкретный титул',	3,	NULL,	NULL,	1),
(166,	'loot73.jpg',	'loot',	'smallitem',	'Меч песни и пляски',	2,	NULL,	400,	1),
(167,	'loot74.jpg',	'loot',	'smallitem',	'Сандалеты протекторы',	NULL,	'foot',	700,	1);

DROP TABLE IF EXISTS `cards_of_door`;
CREATE TABLE `cards_of_door` (
  `id_cd` int(10) unsigned NOT NULL AUTO_INCREMENT,
  `num_door` int(3) unsigned NOT NULL,
  `id_card` int(10) unsigned NOT NULL,
  `id_gt` int(10) unsigned NOT NULL,
  PRIMARY KEY (`id_cd`)
) ENGINE=MyISAM DEFAULT CHARSET=cp1251;

INSERT INTO `cards_of_door` (`id_cd`, `num_door`, `id_card`, `id_gt`) VALUES
(138837,	91,	2,	1718),
(138836,	90,	9,	1718),
(138835,	89,	12,	1718),
(138834,	88,	51,	1718),
(138833,	87,	93,	1718),
(138832,	86,	33,	1718),
(138831,	85,	64,	1718),
(138830,	84,	23,	1718),
(138829,	83,	85,	1718),
(138828,	82,	25,	1718),
(138827,	81,	80,	1718),
(138826,	80,	57,	1718),
(138825,	79,	38,	1718),
(138824,	78,	1,	1718),
(138823,	77,	81,	1718),
(138822,	76,	45,	1718),
(138821,	75,	48,	1718),
(138820,	74,	17,	1718),
(138819,	73,	28,	1718),
(138818,	72,	34,	1718),
(138817,	71,	91,	1718),
(138816,	70,	30,	1718),
(138815,	69,	43,	1718),
(138814,	68,	7,	1718),
(138813,	67,	39,	1718),
(138812,	66,	59,	1718),
(138811,	65,	88,	1718),
(138810,	64,	84,	1718),
(138809,	63,	55,	1718),
(138808,	62,	60,	1718),
(138807,	61,	21,	1718),
(138806,	60,	74,	1718),
(138805,	59,	63,	1718),
(138804,	58,	5,	1718),
(138803,	57,	24,	1718),
(138802,	56,	69,	1718),
(138801,	55,	58,	1718),
(138800,	54,	14,	1718),
(138799,	53,	89,	1718),
(138798,	52,	8,	1718),
(138797,	51,	41,	1718),
(138796,	50,	83,	1718),
(138795,	49,	31,	1718),
(138794,	48,	10,	1718),
(138793,	47,	62,	1718),
(138792,	46,	78,	1718),
(138791,	45,	42,	1718),
(138790,	44,	19,	1718),
(138789,	43,	32,	1718),
(138788,	42,	79,	1718),
(138787,	41,	27,	1718),
(138786,	40,	49,	1718),
(138785,	39,	70,	1718),
(138784,	38,	76,	1718),
(138783,	37,	54,	1718),
(138782,	36,	20,	1718),
(138781,	35,	29,	1718),
(138780,	34,	82,	1718),
(138779,	33,	77,	1718),
(138778,	32,	66,	1718),
(138777,	31,	18,	1718),
(138776,	30,	6,	1718),
(138775,	29,	61,	1718),
(138774,	28,	71,	1718),
(138773,	27,	75,	1718),
(138772,	26,	68,	1718),
(138771,	25,	46,	1718),
(138770,	24,	67,	1718),
(138769,	23,	35,	1718),
(138768,	22,	72,	1718),
(138767,	21,	26,	1718),
(138766,	20,	44,	1718),
(138765,	19,	56,	1718),
(138764,	18,	22,	1718),
(138763,	17,	65,	1718),
(138762,	16,	53,	1718),
(138761,	15,	40,	1718),
(138760,	14,	16,	1718),
(138759,	13,	37,	1718),
(138758,	12,	52,	1718),
(138757,	11,	3,	1718),
(138756,	10,	47,	1718),
(138755,	9,	86,	1718),
(138754,	8,	11,	1718),
(138753,	7,	73,	1718),
(138752,	6,	50,	1718),
(138751,	5,	13,	1718),
(138750,	4,	92,	1718),
(138749,	3,	4,	1718),
(138748,	2,	87,	1718),
(138747,	1,	15,	1718);

DROP TABLE IF EXISTS `cards_of_loot`;
CREATE TABLE `cards_of_loot` (
  `id_cl` int(10) unsigned NOT NULL AUTO_INCREMENT,
  `num_loot` int(3) unsigned NOT NULL,
  `id_card` int(10) unsigned NOT NULL,
  `id_gt` int(10) unsigned NOT NULL,
  PRIMARY KEY (`id_cl`)
) ENGINE=MyISAM DEFAULT CHARSET=cp1251;

INSERT INTO `cards_of_loot` (`id_cl`, `num_loot`, `id_card`, `id_gt`) VALUES
(106402,	72,	152,	1718),
(106401,	71,	134,	1718),
(106400,	70,	149,	1718),
(106399,	69,	126,	1718),
(106398,	68,	140,	1718),
(106397,	67,	98,	1718),
(106396,	66,	107,	1718),
(106395,	65,	144,	1718),
(106394,	64,	156,	1718),
(106393,	63,	164,	1718),
(106392,	62,	133,	1718),
(106391,	61,	122,	1718),
(106390,	60,	109,	1718),
(106389,	59,	158,	1718),
(106388,	58,	150,	1718),
(106387,	57,	132,	1718),
(106386,	56,	127,	1718),
(106385,	55,	128,	1718),
(106384,	54,	119,	1718),
(106383,	53,	115,	1718),
(106382,	52,	100,	1718),
(106381,	51,	99,	1718),
(106380,	50,	113,	1718),
(106379,	49,	106,	1718),
(106378,	48,	153,	1718),
(106377,	47,	95,	1718),
(106376,	46,	145,	1718),
(106375,	45,	125,	1718),
(106374,	44,	165,	1718),
(106373,	43,	97,	1718),
(106372,	42,	155,	1718),
(106371,	41,	104,	1718),
(106370,	40,	117,	1718),
(106369,	39,	159,	1718),
(106368,	38,	102,	1718),
(106367,	37,	157,	1718),
(106366,	36,	161,	1718),
(106365,	35,	105,	1718),
(106364,	34,	118,	1718),
(106363,	33,	130,	1718),
(106362,	32,	103,	1718),
(106361,	31,	166,	1718),
(106360,	30,	139,	1718),
(106359,	29,	146,	1718),
(106358,	28,	136,	1718),
(106357,	27,	142,	1718),
(106356,	26,	123,	1718),
(106355,	25,	138,	1718),
(106354,	24,	114,	1718),
(106353,	23,	124,	1718),
(106352,	22,	162,	1718),
(106351,	21,	154,	1718),
(106350,	20,	116,	1718),
(106349,	19,	101,	1718),
(106348,	18,	96,	1718),
(106347,	17,	129,	1718),
(106346,	16,	108,	1718),
(106345,	15,	94,	1718),
(106344,	14,	135,	1718),
(106343,	13,	148,	1718),
(106342,	12,	141,	1718),
(106341,	11,	143,	1718),
(106340,	10,	167,	1718),
(106339,	9,	131,	1718),
(106338,	8,	121,	1718),
(106337,	7,	163,	1718),
(106336,	6,	137,	1718),
(106335,	5,	110,	1718),
(106334,	4,	147,	1718),
(106333,	3,	111,	1718),
(106332,	2,	151,	1718),
(106331,	1,	120,	1718);

DROP TABLE IF EXISTS `cards_of_table`;
CREATE TABLE `cards_of_table` (
  `id_ct` int(10) unsigned NOT NULL AUTO_INCREMENT,
  `id_gt` int(10) unsigned NOT NULL,
  `id_card` int(10) unsigned NOT NULL,
  `place_card` int(2) unsigned NOT NULL,
  PRIMARY KEY (`id_ct`)
) ENGINE=MyISAM DEFAULT CHARSET=cp1251;

INSERT INTO `cards_of_table` (`id_ct`, `id_gt`, `id_card`, `place_card`) VALUES
(33834,	1718,	36,	11);

DROP TABLE IF EXISTS `cards_of_user`;
CREATE TABLE `cards_of_user` (
  `id_cu` int(10) unsigned NOT NULL AUTO_INCREMENT,
  `id_user` int(10) unsigned NOT NULL,
  `id_card` int(10) unsigned NOT NULL,
  `place_card` int(2) unsigned NOT NULL,
  PRIMARY KEY (`id_cu`)
) ENGINE=MyISAM DEFAULT CHARSET=cp1251;

INSERT INTO `cards_of_user` (`id_cu`, `id_user`, `id_card`, `place_card`) VALUES
(2,	1,	90,	21),
(3,	1,	160,	22),
(4,	1,	112,	23);

DROP TABLE IF EXISTS `carried_items`;
CREATE TABLE `carried_items` (
  `id_ci` int(10) unsigned NOT NULL AUTO_INCREMENT,
  `id_user` int(10) unsigned NOT NULL,
  `id_card` int(10) unsigned NOT NULL,
  `place_card` int(2) unsigned NOT NULL,
  PRIMARY KEY (`id_ci`)
) ENGINE=MyISAM DEFAULT CHARSET=cp1251;


DROP TABLE IF EXISTS `discards`;
CREATE TABLE `discards` (
  `id_d` int(10) unsigned NOT NULL AUTO_INCREMENT,
  `num_d` int(3) unsigned NOT NULL,
  `id_card` int(10) unsigned NOT NULL,
  `id_gt` int(10) unsigned NOT NULL,
  PRIMARY KEY (`id_d`)
) ENGINE=MyISAM DEFAULT CHARSET=cp1251;


DROP TABLE IF EXISTS `forum_bans`;
CREATE TABLE `forum_bans` (
  `id` int(10) unsigned NOT NULL AUTO_INCREMENT,
  `username` varchar(200) DEFAULT NULL,
  `ip` varchar(255) DEFAULT NULL,
  `email` varchar(80) DEFAULT NULL,
  `message` varchar(255) DEFAULT NULL,
  `expire` int(10) unsigned DEFAULT NULL,
  `ban_creator` int(10) unsigned NOT NULL DEFAULT '0',
  PRIMARY KEY (`id`)
) ENGINE=MyISAM DEFAULT CHARSET=utf8;


DROP TABLE IF EXISTS `forum_categories`;
CREATE TABLE `forum_categories` (
  `id` int(10) unsigned NOT NULL AUTO_INCREMENT,
  `cat_name` varchar(80) NOT NULL DEFAULT 'New Category',
  `disp_position` int(10) NOT NULL DEFAULT '0',
  PRIMARY KEY (`id`)
) ENGINE=MyISAM DEFAULT CHARSET=utf8;

INSERT INTO `forum_categories` (`id`, `cat_name`, `disp_position`) VALUES
(2,	'Форум',	0);

DROP TABLE IF EXISTS `forum_censoring`;
CREATE TABLE `forum_censoring` (
  `id` int(10) unsigned NOT NULL AUTO_INCREMENT,
  `search_for` varchar(60) NOT NULL DEFAULT '',
  `replace_with` varchar(60) NOT NULL DEFAULT '',
  PRIMARY KEY (`id`)
) ENGINE=MyISAM DEFAULT CHARSET=utf8;


DROP TABLE IF EXISTS `forum_config`;
CREATE TABLE `forum_config` (
  `conf_name` varchar(255) NOT NULL DEFAULT '',
  `conf_value` text,
  PRIMARY KEY (`conf_name`)
) ENGINE=MyISAM DEFAULT CHARSET=utf8;

INSERT INTO `forum_config` (`conf_name`, `conf_value`) VALUES
('o_cur_version',	'1.3.5'),
('o_database_revision',	'4'),
('o_board_title',	'Манчкин Онлайн Форум'),
('o_board_desc',	'Форум funcardgame.ru'),
('o_default_timezone',	'3'),
('o_time_format',	'H:i:s'),
('o_date_format',	'Y-m-d'),
('o_check_for_updates',	'1'),
('o_check_for_versions',	'1'),
('o_timeout_visit',	'5400'),
('o_timeout_online',	'300'),
('o_redirect_delay',	'1'),
('o_show_version',	'0'),
('o_show_user_info',	'1'),
('o_show_post_count',	'1'),
('o_signatures',	'1'),
('o_smilies',	'1'),
('o_smilies_sig',	'1'),
('o_make_links',	'1'),
('o_default_lang',	'Russian'),
('o_default_style',	'Oxygen'),
('o_default_user_group',	'3'),
('o_topic_review',	'15'),
('o_disp_topics_default',	'30'),
('o_disp_posts_default',	'25'),
('o_indent_num_spaces',	'4'),
('o_quote_depth',	'3'),
('o_quickpost',	'1'),
('o_users_online',	'1'),
('o_censoring',	'0'),
('o_ranks',	'1'),
('o_show_dot',	'0'),
('o_topic_views',	'1'),
('o_quickjump',	'1'),
('o_gzip',	'0'),
('o_additional_navlinks',	''),
('o_report_method',	'0'),
('o_regs_report',	'0'),
('o_default_email_setting',	'1'),
('o_mailing_list',	'sychidze@ya.ru'),
('o_avatars',	'1'),
('o_avatars_dir',	'img/avatars'),
('o_avatars_width',	'60'),
('o_avatars_height',	'60'),
('o_avatars_size',	'10240'),
('o_search_all_forums',	'1'),
('o_sef',	'Default'),
('o_admin_email',	'sychidze@ya.ru'),
('o_webmaster_email',	'sychidze@ya.ru'),
('o_subscriptions',	'1'),
('o_smtp_host',	NULL),
('o_smtp_user',	NULL),
('o_smtp_pass',	NULL),
('o_smtp_ssl',	'0'),
('o_regs_allow',	'0'),
('o_regs_verify',	'0'),
('o_announcement',	'0'),
('o_announcement_heading',	'Пример объявления'),
('o_announcement_message',	'<p>Введите текст вашего объявления здесь.</p>'),
('o_rules',	'0'),
('o_rules_message',	'Введите правила здесь.'),
('o_maintenance',	'0'),
('o_maintenance_message',	'Форум временно переведен в режим профилактики. Пожалуйста, попробуйте зайти снова через несколько минут.<br /><br />Администрация'),
('o_default_dst',	'0'),
('p_message_bbcode',	'1'),
('p_message_img_tag',	'1'),
('p_message_all_caps',	'1'),
('p_subject_all_caps',	'1'),
('p_sig_all_caps',	'1'),
('p_sig_bbcode',	'1'),
('p_sig_img_tag',	'0'),
('p_sig_length',	'400'),
('p_sig_lines',	'4'),
('p_allow_banned_email',	'1'),
('p_allow_dupe_email',	'0'),
('p_force_guest_email',	'1');

DROP TABLE IF EXISTS `forum_extensions`;
CREATE TABLE `forum_extensions` (
  `id` varchar(150) NOT NULL DEFAULT '',
  `title` varchar(255) NOT NULL DEFAULT '',
  `version` varchar(25) NOT NULL DEFAULT '',
  `description` text,
  `author` varchar(50) NOT NULL DEFAULT '',
  `uninstall` text,
  `uninstall_note` text,
  `disabled` tinyint(1) NOT NULL DEFAULT '0',
  `dependencies` varchar(255) NOT NULL DEFAULT '',
  PRIMARY KEY (`id`)
) ENGINE=MyISAM DEFAULT CHARSET=utf8;

INSERT INTO `forum_extensions` (`id`, `title`, `version`, `description`, `author`, `uninstall`, `uninstall_note`, `disabled`, `dependencies`) VALUES
('pun_repository',	'PunBB Repository',	'1.2.3',	'Feel free to download and install extensions from PunBB repository.',	'PunBB Development Team',	NULL,	NULL,	0,	'||');

DROP TABLE IF EXISTS `forum_extension_hooks`;
CREATE TABLE `forum_extension_hooks` (
  `id` varchar(150) NOT NULL DEFAULT '',
  `extension_id` varchar(50) NOT NULL DEFAULT '',
  `code` text,
  `installed` int(10) unsigned NOT NULL DEFAULT '0',
  `priority` tinyint(1) unsigned NOT NULL DEFAULT '5',
  PRIMARY KEY (`id`,`extension_id`)
) ENGINE=MyISAM DEFAULT CHARSET=utf8;

INSERT INTO `forum_extension_hooks` (`id`, `extension_id`, `code`, `installed`, `priority`) VALUES
('aex_section_manage_end',	'pun_repository',	'if (file_exists($ext_info[\'path\'].\'/lang/\'.$forum_user[\'language\'].\'/pun_repository.php\'))\n	include $ext_info[\'path\'].\'/lang/\'.$forum_user[\'language\'].\'/pun_repository.php\';\nelse\n	include $ext_info[\'path\'].\'/lang/English/pun_repository.php\';\n\nrequire_once $ext_info[\'path\'].\'/pun_repository.php\';\n\n($hook = get_hook(\'pun_repository_pre_display_ext_list\')) ? eval($hook) : null;\n\n?>\n	<div class=\"main-subhead\">\n		<h2 class=\"hn\"><span><?php echo $lang_pun_repository[\'PunBB Repository\'] ?></span></h2>\n	</div>\n	<div class=\"main-content main-extensions\">\n		<p class=\"content-options options\"><a href=\"<?php echo $base_url ?>/admin/extensions.php?pun_repository_update&amp;csrf_token=<?php echo generate_form_token(\'pun_repository_update\') ?>\"><?php echo $lang_pun_repository[\'Clear cache\'] ?></a></p>\n<?php\n\nif (!defined(\'PUN_REPOSITORY_EXTENSIONS_LOADED\') && file_exists(FORUM_CACHE_DIR.\'cache_pun_repository.php\'))\n	include FORUM_CACHE_DIR.\'cache_pun_repository.php\';\n\nif (!defined(\'FORUM_EXT_VERSIONS_LOADED\') && file_exists(FORUM_CACHE_DIR.\'cache_ext_version_notifications.php\'))\n	include FORUM_CACHE_DIR.\'cache_ext_version_notifications.php\';\n\n// Regenerate cache only if automatic updates are enabled and if the cache is more than 12 hours old\nif (!defined(\'PUN_REPOSITORY_EXTENSIONS_LOADED\') || !defined(\'FORUM_EXT_VERSIONS_LOADED\') || ($pun_repository_extensions_timestamp < $forum_ext_versions_update_cache))\n{\n	$pun_repository_error = \'\';\n\n	if (pun_repository_generate_cache($pun_repository_error))\n	{\n		require FORUM_CACHE_DIR.\'cache_pun_repository.php\';\n	}\n	else\n	{\n\n		?>\n		<div class=\"ct-box warn-box\">\n			<p class=\"warn\"><?php echo $pun_repository_error ?></p>\n		</div>\n		<?php\n\n		// Stop processing hook\n		return;\n	}\n}\n\n$pun_repository_parsed = array();\n$pun_repository_skipped = array();\n\n// Display information about extensions in repository\nforeach ($pun_repository_extensions as $pun_repository_ext)\n{\n	// Skip installed extensions\n	if (isset($inst_exts[$pun_repository_ext[\'id\']]))\n	{\n		$pun_repository_skipped[\'installed\'][] = $pun_repository_ext[\'id\'];\n		continue;\n	}\n\n	// Skip uploaded extensions (including incorrect ones)\n	if (is_dir(FORUM_ROOT.\'extensions/\'.$pun_repository_ext[\'id\']))\n	{\n		$pun_repository_skipped[\'has_dir\'][] = $pun_repository_ext[\'id\'];\n		continue;\n	}\n\n	// Check for unresolved dependencies\n	if (isset($pun_repository_ext[\'dependencies\']))\n		$pun_repository_ext[\'dependencies\'] = pun_repository_check_dependencies($inst_exts, $pun_repository_ext[\'dependencies\']);\n\n	if (empty($pun_repository_ext[\'dependencies\'][\'unresolved\']))\n	{\n		// \'Download and install\' link\n		$pun_repository_ext[\'options\'] = array(\'<a href=\"\'.$base_url.\'/admin/extensions.php?pun_repository_download_and_install=\'.$pun_repository_ext[\'id\'].\'&amp;csrf_token=\'.generate_form_token(\'pun_repository_download_and_install_\'.$pun_repository_ext[\'id\']).\'\">\'.$lang_pun_repository[\'Download and install\'].\'</a>\');\n	}\n	else\n		$pun_repository_ext[\'options\'] = array();\n\n	$pun_repository_parsed[] = $pun_repository_ext[\'id\'];\n\n	// Direct links to archives\n	$pun_repository_ext[\'download_links\'] = array();\n	foreach (array(\'zip\', \'tgz\', \'7z\') as $pun_repository_archive_type)\n		$pun_repository_ext[\'download_links\'][] = \'<a href=\"\'.PUN_REPOSITORY_URL.\'/\'.$pun_repository_ext[\'id\'].\'/\'.$pun_repository_ext[\'id\'].\'.\'.$pun_repository_archive_type.\'\">\'.$pun_repository_archive_type.\'</a>\';\n\n	($hook = get_hook(\'pun_repository_pre_display_ext_info\')) ? eval($hook) : null;\n\n	// Let\'s ptint it all out\n?>\n		<div class=\"ct-box info-box extension available\" id=\"<?php echo $pun_repository_ext[\'id\'] ?>\">\n			<h3 class=\"ct-legend hn\"><span><?php echo forum_htmlencode($pun_repository_ext[\'title\']).\' \'.$pun_repository_ext[\'version\'] ?></span></h3>\n			<p><?php echo forum_htmlencode($pun_repository_ext[\'description\']) ?></p>\n<?php\n\n	// List extension dependencies\n	if (!empty($pun_repository_ext[\'dependencies\'][\'dependency\']))\n		echo \'\n			<p>\', $lang_pun_repository[\'Dependencies:\'], \' \', implode(\', \', $pun_repository_ext[\'dependencies\'][\'dependency\']), \'</p>\';\n\n?>\n			<p><?php echo $lang_pun_repository[\'Direct download links:\'], \' \', implode(\' \', $pun_repository_ext[\'download_links\']) ?></p>\n<?php\n\n	// List unresolved dependencies\n	if (!empty($pun_repository_ext[\'dependencies\'][\'unresolved\']))\n		echo \'\n			<div class=\"ct-box warn-box\">\n				<p class=\"warn\">\', $lang_pun_repository[\'Resolve dependencies:\'], \' \', implode(\', \', array_map(create_function(\'$dep\', \'return \\\'<a href=\"#\\\'.$dep.\\\'\">\\\'.$dep.\\\'</a>\\\';\'), $pun_repository_ext[\'dependencies\'][\'unresolved\'])), \'</p>\n			</div>\';\n\n	// Actions\n	if (!empty($pun_repository_ext[\'options\']))\n		echo \'\n			<p class=\"options\">\', implode(\' \', $pun_repository_ext[\'options\']), \'</p>\';\n\n?>\n		</div>\n<?php\n\n}\n\n?>\n		<div class=\"ct-box warn-box\">\n			<p class=\"warn\"><?php echo $lang_pun_repository[\'Files mode and owner\'] ?></p>\n		</div>\n<?php\n\nif (empty($pun_repository_parsed) && (count($pun_repository_skipped[\'installed\']) > 0 || count($pun_repository_skipped[\'has_dir\']) > 0))\n{\n	($hook = get_hook(\'pun_repository_no_extensions\')) ? eval($hook) : null;\n\n	?>\n		<div class=\"ct-box info-box\">\n			<p class=\"warn\"><?php echo $lang_pun_repository[\'All installed or downloaded\'] ?></p>\n		</div>\n	<?php\n\n}\n\n($hook = get_hook(\'pun_repository_after_ext_list\')) ? eval($hook) : null;\n\n?>\n	</div>\n<?php',	1304646541,	5),
('aex_new_action',	'pun_repository',	'// Clear pun_repository cache\nif (isset($_GET[\'pun_repository_update\']))\n{\n	// Validate CSRF token\n	if (!isset($_POST[\'csrf_token\']) && (!isset($_GET[\'csrf_token\']) || $_GET[\'csrf_token\'] !== generate_form_token(\'pun_repository_update\')))\n		csrf_confirm_form();\n\n	if (file_exists($ext_info[\'path\'].\'/lang/\'.$forum_user[\'language\'].\'/pun_repository.php\'))\n		include $ext_info[\'path\'].\'/lang/\'.$forum_user[\'language\'].\'/pun_repository.php\';\n	else\n		include $ext_info[\'path\'].\'/lang/English/pun_repository.php\';\n\n	@unlink(FORUM_CACHE_DIR.\'cache_pun_repository.php\');\n	if (file_exists(FORUM_CACHE_DIR.\'cache_pun_repository.php\'))\n		message($lang_pun_repository[\'Unable to remove cached file\'], \'\', $lang_pun_repository[\'PunBB Repository\']);\n\n	redirect($base_url.\'/admin/extensions.php?section=manage\', $lang_pun_repository[\'Cache has been successfully cleared\']);\n}\n\nif (isset($_GET[\'pun_repository_download_and_install\']))\n{\n	$ext_id = preg_replace(\'/[^0-9a-z_]/\', \'\', $_GET[\'pun_repository_download_and_install\']);\n\n	// Validate CSRF token\n	if (!isset($_POST[\'csrf_token\']) && (!isset($_GET[\'csrf_token\']) || $_GET[\'csrf_token\'] !== generate_form_token(\'pun_repository_download_and_install_\'.$ext_id)))\n		csrf_confirm_form();\n\n	// TODO: Should we check again for unresolved dependencies here?\n\n	if (file_exists($ext_info[\'path\'].\'/lang/\'.$forum_user[\'language\'].\'/pun_repository.php\'))\n		include $ext_info[\'path\'].\'/lang/\'.$forum_user[\'language\'].\'/pun_repository.php\';\n	else\n		include $ext_info[\'path\'].\'/lang/English/pun_repository.php\';\n\n	require_once $ext_info[\'path\'].\'/pun_repository.php\';\n\n	($hook = get_hook(\'pun_repository_download_and_install_start\')) ? eval($hook) : null;\n\n	// Download extension\n	$pun_repository_error = pun_repository_download_extension($ext_id, $ext_data);\n\n	if ($pun_repository_error == \'\')\n	{\n		if (empty($ext_data))\n			redirect($base_url.\'/admin/extensions.php?section=manage\', $lang_pun_repository[\'Incorrect manifest.xml\']);\n\n		// Validate manifest\n		$errors = validate_manifest($ext_data, $ext_id);\n		if (!empty($errors))\n			redirect($base_url.\'/admin/extensions.php?section=manage\', $lang_pun_repository[\'Incorrect manifest.xml\']);\n\n		// Everything is OK. Start installation.\n		redirect($base_url.\'/admin/extensions.php?install=\'.urlencode($ext_id), $lang_pun_repository[\'Download successful\']);\n	}\n\n	($hook = get_hook(\'pun_repository_download_and_install_end\')) ? eval($hook) : null;\n}\n\n// Handling the download and update extension action\nif (isset($_GET[\'pun_repository_download_and_update\']))\n{\n	$ext_id = preg_replace(\'/[^0-9a-z_]/\', \'\', $_GET[\'pun_repository_download_and_update\']);\n\n	// Validate CSRF token\n	if (!isset($_POST[\'csrf_token\']) && (!isset($_GET[\'csrf_token\']) || $_GET[\'csrf_token\'] !== generate_form_token(\'pun_repository_download_and_update_\'.$ext_id)))\n		csrf_confirm_form();\n\n	if (file_exists($ext_info[\'path\'].\'/lang/\'.$forum_user[\'language\'].\'/pun_repository.php\'))\n		include $ext_info[\'path\'].\'/lang/\'.$forum_user[\'language\'].\'/pun_repository.php\';\n	else\n		include $ext_info[\'path\'].\'/lang/English/pun_repository.php\';\n\n	require_once $ext_info[\'path\'].\'/pun_repository.php\';\n\n	$pun_repository_error = \'\';\n\n	($hook = get_hook(\'pun_repository_download_and_update_start\')) ? eval($hook) : null;\n\n	@pun_repository_rm_recursive(FORUM_ROOT.\'extensions/\'.$ext_id.\'.old\');\n\n	// Check dependancies\n	$query = array(\n		\'SELECT\'	=> \'e.id\',\n		\'FROM\'		=> \'extensions AS e\',\n		\'WHERE\'		=> \'e.disabled=0 AND e.dependencies LIKE \\\'%|\'.$forum_db->escape($ext_id).\'|%\\\'\'\n	);\n\n	($hook = get_hook(\'aex_qr_get_disable_dependencies\')) ? eval($hook) : null;\n	$result = $forum_db->query_build($query) or error(__FILE__, __LINE__);\n\n	if ($forum_db->num_rows($result) != 0)\n	{\n		$dependency = $forum_db->fetch_assoc($result);\n		$pun_repository_error = sprintf($lang_admin[\'Disable dependency\'], $dependency[\'id\']);\n	}\n\n	if ($pun_repository_error == \'\' && ($ext_id != $ext_info[\'id\']))\n	{\n		// Disable extension\n		$query = array(\n			\'UPDATE\'	=> \'extensions\',\n			\'SET\'		=> \'disabled=1\',\n			\'WHERE\'		=> \'id=\\\'\'.$forum_db->escape($ext_id).\'\\\'\'\n		);\n\n		($hook = get_hook(\'aex_qr_update_disabled_status\')) ? eval($hook) : null;\n		$forum_db->query_build($query) or error(__FILE__, __LINE__);\n\n		// Regenerate the hooks cache\n		require_once FORUM_ROOT.\'include/cache.php\';\n		generate_hooks_cache();\n	}\n\n	if ($pun_repository_error == \'\')\n	{\n		if ($ext_id == $ext_info[\'id\'])\n		{\n			// Hey! That\'s me!\n			// All the necessary files should be included before renaming old directory\n			// NOTE: Self-updating is to be tested more in real-life conditions\n			if (!defined(\'PUN_REPOSITORY_TAR_EXTRACT_INCLUDED\'))\n				require $ext_info[\'path\'].\'/pun_repository_tar_extract.php\';\n		}\n\n		$pun_repository_error = pun_repository_download_extension($ext_id, $ext_data, FORUM_ROOT.\'extensions/\'.$ext_id.\'.new\'); // Download the extension\n\n		if ($pun_repository_error == \'\')\n		{\n			if (is_writable(FORUM_ROOT.\'extensions/\'.$ext_id))\n				pun_repository_dir_copy(FORUM_ROOT.\'extensions/\'.$ext_id.\'.new/\'.$ext_id, FORUM_ROOT.\'extensions/\'.$ext_id);\n			else\n				$pun_repository_error = sprintf($lang_pun_repository[\'Copy fail\'], FORUM_ROOT.\'extensions/\'.$ext_id);\n		}\n	}\n\n	if ($pun_repository_error == \'\')\n	{\n		// Do we have extension data at all? :-)\n		if (empty($ext_data))\n			$errors = array(true);\n\n		// Validate manifest\n		if (empty($errors))\n			$errors = validate_manifest($ext_data, $ext_id);\n\n		if (!empty($errors))\n			$pun_repository_error = $lang_pun_repository[\'Incorrect manifest.xml\'];\n	}\n\n	if ($pun_repository_error == \'\')\n	{\n		($hook = get_hook(\'pun_repository_download_and_update_ok\')) ? eval($hook) : null;\n\n		// Everything is OK. Start installation.\n		pun_repository_rm_recursive(FORUM_ROOT.\'extensions/\'.$ext_id.\'.new\');\n		redirect($base_url.\'/admin/extensions.php?install=\'.urlencode($ext_id), $lang_pun_repository[\'Download successful\']);\n	}\n\n	($hook = get_hook(\'pun_repository_download_and_update_error\')) ? eval($hook) : null;\n\n	// Enable extension\n	$query = array(\n		\'UPDATE\'	=> \'extensions\',\n		\'SET\'		=> \'disabled=0\',\n		\'WHERE\'		=> \'id=\\\'\'.$forum_db->escape($ext_id).\'\\\'\'\n	);\n\n	($hook = get_hook(\'aex_qr_update_enabled_status\')) ? eval($hook) : null;\n	$forum_db->query_build($query) or error(__FILE__, __LINE__);\n\n	// Regenerate the hooks cache\n	require_once FORUM_ROOT.\'include/cache.php\';\n	generate_hooks_cache();\n\n	($hook = get_hook(\'pun_repository_download_and_update_end\')) ? eval($hook) : null;\n}\n\n// Do we have some error?\nif (!empty($pun_repository_error))\n{\n	// Setup breadcrumbs\n	$forum_page[\'crumbs\'] = array(\n		array($forum_config[\'o_board_title\'], forum_link($forum_url[\'index\'])),\n		array($lang_admin_common[\'Forum administration\'], forum_link($forum_url[\'admin_index\'])),\n		array($lang_admin_common[\'Extensions\'], forum_link($forum_url[\'admin_extensions_manage\'])),\n		array($lang_admin_common[\'Manage extensions\'], forum_link($forum_url[\'admin_extensions_manage\'])),\n		$lang_pun_repository[\'PunBB Repository\']\n	);\n\n	($hook = get_hook(\'pun_repository__pre_header_load\')) ? eval($hook) : null;\n\n	define(\'FORUM_PAGE_SECTION\', \'extensions\');\n	define(\'FORUM_PAGE\', \'admin-extensions-pun-repository\');\n	require FORUM_ROOT.\'header.php\';\n\n	// START SUBST - <!-- forum_main -->\n	ob_start();\n\n	($hook = get_hook(\'pun_repository_display_error_output_start\')) ? eval($hook) : null;\n\n?>\n	<div class=\"main-subhead\">\n		<h2 class=\"hn\"><span><?php echo $lang_pun_repository[\'PunBB Repository\'] ?></span></h2>\n	</div>\n	<div class=\"main-content\">\n		<div class=\"ct-box warn-box\">\n			<p class=\"warn\"><?php echo $pun_repository_error ?></p>\n		</div>\n	</div>\n<?php\n\n	($hook = get_hook(\'pun_repository_display_error_pre_ob_end\')) ? eval($hook) : null;\n\n	$tpl_temp = trim(ob_get_contents());\n	$tpl_main = str_replace(\'<!-- forum_main -->\', $tpl_temp, $tpl_main);\n	ob_end_clean();\n	// END SUBST - <!-- forum_main -->\n\n	require FORUM_ROOT.\'footer.php\';\n}',	1304646541,	5),
('aex_section_manage_pre_header_load',	'pun_repository',	'if (file_exists($ext_info[\'path\'].\'/lang/\'.$forum_user[\'language\'].\'/pun_repository.php\'))\n	include $ext_info[\'path\'].\'/lang/\'.$forum_user[\'language\'].\'/pun_repository.php\';\nelse\n	include $ext_info[\'path\'].\'/lang/English/pun_repository.php\';\n\nrequire_once $ext_info[\'path\'].\'/pun_repository.php\';\n\nif (!defined(\'PUN_REPOSITORY_EXTENSIONS_LOADED\') && file_exists(FORUM_CACHE_DIR.\'cache_pun_repository.php\'))\n	include FORUM_CACHE_DIR.\'cache_pun_repository.php\';\n\nif (!defined(\'FORUM_EXT_VERSIONS_LOADED\') && file_exists(FORUM_CACHE_DIR.\'cache_ext_version_notifications.php\'))\n	include FORUM_CACHE_DIR.\'cache_ext_version_notifications.php\';\n\n// Regenerate cache only if automatic updates are enabled and if the cache is more than 12 hours old\nif (!defined(\'PUN_REPOSITORY_EXTENSIONS_LOADED\') || !defined(\'FORUM_EXT_VERSIONS_LOADED\') || ($pun_repository_extensions_timestamp < $forum_ext_versions_update_cache))\n{\n	if (pun_repository_generate_cache($pun_repository_error))\n		require FORUM_CACHE_DIR.\'cache_pun_repository.php\';\n}',	1304646541,	5),
('aex_section_manage_pre_ext_actions',	'pun_repository',	'if (defined(\'PUN_REPOSITORY_EXTENSIONS_LOADED\') && isset($pun_repository_extensions[$id]) && version_compare($ext[\'version\'], $pun_repository_extensions[$id][\'version\'], \'<\') && is_writable(FORUM_ROOT.\'extensions/\'.$id))\n{\n	// Check for unresolved dependencies\n	if (isset($pun_repository_extensions[$id][\'dependencies\']))\n		$pun_repository_extensions[$id][\'dependencies\'] = pun_repository_check_dependencies($inst_exts, $pun_repository_extensions[$id][\'dependencies\']);\n\n	if (empty($pun_repository_extensions[$id][\'dependencies\'][\'unresolved\']))\n		$forum_page[\'ext_actions\'][] = \'<span><a href=\"\'.$base_url.\'/admin/extensions.php?pun_repository_download_and_update=\'.$id.\'&amp;csrf_token=\'.generate_form_token(\'pun_repository_download_and_update_\'.$id).\'\">\'.$lang_pun_repository[\'Download and update\'].\'</a></span>\';\n}',	1304646541,	5),
('co_common',	'pun_repository',	'$pun_extensions_used = array_merge(isset($pun_extensions_used) ? $pun_extensions_used : array(), array($ext_info[\'id\']));',	1304646541,	5),
('ft_about_end',	'pun_repository',	'if (!defined(\'PUN_EXTENSIONS_USED\') && !empty($pun_extensions_used))\n{\n	define(\'PUN_EXTENSIONS_USED\', 1);\n	if (count($pun_extensions_used) == 1)\n		echo \'<p style=\"clear: both; \">The \'.$pun_extensions_used[0].\' official extension is installed. Copyright &copy; 2003&ndash;2009 <a href=\"http://punbb.informer.com/\">PunBB</a>.</p>\';\n	else\n		echo \'<p style=\"clear: both; \">Currently installed <span id=\"extensions-used\" title=\"\'.implode(\', \', $pun_extensions_used).\'.\">\'.count($pun_extensions_used).\' official extensions</span>. Copyright &copy; 2003&ndash;2009 <a href=\"http://punbb.informer.com/\">PunBB</a>.</p>\';\n}',	1304646541,	9);

DROP TABLE IF EXISTS `forum_forums`;
CREATE TABLE `forum_forums` (
  `id` int(10) unsigned NOT NULL AUTO_INCREMENT,
  `forum_name` varchar(80) NOT NULL DEFAULT 'New forum',
  `forum_desc` text,
  `redirect_url` varchar(100) DEFAULT NULL,
  `moderators` text,
  `num_topics` mediumint(8) unsigned NOT NULL DEFAULT '0',
  `num_posts` mediumint(8) unsigned NOT NULL DEFAULT '0',
  `last_post` int(10) unsigned DEFAULT NULL,
  `last_post_id` int(10) unsigned DEFAULT NULL,
  `last_poster` varchar(200) DEFAULT NULL,
  `sort_by` tinyint(1) NOT NULL DEFAULT '0',
  `disp_position` int(10) NOT NULL DEFAULT '0',
  `cat_id` int(10) unsigned NOT NULL DEFAULT '0',
  PRIMARY KEY (`id`)
) ENGINE=MyISAM DEFAULT CHARSET=utf8;

INSERT INTO `forum_forums` (`id`, `forum_name`, `forum_desc`, `redirect_url`, `moderators`, `num_topics`, `num_posts`, `last_post`, `last_post_id`, `last_poster`, `sort_by`, `disp_position`, `cat_id`) VALUES
(3,	'Предложения и пожелания',	'Предложения и пожелания по развитию проекта Манчкин онлайн',	NULL,	NULL,	1,	89,	1305851028,	327,	'admin',	0,	5,	2),
(2,	'Общий',	'Общие вопросы, перепись манчкиновцев и всех заинтересованных лиц',	NULL,	NULL,	1,	4,	1305848587,	326,	'msf_lisiy',	0,	1,	2),
(4,	'Вопросы по правилам',	'Вопросы по правилам: как настольного Манчкина, так и онлайн версии Манчкина. Один вопрос - одна тема. Пользуйтесь поиском.',	NULL,	NULL,	4,	10,	1305846785,	323,	'msf_lisiy',	0,	4,	2),
(5,	'Обсуждение игры',	'Обсуждаем, сравниваем, спорим и др.',	NULL,	NULL,	1,	3,	1305846939,	324,	'msf_lisiy',	0,	3,	2),
(6,	'Новости',	'Новости проекта и настольного манчкина',	NULL,	NULL,	1,	10,	1305702865,	310,	'admin',	0,	2,	2);

DROP TABLE IF EXISTS `forum_forum_perms`;
CREATE TABLE `forum_forum_perms` (
  `group_id` int(10) NOT NULL DEFAULT '0',
  `forum_id` int(10) NOT NULL DEFAULT '0',
  `read_forum` tinyint(1) NOT NULL DEFAULT '1',
  `post_replies` tinyint(1) NOT NULL DEFAULT '1',
  `post_topics` tinyint(1) NOT NULL DEFAULT '1',
  PRIMARY KEY (`group_id`,`forum_id`)
) ENGINE=MyISAM DEFAULT CHARSET=utf8;

INSERT INTO `forum_forum_perms` (`group_id`, `forum_id`, `read_forum`, `post_replies`, `post_topics`) VALUES
(3,	6,	1,	0,	0);

DROP TABLE IF EXISTS `forum_groups`;
CREATE TABLE `forum_groups` (
  `g_id` int(10) unsigned NOT NULL AUTO_INCREMENT,
  `g_title` varchar(50) NOT NULL DEFAULT '',
  `g_user_title` varchar(50) DEFAULT NULL,
  `g_moderator` tinyint(1) NOT NULL DEFAULT '0',
  `g_mod_edit_users` tinyint(1) NOT NULL DEFAULT '0',
  `g_mod_rename_users` tinyint(1) NOT NULL DEFAULT '0',
  `g_mod_change_passwords` tinyint(1) NOT NULL DEFAULT '0',
  `g_mod_ban_users` tinyint(1) NOT NULL DEFAULT '0',
  `g_read_board` tinyint(1) NOT NULL DEFAULT '1',
  `g_view_users` tinyint(1) NOT NULL DEFAULT '1',
  `g_post_replies` tinyint(1) NOT NULL DEFAULT '1',
  `g_post_topics` tinyint(1) NOT NULL DEFAULT '1',
  `g_edit_posts` tinyint(1) NOT NULL DEFAULT '1',
  `g_delete_posts` tinyint(1) NOT NULL DEFAULT '1',
  `g_delete_topics` tinyint(1) NOT NULL DEFAULT '1',
  `g_set_title` tinyint(1) NOT NULL DEFAULT '1',
  `g_search` tinyint(1) NOT NULL DEFAULT '1',
  `g_search_users` tinyint(1) NOT NULL DEFAULT '1',
  `g_send_email` tinyint(1) NOT NULL DEFAULT '1',
  `g_post_flood` smallint(6) NOT NULL DEFAULT '30',
  `g_search_flood` smallint(6) NOT NULL DEFAULT '30',
  `g_email_flood` smallint(6) NOT NULL DEFAULT '60',
  PRIMARY KEY (`g_id`)
) ENGINE=MyISAM DEFAULT CHARSET=utf8;

INSERT INTO `forum_groups` (`g_id`, `g_title`, `g_user_title`, `g_moderator`, `g_mod_edit_users`, `g_mod_rename_users`, `g_mod_change_passwords`, `g_mod_ban_users`, `g_read_board`, `g_view_users`, `g_post_replies`, `g_post_topics`, `g_edit_posts`, `g_delete_posts`, `g_delete_topics`, `g_set_title`, `g_search`, `g_search_users`, `g_send_email`, `g_post_flood`, `g_search_flood`, `g_email_flood`) VALUES
(1,	'Administrators',	'Administrator',	0,	0,	0,	0,	0,	1,	1,	1,	1,	1,	1,	1,	1,	1,	1,	1,	0,	0,	0),
(2,	'Guest',	NULL,	0,	0,	0,	0,	0,	1,	1,	0,	0,	0,	0,	0,	0,	1,	1,	0,	60,	30,	0),
(3,	'Members',	NULL,	0,	0,	0,	0,	0,	1,	1,	1,	1,	1,	1,	1,	0,	1,	1,	1,	60,	30,	60),
(4,	'Moderators',	'Moderator',	1,	1,	1,	1,	1,	1,	1,	1,	1,	1,	1,	1,	1,	1,	1,	1,	0,	0,	0);

DROP TABLE IF EXISTS `forum_online`;
CREATE TABLE `forum_online` (
  `user_id` int(10) unsigned NOT NULL DEFAULT '1',
  `ident` varchar(200) NOT NULL DEFAULT '',
  `logged` int(10) unsigned NOT NULL DEFAULT '0',
  `idle` tinyint(1) NOT NULL DEFAULT '0',
  `csrf_token` varchar(40) NOT NULL DEFAULT '',
  `prev_url` varchar(255) DEFAULT NULL,
  `last_post` int(10) unsigned DEFAULT NULL,
  `last_search` int(10) unsigned DEFAULT NULL,
  UNIQUE KEY `forum_online_user_id_ident_idx` (`user_id`,`ident`(25)),
  KEY `forum_online_ident_idx` (`ident`(25)),
  KEY `forum_online_logged_idx` (`logged`)
) ENGINE=MEMORY DEFAULT CHARSET=utf8;


DROP TABLE IF EXISTS `forum_posts`;
CREATE TABLE `forum_posts` (
  `id` int(10) unsigned NOT NULL AUTO_INCREMENT,
  `poster` varchar(200) NOT NULL DEFAULT '',
  `poster_id` int(10) unsigned NOT NULL DEFAULT '1',
  `poster_ip` varchar(39) DEFAULT NULL,
  `poster_email` varchar(80) DEFAULT NULL,
  `message` text,
  `hide_smilies` tinyint(1) NOT NULL DEFAULT '0',
  `posted` int(10) unsigned NOT NULL DEFAULT '0',
  `edited` int(10) unsigned DEFAULT NULL,
  `edited_by` varchar(200) DEFAULT NULL,
  `topic_id` int(10) unsigned NOT NULL DEFAULT '0',
  PRIMARY KEY (`id`),
  KEY `forum_posts_topic_id_idx` (`topic_id`),
  KEY `forum_posts_multi_idx` (`poster_id`,`topic_id`),
  KEY `forum_posts_posted_idx` (`posted`)
) ENGINE=MyISAM DEFAULT CHARSET=utf8;


DROP TABLE IF EXISTS `forum_ranks`;
CREATE TABLE `forum_ranks` (
  `id` int(10) unsigned NOT NULL AUTO_INCREMENT,
  `rank` varchar(50) NOT NULL DEFAULT '',
  `min_posts` mediumint(8) unsigned NOT NULL DEFAULT '0',
  PRIMARY KEY (`id`)
) ENGINE=MyISAM DEFAULT CHARSET=utf8;

INSERT INTO `forum_ranks` (`id`, `rank`, `min_posts`) VALUES
(1,	'Новый участник',	0),
(2,	'Участник',	10);

DROP TABLE IF EXISTS `forum_reports`;
CREATE TABLE `forum_reports` (
  `id` int(10) unsigned NOT NULL AUTO_INCREMENT,
  `post_id` int(10) unsigned NOT NULL DEFAULT '0',
  `topic_id` int(10) unsigned NOT NULL DEFAULT '0',
  `forum_id` int(10) unsigned NOT NULL DEFAULT '0',
  `reported_by` int(10) unsigned NOT NULL DEFAULT '0',
  `created` int(10) unsigned NOT NULL DEFAULT '0',
  `message` text,
  `zapped` int(10) unsigned DEFAULT NULL,
  `zapped_by` int(10) unsigned DEFAULT NULL,
  PRIMARY KEY (`id`),
  KEY `forum_reports_zapped_idx` (`zapped`)
) ENGINE=MyISAM DEFAULT CHARSET=utf8;


DROP TABLE IF EXISTS `forum_search_cache`;
CREATE TABLE `forum_search_cache` (
  `id` int(10) unsigned NOT NULL DEFAULT '0',
  `ident` varchar(200) NOT NULL DEFAULT '',
  `search_data` text,
  PRIMARY KEY (`id`),
  KEY `forum_search_cache_ident_idx` (`ident`(8))
) ENGINE=MyISAM DEFAULT CHARSET=utf8;

INSERT INTO `forum_search_cache` (`id`, `ident`, `search_data`) VALUES
(1425719890,	'dragl',	'a:4:{s:14:\"search_results\";s:1:\"3\";s:7:\"sort_by\";i:0;s:8:\"sort_dir\";s:4:\"DESC\";s:7:\"show_as\";s:6:\"topics\";}');

DROP TABLE IF EXISTS `forum_search_matches`;
CREATE TABLE `forum_search_matches` (
  `post_id` int(10) unsigned NOT NULL DEFAULT '0',
  `word_id` int(10) unsigned NOT NULL DEFAULT '0',
  `subject_match` tinyint(1) NOT NULL DEFAULT '0',
  KEY `forum_search_matches_word_id_idx` (`word_id`),
  KEY `forum_search_matches_post_id_idx` (`post_id`)
) ENGINE=MyISAM DEFAULT CHARSET=utf8;


DROP TABLE IF EXISTS `forum_search_words`;
CREATE TABLE `forum_search_words` (
  `id` int(10) unsigned NOT NULL AUTO_INCREMENT,
  `word` varchar(20) CHARACTER SET utf8 COLLATE utf8_bin NOT NULL DEFAULT '',
  PRIMARY KEY (`word`),
  KEY `forum_search_words_id_idx` (`id`)
) ENGINE=MyISAM DEFAULT CHARSET=utf8;


DROP TABLE IF EXISTS `forum_subscriptions`;
CREATE TABLE `forum_subscriptions` (
  `user_id` int(10) unsigned NOT NULL DEFAULT '0',
  `topic_id` int(10) unsigned NOT NULL DEFAULT '0',
  PRIMARY KEY (`user_id`,`topic_id`)
) ENGINE=MyISAM DEFAULT CHARSET=utf8;

INSERT INTO `forum_subscriptions` (`user_id`, `topic_id`) VALUES
(732,	8),
(732,	9),
(974,	3);

DROP TABLE IF EXISTS `forum_topics`;
CREATE TABLE `forum_topics` (
  `id` int(10) unsigned NOT NULL AUTO_INCREMENT,
  `poster` varchar(200) NOT NULL DEFAULT '',
  `subject` varchar(255) NOT NULL DEFAULT '',
  `posted` int(10) unsigned NOT NULL DEFAULT '0',
  `first_post_id` int(10) unsigned NOT NULL DEFAULT '0',
  `last_post` int(10) unsigned NOT NULL DEFAULT '0',
  `last_post_id` int(10) unsigned NOT NULL DEFAULT '0',
  `last_poster` varchar(200) DEFAULT NULL,
  `num_views` mediumint(8) unsigned NOT NULL DEFAULT '0',
  `num_replies` mediumint(8) unsigned NOT NULL DEFAULT '0',
  `closed` tinyint(1) NOT NULL DEFAULT '0',
  `sticky` tinyint(1) NOT NULL DEFAULT '0',
  `moved_to` int(10) unsigned DEFAULT NULL,
  `forum_id` int(10) unsigned NOT NULL DEFAULT '0',
  PRIMARY KEY (`id`),
  KEY `forum_topics_forum_id_idx` (`forum_id`),
  KEY `forum_topics_moved_to_idx` (`moved_to`),
  KEY `forum_topics_last_post_idx` (`last_post`),
  KEY `forum_topics_first_post_id_idx` (`first_post_id`)
) ENGINE=MyISAM DEFAULT CHARSET=utf8;

INSERT INTO `forum_topics` (`id`, `poster`, `subject`, `posted`, `first_post_id`, `last_post`, `last_post_id`, `last_poster`, `num_views`, `num_replies`, `closed`, `sticky`, `moved_to`, `forum_id`) VALUES
(3,	'admin',	'Предложения по развитию Манчкина онлайн',	1304653069,	4,	1305851028,	327,	'admin',	894,	88,	0,	0,	NULL,	3),
(2,	'admin',	'Новости проекта',	1304653002,	3,	1305702865,	310,	'admin',	312,	9,	0,	0,	NULL,	6),
(4,	'admin',	'Помощь в создании домашних правил Манчкина Онлайн',	1304653140,	5,	1304653140,	5,	'admin',	82,	0,	0,	0,	NULL,	4),
(5,	'Valnar',	'Вопрос по \"Клирику\"',	1304681896,	228,	1305846939,	324,	'msf_lisiy',	95,	2,	0,	0,	NULL,	5),
(6,	'Valnar',	'Вопрос по \"Клирику\"',	1304681970,	229,	1305846785,	323,	'msf_lisiy',	81,	2,	0,	0,	NULL,	4),
(7,	'Karabas',	'Здесь можно оставить заявку на игру.',	1304753904,	235,	1305848587,	326,	'msf_lisiy',	106,	3,	0,	0,	NULL,	2),
(8,	'Arbnos',	'Мародёрство',	1305706420,	312,	1305768111,	318,	'kronos853',	31,	2,	0,	0,	NULL,	4),
(9,	'Arbnos',	'Сброс карт',	1305752958,	315,	1305768028,	317,	'kronos853',	22,	2,	0,	0,	NULL,	4);

DROP TABLE IF EXISTS `forum_users`;
CREATE TABLE `forum_users` (
  `id` int(10) unsigned NOT NULL AUTO_INCREMENT,
  `group_id` int(10) unsigned NOT NULL DEFAULT '3',
  `username` varchar(200) NOT NULL DEFAULT '',
  `password` varchar(40) NOT NULL DEFAULT '',
  `salt` varchar(12) DEFAULT NULL,
  `email` varchar(80) NOT NULL DEFAULT '',
  `title` varchar(50) DEFAULT NULL,
  `realname` varchar(40) DEFAULT NULL,
  `url` varchar(100) DEFAULT NULL,
  `jabber` varchar(80) DEFAULT NULL,
  `icq` varchar(12) DEFAULT NULL,
  `msn` varchar(80) DEFAULT NULL,
  `aim` varchar(30) DEFAULT NULL,
  `yahoo` varchar(30) DEFAULT NULL,
  `location` varchar(30) DEFAULT NULL,
  `signature` text,
  `disp_topics` tinyint(3) unsigned DEFAULT NULL,
  `disp_posts` tinyint(3) unsigned DEFAULT NULL,
  `email_setting` tinyint(1) NOT NULL DEFAULT '1',
  `notify_with_post` tinyint(1) NOT NULL DEFAULT '0',
  `auto_notify` tinyint(1) NOT NULL DEFAULT '0',
  `show_smilies` tinyint(1) NOT NULL DEFAULT '1',
  `show_img` tinyint(1) NOT NULL DEFAULT '1',
  `show_img_sig` tinyint(1) NOT NULL DEFAULT '1',
  `show_avatars` tinyint(1) NOT NULL DEFAULT '1',
  `show_sig` tinyint(1) NOT NULL DEFAULT '1',
  `access_keys` tinyint(1) NOT NULL DEFAULT '0',
  `timezone` float NOT NULL DEFAULT '0',
  `dst` tinyint(1) NOT NULL DEFAULT '0',
  `time_format` int(10) unsigned NOT NULL DEFAULT '0',
  `date_format` int(10) unsigned NOT NULL DEFAULT '0',
  `language` varchar(25) NOT NULL DEFAULT 'English',
  `style` varchar(25) NOT NULL DEFAULT 'Oxygen',
  `num_posts` int(10) unsigned NOT NULL DEFAULT '0',
  `last_post` int(10) unsigned DEFAULT NULL,
  `last_search` int(10) unsigned DEFAULT NULL,
  `last_email_sent` int(10) unsigned DEFAULT NULL,
  `registered` int(10) unsigned NOT NULL DEFAULT '0',
  `registration_ip` varchar(39) NOT NULL DEFAULT '0.0.0.0',
  `last_visit` int(10) unsigned NOT NULL DEFAULT '0',
  `admin_note` varchar(30) DEFAULT NULL,
  `activate_string` varchar(80) DEFAULT NULL,
  `activate_key` varchar(8) DEFAULT NULL,
  PRIMARY KEY (`id`),
  KEY `forum_users_registered_idx` (`registered`),
  KEY `forum_users_username_idx` (`username`(8))
) ENGINE=MyISAM DEFAULT CHARSET=utf8;

INSERT INTO `forum_users` (`id`, `group_id`, `username`, `password`, `salt`, `email`, `title`, `realname`, `url`, `jabber`, `icq`, `msn`, `aim`, `yahoo`, `location`, `signature`, `disp_topics`, `disp_posts`, `email_setting`, `notify_with_post`, `auto_notify`, `show_smilies`, `show_img`, `show_img_sig`, `show_avatars`, `show_sig`, `access_keys`, `timezone`, `dst`, `time_format`, `date_format`, `language`, `style`, `num_posts`, `last_post`, `last_search`, `last_email_sent`, `registered`, `registration_ip`, `last_visit`, `admin_note`, `activate_string`, `activate_key`) VALUES
(1,	2,	'Guest',	'Guest',	NULL,	'Guest',	NULL,	NULL,	NULL,	NULL,	NULL,	NULL,	NULL,	NULL,	NULL,	NULL,	NULL,	NULL,	1,	0,	0,	1,	1,	1,	1,	1,	0,	0,	0,	0,	0,	'English',	'Oxygen',	0,	NULL,	NULL,	NULL,	0,	'0.0.0.0',	0,	NULL,	NULL,	NULL),
(2,	1,	'admin',	'7b2b7a88594fabdc55eb648c11dd5bfbfbc2cf3e',	'@Sg~#b^o|h/1',	'sychidze@ya.ru',	NULL,	NULL,	NULL,	NULL,	NULL,	NULL,	NULL,	NULL,	NULL,	NULL,	NULL,	NULL,	1,	0,	0,	1,	1,	1,	1,	1,	0,	0,	0,	0,	0,	'Russian',	'Oxygen',	44,	1305851028,	NULL,	NULL,	1304646541,	'127.0.0.1',	1305876212,	NULL,	NULL,	NULL);

DROP TABLE IF EXISTS `friends`;
CREATE TABLE `friends` (
  `id` int(11) NOT NULL AUTO_INCREMENT,
  `user1` int(11) NOT NULL,
  `user2` int(11) NOT NULL,
  `status` smallint(1) NOT NULL DEFAULT '0',
  PRIMARY KEY (`id`)
) ENGINE=MyISAM DEFAULT CHARSET=utf8;

INSERT INTO `friends` (`id`, `user1`, `user2`, `status`) VALUES
(1,	18,	1,	1),
(2,	18,	11,	0),
(16,	770,	858,	1),
(11,	594,	512,	0),
(12,	455,	770,	1),
(13,	455,	697,	0),
(14,	455,	599,	1),
(15,	830,	944,	0),
(17,	741,	959,	1),
(18,	969,	264,	0),
(19,	455,	612,	0),
(20,	991,	974,	1),
(21,	974,	492,	0),
(22,	1000,	997,	0),
(23,	1000,	1001,	0),
(24,	1002,	991,	1),
(25,	991,	1005,	1),
(28,	1006,	964,	1),
(27,	1006,	961,	0),
(29,	964,	859,	0),
(30,	969,	1016,	1),
(31,	524,	469,	1),
(32,	964,	961,	0);

DROP TABLE IF EXISTS `gamechat`;
CREATE TABLE `gamechat` (
  `time` varchar(32) NOT NULL,
  `id_gt` int(11) NOT NULL,
  `id_user` int(11) NOT NULL,
  `login` varchar(64) NOT NULL,
  `text` varchar(256) NOT NULL,
  `type` int(11) NOT NULL,
  KEY `id_gt` (`id_gt`)
) ENGINE=MyISAM DEFAULT CHARSET=utf8;

INSERT INTO `gamechat` (`time`, `id_gt`, `id_user`, `login`, `text`, `type`) VALUES
('1401690552',	1718,	1,	'admin(1)',	'Игра началась! Всем  автоматически роздано по 2 карты дверей и по 2 карты сокровищ. Мочите монстров, хапайте сокровища, подставляй друзей. Удачи всем!',	1),
('1401690552',	1718,	1,	'admin(1)',	'<b> admin </b> ходит первым',	1),
('1401690570',	1718,	1,	'admin(1)',	' бросил карту  : <b>Волшебник</b> с руки на стол',	0),
('1401690586',	1718,	1,	'admin(1)',	'<b></b> 7777',	0),
('1401690594',	1718,	1,	'admin(1)',	'заявил что он <b>ПАС</b>',	0),
('1401690605',	1718,	1,	'admin(1)',	' вы не можете закончить ход! Вы должны открыть одну дверь (перетянув карту из колоды дверей на игровой стол) или если вы клирик - взять карту из сброса!',	0);

DROP TABLE IF EXISTS `game_tables`;
CREATE TABLE `game_tables` (
  `id_gt` int(10) unsigned NOT NULL AUTO_INCREMENT,
  `name` varchar(30) NOT NULL,
  `creator` varchar(20) NOT NULL,
  `gt_status` int(1) NOT NULL DEFAULT '0',
  `timestamp` int(10) NOT NULL,
  `start_game` int(10) NOT NULL,
  `num_user` int(1) NOT NULL,
  `limit_user` int(1) NOT NULL,
  `active_user` int(10) unsigned NOT NULL DEFAULT '0',
  `help_me` int(10) unsigned NOT NULL,
  PRIMARY KEY (`id_gt`)
) ENGINE=MyISAM DEFAULT CHARSET=cp1251;

INSERT INTO `game_tables` (`id_gt`, `name`, `creator`, `gt_status`, `timestamp`, `start_game`, `num_user`, `limit_user`, `active_user`, `help_me`) VALUES
(1718,	'111222',	'admin',	1,	1401690569,	1401690551,	1,	3,	1,	0);

DROP TABLE IF EXISTS `messages`;
CREATE TABLE `messages` (
  `id` int(11) NOT NULL AUTO_INCREMENT,
  `to` int(11) NOT NULL,
  `from` int(11) NOT NULL,
  `subject` varchar(128) NOT NULL,
  `text` mediumtext NOT NULL,
  `date` varchar(32) NOT NULL,
  `isread` smallint(1) NOT NULL DEFAULT '0',
  PRIMARY KEY (`id`)
) ENGINE=MyISAM DEFAULT CHARSET=utf8;

INSERT INTO `messages` (`id`, `to`, `from`, `subject`, `text`, `date`, `isread`) VALUES
(1,	18,	1,	'Новый друг',	'Пользователь admin успешно добавлен в список друзей',	'1305247894',	1),
(2,	18,	1,	'Привет',	'Привет',	'1305247916',	1),
(3,	1,	18,	'Re: Привет',	'Привет привет!!!',	'1305247951',	1),
(5,	1,	18,	'Баг с редактированием профиля',	'Привет. На форуме сегодня писали про проблемы с редактированием профиля. Я уже исправил.',	'1305335973',	1),
(6,	1,	18,	'Кто онлайн',	'Я сделал возможность просмотра списка пользователей &quot;онлайн&quot;. На главной странице там где показывается сколько онлайн теперь ссылка. И еще небольшая правка, теперь в профиле адрес сайта как ссылка',	'1305348705',	1),
(7,	18,	1,	'Re: Баг с редактированием профиля',	'Отлично уже проверял)',	'1305354759',	1),
(8,	18,	1,	'Re: Кто онлайн',	'Сразу зашел увидел нововведение, класс.',	'1305354789',	1),
(9,	1,	18,	'Небольшие улучшения в кабинете',	'Сделал несколько улучшений юзабилити в личном кабинете. Попутно отловил несколько незначимых багов.',	'1305410311',	1),
(10,	18,	1,	'Re: Небольшие улучшения в кабинете',	'Однозначно поиск стал удобнее',	'1305433715',	1),
(13,	455,	599,	'Новый друг',	'Пользователь Kareglazaya успешно добавлен в список друзей',	'1305490585',	0),
(14,	771,	18,	'Удаление из списка друзей',	'Пользователь kirSeNN удалил вас их списка друзей',	'1305492563',	0),
(15,	455,	770,	'Новый друг',	'Пользователь Von_Teckel успешно добавлен в список друзей',	'1305494269',	0),
(16,	770,	858,	'Новый друг',	'Пользователь funny успешно добавлен в список друзей',	'1305494385',	1),
(17,	741,	959,	'Новый друг',	'Пользователь Galchonok успешно добавлен в список друзей',	'1305541718',	1),
(18,	1,	18,	'Небольшие улучшения',	'Сделал едва заметные улучшения по части авторизации, теперь после логина/разлогина не отправляется на другую страницу. Можно смотреть другие игры и кто онлайн без авторизации. Еще думаю уже пора прикрутить куки, авторизация постоянно слетает.',	'1305627378',	1),
(19,	974,	991,	'блин',	'БЛИН!!! Работать же надо!!!',	'1305627466',	0),
(20,	1,	18,	'Еще',	'Отключил возможность удалять личные сообщения. Т.к. если юзер удалит у себя входящее, то у собеседника удалится исходящее также.',	'1305627826',	1),
(21,	18,	1,	'Re: Небольшие улучшения',	'это точно, замечал не один раз',	'1305629441',	1),
(22,	18,	1,	'Re: Еще',	'логично',	'1305629525',	1),
(23,	991,	974,	'Новый друг',	'Пользователь buggy успешно добавлен в список друзей',	'1305633229',	1),
(24,	997,	1000,	')',	'привет)',	'1305647433',	0),
(25,	997,	1000,	'1',	'создай стол',	'1305647557',	0),
(26,	1001,	1000,	'1',	'привет',	'1305647607',	0),
(27,	1001,	1000,	'1',	'привет',	'1305647636',	0),
(28,	1001,	1003,	'1',	'Привет!',	'1305651154',	0),
(29,	997,	1003,	'2',	'Приивет!',	'1305651186',	0),
(30,	1002,	991,	'Новый друг',	'Пользователь worty успешно добавлен в список друзей',	'1305651195',	0),
(31,	991,	1005,	'Новый друг',	'Пользователь Kella успешно добавлен в список друзей',	'1305652054',	1),
(32,	1006,	964,	'Новый друг',	'Пользователь bloodsucker успешно добавлен в список друзей',	'1305666403',	0),
(33,	969,	1016,	'Новый друг',	'Пользователь gosha6797912 успешно добавлен в список друзей',	'1305719560',	0),
(34,	1023,	1011,	'приглос',	'привет - играть будем?',	'1305825097',	0),
(35,	977,	1011,	'приглос',	'привет - играть будем?',	'1305825115',	0),
(36,	732,	1011,	'приглос',	'привет - играть будем?',	'1305825131',	0),
(37,	1037,	1011,	'приглос',	'привет - играть будем?',	'1305825158',	0),
(38,	847,	264,	'Стол ждет',	'ИГраем?',	'1305831659',	1),
(39,	524,	469,	'Новый друг',	'Пользователь GrafDemetry успешно добавлен в список друзей',	'1305833310',	0),
(40,	847,	1011,	'Привет',	'приветик Кристина, когда играть будем?',	'1305871181',	1),
(41,	1011,	847,	'Re: Привет',	'играем...но нас 2 =)...сорри что так долго...не знала что есть личка',	'1305872670',	0);

DROP TABLE IF EXISTS `minichat`;
CREATE TABLE `minichat` (
  `time` varchar(32) NOT NULL,
  `id_user` int(11) NOT NULL,
  `login` varchar(32) NOT NULL,
  `text` varchar(256) NOT NULL,
  KEY `time` (`time`)
) ENGINE=MyISAM DEFAULT CHARSET=utf8;

INSERT INTO `minichat` (`time`, `id_user`, `login`, `text`) VALUES
('1305877280',	1,	'admin',	'Привет'),
('1401690437',	1,	'admin(1)',	'Hello!');

DROP TABLE IF EXISTS `statistics`;
CREATE TABLE `statistics` (
  `id` int(8) NOT NULL AUTO_INCREMENT,
  `time` varchar(32) NOT NULL,
  `ip` varchar(20) NOT NULL,
  `req` varchar(256) NOT NULL,
  `ref` varchar(384) NOT NULL,
  `browser` varchar(128) NOT NULL,
  `temp` int(1) NOT NULL,
  UNIQUE KEY `id` (`id`)
) ENGINE=MyISAM DEFAULT CHARSET=cp1251;

INSERT INTO `statistics` (`id`, `time`, `ip`, `req`, `ref`, `browser`, `temp`) VALUES
(59,	'1401690556',	'127.0.0.1',	'/munchkin/game.php',	'http://localhost/munchkin/gamemenu.php',	'Mozilla/5.0 (Windows NT 6.2) AppleWebKit/537.36 (KHTML, like Gecko) Chrome/35.0.1916.114 Safari/537.36',	0);

DROP TABLE IF EXISTS `statistic_game`;
CREATE TABLE `statistic_game` (
  `id_statgame` int(10) unsigned NOT NULL AUTO_INCREMENT,
  `id_gt` int(10) unsigned NOT NULL DEFAULT '0',
  `name_gt` varchar(30) NOT NULL,
  `id_user` int(10) unsigned NOT NULL,
  `winner` varchar(20) NOT NULL,
  `num_user` int(1) NOT NULL,
  `pro` int(1) unsigned NOT NULL DEFAULT '0',
  `con` int(1) unsigned NOT NULL DEFAULT '0',
  `vote` int(1) NOT NULL DEFAULT '0',
  `time_limit` int(10) unsigned NOT NULL,
  `start_game` int(10) unsigned NOT NULL,
  `end_game` int(10) unsigned NOT NULL,
  `status_game` varchar(30) NOT NULL,
  PRIMARY KEY (`id_statgame`)
) ENGINE=MyISAM DEFAULT CHARSET=cp1251;

INSERT INTO `statistic_game` (`id_statgame`, `id_gt`, `name_gt`, `id_user`, `winner`, `num_user`, `pro`, `con`, `vote`, `time_limit`, `start_game`, `end_game`, `status_game`) VALUES
(1,	1,	'newtable',	1,	'0',	2,	0,	0,	0,	0,	1302607586,	1302609435,	'delete_game_hole'),
(2,	1,	'newtable',	9,	'0',	2,	0,	0,	0,	0,	1302607586,	1302609435,	'delete_game_hole'),
(3,	2,	'newtable',	1,	'0',	1,	0,	0,	0,	0,	1302610719,	1302652484,	'delete_game_hole'),
(4,	3,	'qwert',	13,	'0',	1,	0,	0,	0,	0,	1302628593,	1302628605,	'delete_game_user<2'),
(5,	4,	'qwert',	13,	'0',	1,	0,	0,	0,	0,	1302628810,	1302628863,	'delete_game_user<2'),
(6,	5,	'123',	14,	'0',	1,	0,	0,	0,	0,	1302631388,	1302631401,	'delete_game_user<2'),
(7,	6,	'First_game',	1,	'0',	2,	0,	0,	0,	0,	1302652832,	1302653981,	'delete_game_user<2'),
(8,	6,	'First_game',	15,	'0',	2,	0,	0,	0,	0,	1302652832,	1302653981,	'delete_game_user<2'),
(9,	7,	'asd',	1,	'0',	3,	0,	0,	0,	0,	1302653999,	1304591895,	'old_game'),
(10,	7,	'asd',	19,	'0',	3,	0,	0,	0,	0,	1302653999,	1304591895,	'old_game'),
(11,	7,	'asd',	20,	'0',	3,	0,	0,	0,	0,	1302653999,	1304591895,	'old_game'),
(12,	8,	'test',	1,	'admin',	3,	3,	0,	1,	0,	1302654398,	1302658597,	'end_game_victory'),
(13,	8,	'test',	16,	'admin',	3,	3,	0,	1,	0,	1302654398,	1302658597,	'end_game_victory'),
(14,	8,	'test',	20,	'admin',	3,	3,	0,	1,	0,	1302654398,	1302658597,	'end_game_victory'),
(15,	9,	'gggg',	1,	'0',	1,	0,	0,	0,	0,	1302670116,	1302670185,	'delete_game_hole'),
(16,	10,	'first_stol',	20,	'0',	1,	0,	0,	0,	0,	1302670212,	1302672799,	'delete_game_hole'),
(17,	11,	'qwerty',	18,	'0',	1,	0,	0,	0,	0,	1302670595,	1302671874,	'delete_game_hole'),
(18,	12,	'ddd',	1,	'0',	1,	0,	0,	0,	0,	1302670809,	1302673221,	'delete_game_hole'),
(19,	13,	'second',	4,	'0',	2,	0,	0,	0,	0,	1302672834,	1302673238,	'delete_game_hole'),
(20,	13,	'second',	20,	'0',	2,	0,	0,	0,	0,	1302672834,	1302673238,	'delete_game_hole'),
(21,	14,	'botanik',	22,	'0',	1,	0,	0,	0,	0,	1302672977,	1304591895,	'old_game'),
(22,	15,	'third',	4,	'0',	2,	0,	0,	0,	0,	1302673388,	1302689975,	'delete_game_hole'),
(23,	15,	'third',	20,	'0',	2,	0,	0,	0,	0,	1302673388,	1302689975,	'delete_game_hole'),
(24,	16,	'mytable',	1,	'0',	1,	0,	0,	0,	0,	1302676702,	1302681149,	'delete_game_hole'),
(25,	17,	'Socrat_test',	10,	'0',	1,	0,	0,	0,	0,	1302676793,	1302676875,	'delete_game_hole'),
(26,	19,	'123',	18,	'0',	1,	0,	0,	0,	0,	1302677916,	1302679125,	'delete_game_hole'),
(27,	20,	'qwe',	18,	'kirSeNN',	1,	1,	0,	1,	0,	1302679353,	1302679689,	'end_game_victory'),
(28,	21,	'ckjvn',	18,	'kirSeNN',	1,	1,	0,	1,	0,	1302679744,	1302679754,	'end_game_victory'),
(29,	22,	'qdqwdqd',	18,	'kirSeNN',	1,	1,	0,	1,	0,	1302679766,	1302679775,	'end_game_victory'),
(30,	23,	'wqdqwdqwd',	18,	'kirSeNN',	1,	1,	0,	1,	0,	1302679785,	1302679795,	'end_game_victory'),
(31,	24,	'123456',	18,	'kirSeNN',	1,	1,	0,	1,	0,	1302679814,	1302679834,	'end_game_victory'),
(32,	25,	'gbrfbfrgt',	18,	'0',	1,	0,	0,	0,	0,	1302680111,	1302682795,	'delete_game_hole'),
(33,	26,	'Socrat_test',	1,	'0',	3,	0,	0,	0,	0,	1302681161,	1302681474,	'delete_game_hole'),
(34,	26,	'Socrat_test',	10,	'0',	3,	0,	0,	0,	0,	1302681161,	1302681474,	'delete_game_hole'),
(35,	26,	'Socrat_test',	23,	'0',	3,	0,	0,	0,	0,	1302681161,	1302681474,	'delete_game_hole'),
(36,	27,	'bam',	24,	'0',	1,	0,	0,	0,	0,	1302686779,	1302686951,	'delete_game_hole'),
(37,	28,	'bam',	1,	'0',	2,	0,	0,	0,	0,	1302687696,	1302688884,	'delete_game_hole'),
(38,	28,	'bam',	24,	'0',	2,	0,	0,	0,	0,	1302687696,	1302688884,	'delete_game_hole'),
(39,	29,	'tema',	24,	'skandal',	2,	2,	0,	1,	0,	1302689017,	1302700667,	'end_game_victory'),
(40,	29,	'tema',	25,	'skandal',	2,	2,	0,	1,	0,	1302689017,	1302700667,	'end_game_victory'),
(41,	30,	'one',	26,	'0',	1,	0,	0,	0,	0,	1302689480,	1302690024,	'delete_game_hole'),
(42,	31,	'new_table',	20,	'0',	2,	0,	0,	0,	0,	1302690069,	1302692312,	'delete_game_hole'),
(43,	31,	'new_table',	26,	'0',	2,	0,	0,	0,	0,	1302690069,	1302692312,	'delete_game_hole'),
(44,	32,	'Socrat_test',	10,	'0',	1,	0,	0,	0,	0,	1302691169,	1302691392,	'delete_game_hole'),
(45,	33,	'Mytable',	1,	'0',	1,	0,	0,	0,	0,	1302691559,	1302691578,	'delete_game_hole'),
(46,	34,	'STOL',	28,	'0',	1,	0,	0,	0,	0,	1302691822,	1302692005,	'delete_game_hole'),
(47,	36,	'mytable',	11,	'0',	2,	0,	0,	0,	0,	1302692240,	1302692321,	'delete_game_hole'),
(48,	36,	'mytable',	28,	'0',	2,	0,	0,	0,	0,	1302692240,	1302692321,	'delete_game_hole'),
(49,	37,	'XXX',	11,	'0',	4,	0,	0,	0,	0,	1302692366,	1302693845,	'delete_game_hole'),
(50,	37,	'XXX',	20,	'0',	4,	0,	0,	0,	0,	1302692366,	1302693845,	'delete_game_hole'),
(51,	37,	'XXX',	26,	'0',	4,	0,	0,	0,	0,	1302692366,	1302693845,	'delete_game_hole'),
(52,	37,	'XXX',	28,	'0',	4,	0,	0,	0,	0,	1302692366,	1302693845,	'delete_game_hole'),
(53,	39,	'stol',	26,	'0',	2,	0,	0,	0,	0,	1302694085,	1302694333,	'delete_game_hole'),
(54,	39,	'stol',	28,	'0',	2,	0,	0,	0,	0,	1302694085,	1302694333,	'delete_game_hole'),
(55,	40,	'stol',	26,	'0',	3,	0,	0,	0,	0,	1302694396,	1302695316,	'delete_game_hole'),
(56,	40,	'stol',	28,	'0',	3,	0,	0,	0,	0,	1302694396,	1302695316,	'delete_game_hole'),
(57,	40,	'stol',	29,	'0',	3,	0,	0,	0,	0,	1302694396,	1302695316,	'delete_game_hole'),
(58,	41,	'stol',	26,	'0',	3,	0,	0,	0,	0,	1302695350,	1302709426,	'delete_game_hole'),
(59,	41,	'stol',	28,	'0',	3,	0,	0,	0,	0,	1302695350,	1302709426,	'delete_game_hole'),
(60,	41,	'stol',	29,	'0',	3,	0,	0,	0,	0,	1302695350,	1302709426,	'delete_game_hole'),
(61,	42,	'Socrat_test',	10,	'0',	1,	0,	0,	0,	0,	1302695567,	1302695700,	'delete_game_hole'),
(62,	43,	'ooo',	1,	'0',	1,	0,	0,	0,	0,	1302700209,	1302700266,	'delete_game_hole'),
(63,	44,	'one',	26,	'0',	1,	0,	0,	0,	0,	1302704772,	1302704930,	'delete_game_hole'),
(64,	45,	'one',	26,	'0',	1,	0,	0,	0,	0,	1302705286,	1302705352,	'delete_game_hole'),
(65,	46,	'razdelochnyi',	30,	'0',	1,	0,	0,	0,	0,	1302705570,	1302705639,	'delete_game_hole'),
(66,	47,	'tema',	24,	'0',	1,	0,	0,	0,	0,	1302707007,	1302707143,	'delete_game_hole'),
(67,	48,	'qwert',	13,	'0',	1,	0,	0,	0,	0,	1302709171,	1304591895,	'old_game'),
(68,	49,	'qwe',	28,	'0',	1,	0,	0,	0,	0,	1302709450,	1302709740,	'delete_game_hole'),
(69,	50,	'gothere',	31,	'0',	1,	0,	0,	0,	0,	1302709942,	1304591895,	'old_game'),
(70,	51,	'qqq',	28,	'0',	1,	0,	0,	0,	0,	1302710722,	1302710762,	'delete_game_hole'),
(71,	52,	'123',	14,	'0',	1,	0,	0,	0,	0,	1302712463,	1302712624,	'delete_game_hole'),
(72,	53,	'proba',	32,	'0',	1,	0,	0,	0,	0,	1302713996,	1302714262,	'delete_game_hole'),
(73,	54,	'assd',	33,	'0',	1,	0,	0,	0,	0,	1302714295,	1302715412,	'delete_game_hole'),
(74,	55,	'proba',	32,	'acute',	1,	1,	0,	1,	0,	1302714815,	1302715135,	'end_game_victory'),
(75,	56,	'assd',	33,	'OverHit',	1,	1,	0,	1,	0,	1302715478,	1302715734,	'end_game_victory'),
(76,	57,	'table',	35,	'0',	1,	0,	0,	0,	0,	1302739195,	1304591895,	'old_game'),
(77,	58,	'ррр',	15,	'0',	1,	0,	0,	0,	0,	1302748124,	1302748249,	'delete_game_hole'),
(78,	59,	'Test',	36,	'0',	1,	0,	0,	0,	0,	1302751914,	1302834424,	'delete_game_hole'),
(79,	60,	'STOL',	28,	'Papazool',	2,	2,	0,	1,	0,	1302756441,	1302762157,	'end_game_victory'),
(80,	60,	'STOL',	29,	'Papazool',	2,	2,	0,	1,	0,	1302756441,	1302762157,	'end_game_victory'),
(81,	61,	'xxxx',	1,	'0',	1,	0,	0,	0,	0,	1302761469,	1302768024,	'delete_game_hole'),
(82,	62,	'one',	26,	'0',	1,	0,	0,	0,	0,	1302766917,	1302767359,	'delete_game_hole'),
(83,	63,	'First',	37,	'0',	1,	0,	0,	0,	0,	1302767785,	1302768000,	'delete_game_hole'),
(84,	64,	'fuf',	37,	'0',	1,	0,	0,	0,	0,	1302768010,	1304591895,	'old_game'),
(85,	67,	'STOL',	27,	'0',	2,	0,	0,	0,	0,	1302772296,	1302772358,	'delete_game_hole'),
(86,	67,	'STOL',	29,	'0',	2,	0,	0,	0,	0,	1302772296,	1302772358,	'delete_game_hole'),
(87,	69,	'STOOOL',	27,	'0',	3,	0,	0,	0,	0,	1302773330,	1302773634,	'delete_game_hole'),
(88,	69,	'STOOOL',	24,	'0',	3,	0,	0,	0,	0,	1302773330,	1302773634,	'delete_game_hole'),
(89,	69,	'STOOOL',	29,	'0',	3,	0,	0,	0,	0,	1302773330,	1302773634,	'delete_game_hole'),
(90,	70,	'STOOOL',	27,	'0',	4,	0,	0,	0,	0,	1302773686,	1302796226,	'delete_game_hole'),
(91,	70,	'STOOOL',	24,	'0',	4,	0,	0,	0,	0,	1302773686,	1302796226,	'delete_game_hole'),
(92,	70,	'STOOOL',	26,	'0',	4,	0,	0,	0,	0,	1302773686,	1302796226,	'delete_game_hole'),
(93,	70,	'STOOOL',	29,	'0',	4,	0,	0,	0,	0,	1302773686,	1302796226,	'delete_game_hole'),
(94,	71,	'TEST2',	38,	'0',	1,	0,	0,	0,	0,	1302777096,	1302777232,	'delete_game_hole'),
(95,	72,	'Stol',	39,	'0',	1,	0,	0,	0,	0,	1302780934,	1302781250,	'delete_game_hole'),
(96,	73,	'Stol',	39,	'0',	1,	0,	0,	0,	0,	1302781571,	1302781582,	'delete_game_hole'),
(97,	75,	'1111',	40,	'0',	1,	0,	0,	0,	0,	1302786757,	1304591895,	'old_game'),
(98,	76,	'Inoob',	41,	'0',	1,	0,	0,	0,	0,	1302790003,	1302790213,	'delete_game_hole'),
(99,	77,	'ппп',	41,	'0',	1,	0,	0,	0,	0,	1302790217,	1303240667,	'delete_game_hole'),
(100,	78,	'roll',	42,	'0',	1,	0,	0,	0,	0,	1302793601,	1304591895,	'old_game'),
(101,	79,	'Stol',	24,	'mun4kin',	3,	3,	0,	1,	0,	1302796307,	1302800423,	'end_game_victory'),
(102,	79,	'Stol',	39,	'mun4kin',	3,	3,	0,	1,	0,	1302796307,	1302800423,	'end_game_victory'),
(103,	79,	'Stol',	44,	'mun4kin',	3,	3,	0,	1,	0,	1302796307,	1302800423,	'end_game_victory'),
(104,	80,	'sdasfsdf',	45,	'0',	1,	0,	0,	0,	0,	1302798321,	1302799337,	'delete_game_hole'),
(105,	81,	'sdfsaf',	45,	'0',	1,	0,	0,	0,	0,	1302799352,	1302799415,	'delete_game_hole'),
(106,	82,	'ttt',	48,	'0',	1,	0,	0,	0,	0,	1302802170,	1302802249,	'delete_game_hole'),
(107,	83,	'Trololo',	47,	'0',	3,	0,	0,	0,	0,	1302803899,	1302804392,	'delete_game_hole'),
(108,	83,	'Trololo',	48,	'0',	3,	0,	0,	0,	0,	1302803899,	1302804392,	'delete_game_hole'),
(109,	83,	'Trololo',	49,	'0',	3,	0,	0,	0,	0,	1302803899,	1302804392,	'delete_game_hole'),
(110,	84,	'Trololo',	27,	'0',	3,	0,	0,	0,	0,	1302804485,	1302804780,	'delete_game_hole'),
(111,	84,	'Trololo',	49,	'0',	3,	0,	0,	0,	0,	1302804485,	1302804780,	'delete_game_hole'),
(112,	84,	'Trololo',	50,	'0',	3,	0,	0,	0,	0,	1302804485,	1302804780,	'delete_game_hole'),
(113,	85,	'Trololo',	48,	'0',	2,	0,	0,	0,	0,	1302804863,	1302805530,	'delete_game_hole'),
(114,	85,	'Trololo',	49,	'0',	2,	0,	0,	0,	0,	1302804863,	1302805530,	'delete_game_hole'),
(115,	86,	'Trololo',	49,	'0',	1,	0,	0,	0,	0,	1302805765,	1302805781,	'delete_game_hole'),
(116,	88,	'Trololo',	39,	'0',	3,	0,	0,	0,	0,	1302812880,	1302879351,	'delete_game_hole'),
(117,	88,	'Trololo',	49,	'0',	3,	0,	0,	0,	0,	1302812880,	1302879351,	'delete_game_hole'),
(118,	88,	'Trololo',	51,	'0',	3,	0,	0,	0,	0,	1302812880,	1302879351,	'delete_game_hole'),
(119,	89,	'stol',	39,	'0',	2,	0,	0,	0,	0,	1302813195,	1302814900,	'delete_game_hole'),
(120,	89,	'stol',	52,	'0',	2,	0,	0,	0,	0,	1302813195,	1302814900,	'delete_game_hole'),
(121,	90,	'111',	53,	'0',	1,	0,	0,	0,	0,	1302814717,	1302814768,	'delete_game_hole'),
(122,	91,	'Stol',	52,	'0',	2,	0,	0,	0,	0,	1302815093,	1302815138,	'delete_game_hole'),
(123,	91,	'Stol',	53,	'0',	2,	0,	0,	0,	0,	1302815093,	1302815138,	'delete_game_hole'),
(124,	92,	'Stol',	39,	'0',	4,	0,	0,	0,	0,	1302815257,	1302885478,	'delete_game_hole'),
(125,	92,	'Stol',	52,	'0',	4,	0,	0,	0,	0,	1302815257,	1302885478,	'delete_game_hole'),
(126,	92,	'Stol',	53,	'0',	4,	0,	0,	0,	0,	1302815257,	1302885478,	'delete_game_hole'),
(127,	92,	'Stol',	54,	'0',	4,	0,	0,	0,	0,	1302815257,	1302885478,	'delete_game_hole'),
(128,	93,	'mun4',	44,	'mun4kin',	2,	2,	0,	1,	0,	1302818644,	1302820047,	'end_game_victory'),
(129,	93,	'mun4',	55,	'mun4kin',	2,	2,	0,	1,	0,	1302818644,	1302820047,	'end_game_victory'),
(130,	94,	'111',	53,	'0',	1,	0,	0,	0,	0,	1302819690,	1302819705,	'delete_game_hole'),
(131,	95,	'game',	56,	'0',	2,	0,	0,	0,	0,	1302828784,	1302829228,	'delete_game_hole'),
(132,	95,	'game',	57,	'0',	2,	0,	0,	0,	0,	1302828784,	1302829228,	'delete_game_hole'),
(133,	96,	'game',	56,	'0',	1,	0,	0,	0,	0,	1302829327,	1302829431,	'delete_game_hole'),
(134,	97,	'game',	56,	'0',	1,	0,	0,	0,	0,	1302829504,	1302829510,	'delete_game_hole'),
(135,	98,	'game',	56,	'0',	1,	0,	0,	0,	0,	1302829695,	1302829703,	'delete_game_hole'),
(136,	99,	'game',	56,	'0',	1,	0,	0,	0,	0,	1302829903,	1302829910,	'delete_game_hole'),
(137,	100,	'vvv',	59,	'0',	1,	0,	0,	0,	0,	1302835795,	1302835875,	'delete_game_hole'),
(138,	102,	'Test',	64,	'0',	1,	0,	0,	0,	0,	1302844894,	1302852593,	'delete_game_hole'),
(139,	103,	'xxx',	1,	'0',	1,	0,	0,	0,	0,	1302845830,	1302846358,	'delete_game_hole'),
(140,	104,	'123',	65,	'0',	1,	0,	0,	0,	0,	1302847656,	1302847720,	'delete_game_hole'),
(141,	105,	'STOOOL',	27,	'0',	3,	0,	0,	0,	0,	1302848148,	1303043697,	'delete_game_hole'),
(142,	105,	'STOOOL',	26,	'0',	3,	0,	0,	0,	0,	1302848148,	1303043697,	'delete_game_hole'),
(143,	105,	'STOOOL',	29,	'0',	3,	0,	0,	0,	0,	1302848148,	1303043697,	'delete_game_hole'),
(144,	106,	'test2',	66,	'0',	1,	0,	0,	0,	0,	1302851841,	1302851883,	'delete_game_hole'),
(145,	107,	'123',	68,	'0',	1,	0,	0,	0,	0,	1302852798,	1302852806,	'delete_game_hole'),
(146,	108,	'xxx',	1,	'0',	1,	0,	0,	0,	0,	1302854077,	1302854372,	'delete_game_hole'),
(147,	110,	'new',	10,	'0',	2,	0,	0,	0,	0,	1302855715,	1302856182,	'delete_game_hole'),
(148,	110,	'new',	44,	'0',	2,	0,	0,	0,	0,	1302855715,	1302856182,	'delete_game_hole'),
(149,	112,	'xxx',	1,	'0',	1,	0,	0,	0,	0,	1302858545,	1302858559,	'delete_game_hole'),
(150,	111,	'Tisch',	38,	'0',	3,	0,	0,	0,	0,	1302858716,	1303026230,	'delete_game_hole'),
(151,	111,	'Tisch',	52,	'0',	3,	0,	0,	0,	0,	1302858716,	1303026230,	'delete_game_hole'),
(152,	111,	'Tisch',	73,	'0',	3,	0,	0,	0,	0,	1302858716,	1303026230,	'delete_game_hole'),
(153,	113,	'111',	53,	'0',	1,	0,	0,	0,	0,	1302860463,	1302860580,	'delete_game_hole'),
(154,	114,	'Mad',	53,	'0',	2,	0,	0,	0,	0,	1302861019,	1302870731,	'delete_game_hole'),
(155,	114,	'Mad',	76,	'0',	2,	0,	0,	0,	0,	1302861019,	1302870731,	'delete_game_hole'),
(156,	115,	'aaa',	70,	'0',	3,	0,	0,	0,	0,	1302861764,	1304591895,	'old_game'),
(157,	115,	'aaa',	78,	'0',	3,	0,	0,	0,	0,	1302861764,	1304591895,	'old_game'),
(158,	115,	'aaa',	80,	'0',	3,	0,	0,	0,	0,	1302861764,	1304591895,	'old_game'),
(159,	116,	'111',	81,	'0',	1,	0,	0,	0,	0,	1302862089,	1302862449,	'delete_game_hole'),
(160,	117,	'gogo',	82,	'0',	1,	0,	0,	0,	0,	1302862443,	1302862583,	'delete_game_hole'),
(161,	118,	'gogo',	82,	'0',	1,	0,	0,	0,	0,	1302863002,	1302863169,	'delete_game_hole'),
(162,	119,	'111',	53,	'0',	1,	0,	0,	0,	0,	1302863063,	1302879183,	'delete_game_hole'),
(163,	121,	'heh',	47,	'Mir0v0i',	2,	2,	0,	1,	0,	1302870159,	1302876403,	'end_game_victory'),
(164,	121,	'heh',	86,	'Mir0v0i',	2,	2,	0,	1,	0,	1302870159,	1302876403,	'end_game_victory'),
(165,	122,	'123',	87,	'0',	1,	0,	0,	0,	0,	1302870185,	1304591895,	'old_game'),
(166,	123,	'Socrat_test',	10,	'0',	1,	0,	0,	0,	0,	1302870657,	1302870756,	'delete_game_hole'),
(167,	124,	'qwerty',	76,	'mad_cucumber',	1,	1,	0,	1,	0,	1302870772,	1302871476,	'end_game_victory'),
(168,	125,	'Socrat_test',	10,	'0',	1,	0,	0,	0,	0,	1302870976,	1302871173,	'delete_game_hole'),
(169,	126,	'one',	89,	'0',	1,	0,	0,	0,	0,	1302874404,	1302874540,	'delete_game_hole'),
(170,	128,	'one',	89,	'0',	1,	0,	0,	0,	0,	1302874573,	1302877090,	'delete_game_hole'),
(171,	129,	'sila',	90,	'0',	1,	0,	0,	0,	0,	1302876421,	1304591895,	'old_game'),
(172,	130,	'one',	89,	'0',	1,	0,	0,	0,	0,	1302877290,	1302878435,	'delete_game_hole'),
(173,	132,	'ONE',	89,	'bergil',	2,	2,	0,	1,	0,	1302878490,	1302885970,	'end_game_victory'),
(174,	132,	'ONE',	92,	'bergil',	2,	2,	0,	1,	0,	1302878490,	1302885970,	'end_game_victory'),
(175,	133,	'che',	49,	'0',	2,	0,	0,	0,	0,	1302879386,	1302915573,	'delete_game_hole'),
(176,	133,	'che',	57,	'0',	2,	0,	0,	0,	0,	1302879386,	1302915573,	'delete_game_hole'),
(177,	134,	'Zahodim',	49,	'0',	2,	0,	0,	0,	0,	1302879644,	1302960191,	'delete_game_hole'),
(178,	134,	'Zahodim',	94,	'0',	2,	0,	0,	0,	0,	1302879644,	1302960191,	'delete_game_hole'),
(179,	135,	'Rezith',	95,	'0',	1,	0,	0,	0,	0,	1302880172,	1302880360,	'delete_game_hole'),
(180,	136,	'Socrat_test',	10,	'0',	1,	0,	0,	0,	0,	1302880261,	1302880408,	'delete_game_hole'),
(181,	137,	'111111',	95,	'0',	2,	0,	0,	0,	0,	1302880687,	1304591895,	'old_game'),
(182,	137,	'111111',	96,	'0',	2,	0,	0,	0,	0,	1302880687,	1304591895,	'old_game'),
(183,	138,	'bbb',	95,	'0',	1,	0,	0,	0,	0,	1302881395,	1304591895,	'old_game'),
(186,	141,	'Lululu',	91,	'0',	3,	0,	0,	0,	0,	1302882613,	1302886018,	'delete_game_hole'),
(185,	141,	'Lululu',	88,	'0',	3,	0,	0,	0,	0,	1302882613,	1302886018,	'delete_game_hole'),
(184,	140,	'dasha',	91,	'0',	1,	0,	0,	0,	0,	1302882221,	1302882418,	'delete_game_hole'),
(187,	141,	'Lululu',	97,	'0',	3,	0,	0,	0,	0,	1302882613,	1302886018,	'delete_game_hole'),
(188,	142,	'test',	98,	'0',	1,	0,	0,	0,	0,	1302882887,	1302883046,	'delete_game_hole'),
(189,	144,	'test',	98,	'0',	1,	0,	0,	0,	0,	1302883474,	1302883500,	'delete_game_hole'),
(190,	145,	'test',	98,	'0',	1,	0,	0,	0,	0,	1302883693,	1302883830,	'delete_game_hole'),
(191,	146,	'Olod',	88,	'0',	2,	0,	0,	0,	0,	1302883795,	1302884943,	'delete_game_hole'),
(192,	146,	'Olod',	101,	'0',	2,	0,	0,	0,	0,	1302883795,	1302884943,	'delete_game_hole'),
(193,	148,	'test',	56,	'0',	2,	0,	0,	0,	0,	1302884586,	1302886250,	'delete_game_hole'),
(194,	148,	'test',	98,	'0',	2,	0,	0,	0,	0,	1302884586,	1302886250,	'delete_game_hole'),
(195,	150,	'Loop',	88,	'Bukva_q',	2,	2,	0,	1,	0,	1302885020,	1302977670,	'end_game_victory'),
(196,	150,	'Loop',	101,	'Bukva_q',	2,	2,	0,	1,	0,	1302885020,	1302977670,	'end_game_victory'),
(197,	151,	'xxx',	52,	'bergil',	5,	5,	0,	1,	0,	1302886255,	1302895227,	'end_game_victory'),
(198,	151,	'xxx',	89,	'bergil',	5,	5,	0,	1,	0,	1302886255,	1302895227,	'end_game_victory'),
(199,	151,	'xxx',	91,	'bergil',	5,	5,	0,	1,	0,	1302886255,	1302895227,	'end_game_victory'),
(200,	151,	'xxx',	92,	'bergil',	5,	5,	0,	1,	0,	1302886255,	1302895227,	'end_game_victory'),
(201,	151,	'xxx',	98,	'bergil',	5,	5,	0,	1,	0,	1302886255,	1302895227,	'end_game_victory'),
(202,	153,	'Igor',	102,	'0',	1,	0,	0,	0,	0,	1302887540,	1302888524,	'delete_game_hole'),
(203,	154,	'Tranki',	103,	'0',	1,	0,	0,	0,	0,	1302892078,	1302892486,	'delete_game_hole'),
(204,	155,	'beta',	104,	'0',	1,	0,	0,	0,	0,	1302892997,	1302894515,	'delete_game_hole'),
(205,	156,	'Stol',	39,	'0',	2,	0,	0,	0,	0,	1302893291,	1302895407,	'delete_game_hole'),
(206,	156,	'Stol',	105,	'0',	2,	0,	0,	0,	0,	1302893291,	1302895407,	'delete_game_hole'),
(207,	157,	'ohoho',	103,	'0',	2,	0,	0,	0,	0,	1302894286,	1304591895,	'old_game'),
(208,	157,	'ohoho',	106,	'0',	2,	0,	0,	0,	0,	1302894286,	1304591895,	'old_game'),
(209,	158,	'beta',	104,	'0',	1,	0,	0,	0,	0,	1302894768,	1302894954,	'delete_game_hole'),
(210,	159,	'beta',	104,	'0',	1,	0,	0,	0,	0,	1302895194,	1302895588,	'delete_game_hole'),
(211,	160,	'Stol',	39,	'Grej_Wehrwolf',	3,	3,	0,	1,	0,	1302895452,	1302900254,	'end_game_victory'),
(212,	160,	'Stol',	38,	'Grej_Wehrwolf',	3,	3,	0,	1,	0,	1302895452,	1302900254,	'end_game_victory'),
(213,	160,	'Stol',	105,	'Grej_Wehrwolf',	3,	3,	0,	1,	0,	1302895452,	1302900254,	'end_game_victory'),
(214,	161,	'111',	91,	'Dashuki',	3,	3,	0,	1,	0,	1302896259,	1302905146,	'end_game_victory'),
(215,	161,	'111',	98,	'Dashuki',	3,	3,	0,	1,	0,	1302896259,	1302905146,	'end_game_victory'),
(216,	161,	'111',	104,	'Dashuki',	3,	3,	0,	1,	0,	1302896259,	1302905146,	'end_game_victory'),
(217,	162,	'Munch',	84,	'St_Beast',	2,	2,	0,	1,	0,	1302898009,	1302898495,	'end_game_victory'),
(218,	162,	'Munch',	93,	'St_Beast',	2,	2,	0,	1,	0,	1302898009,	1302898495,	'end_game_victory'),
(219,	164,	'KOS',	108,	'0',	1,	0,	0,	0,	0,	1302898211,	1304591895,	'old_game'),
(220,	165,	'Munch',	79,	'St_Beast',	2,	2,	0,	1,	0,	1302901066,	1302908889,	'end_game_victory'),
(221,	165,	'Munch',	93,	'St_Beast',	2,	2,	0,	1,	0,	1302901066,	1302908889,	'end_game_victory'),
(222,	166,	'6_o',	54,	'0',	1,	0,	0,	0,	0,	1302923548,	1304591895,	'old_game'),
(223,	167,	'test',	112,	'0',	1,	0,	0,	0,	0,	1302936046,	1302936861,	'delete_game_hole'),
(224,	169,	'qww',	94,	'pups',	1,	1,	0,	1,	0,	1302939954,	1302940089,	'end_game_victory'),
(225,	170,	'Arhik',	114,	'Meiro',	3,	3,	0,	1,	0,	1302941718,	1302945090,	'end_game_victory'),
(226,	170,	'Arhik',	104,	'Meiro',	3,	3,	0,	1,	0,	1302941718,	1302945090,	'end_game_victory'),
(227,	170,	'Arhik',	113,	'Meiro',	3,	3,	0,	1,	0,	1302941718,	1302945090,	'end_game_victory'),
(228,	172,	'111',	53,	'0',	1,	0,	0,	0,	0,	1302945203,	1302945283,	'delete_game_hole'),
(229,	173,	'Hagen',	115,	'0',	1,	0,	0,	0,	0,	1302946011,	1302946049,	'delete_game_hole'),
(230,	175,	'Hagen',	48,	'St_Beast',	3,	3,	0,	1,	0,	1302946818,	1302950223,	'end_game_victory'),
(231,	175,	'Hagen',	93,	'St_Beast',	3,	3,	0,	1,	0,	1302946818,	1302950223,	'end_game_victory'),
(232,	175,	'Hagen',	115,	'St_Beast',	3,	3,	0,	1,	0,	1302946818,	1302950223,	'end_game_victory'),
(233,	176,	'asdasdas',	92,	'ulus',	1,	1,	0,	1,	0,	1302951583,	1302952982,	'end_game_victory'),
(234,	177,	'Stol_U_Bergila',	89,	'0',	2,	0,	0,	0,	0,	1302956215,	1302958578,	'delete_game_hole'),
(235,	177,	'Stol_U_Bergila',	92,	'0',	2,	0,	0,	0,	0,	1302956215,	1302958578,	'delete_game_hole'),
(236,	180,	'Hagen',	57,	'0',	5,	0,	0,	0,	0,	1302959823,	1302965822,	'delete_game_hole'),
(237,	180,	'Hagen',	92,	'0',	5,	0,	0,	0,	0,	1302959823,	1302965822,	'delete_game_hole'),
(238,	180,	'Hagen',	118,	'0',	5,	0,	0,	0,	0,	1302959823,	1302965822,	'delete_game_hole'),
(239,	180,	'Hagen',	115,	'0',	5,	0,	0,	0,	0,	1302959823,	1302965822,	'delete_game_hole'),
(240,	180,	'Hagen',	116,	'0',	5,	0,	0,	0,	0,	1302959823,	1302965822,	'delete_game_hole'),
(241,	182,	'231',	91,	'0',	1,	0,	0,	0,	0,	1302962089,	1302962127,	'delete_game_hole'),
(242,	183,	'111',	89,	'0',	2,	0,	0,	0,	0,	1302962827,	1302962889,	'delete_game_hole'),
(243,	183,	'111',	91,	'0',	2,	0,	0,	0,	0,	1302962827,	1302962889,	'delete_game_hole'),
(244,	184,	'111',	89,	'0',	2,	0,	0,	0,	0,	1302963501,	1302963520,	'delete_game_hole'),
(245,	184,	'111',	91,	'0',	2,	0,	0,	0,	0,	1302963501,	1302963520,	'delete_game_hole'),
(246,	185,	'111',	44,	'mun4kin',	3,	3,	0,	1,	0,	1302964135,	1302970067,	'end_game_victory'),
(247,	185,	'111',	89,	'mun4kin',	3,	3,	0,	1,	0,	1302964135,	1302970067,	'end_game_victory'),
(248,	185,	'111',	91,	'mun4kin',	3,	3,	0,	1,	0,	1302964135,	1302970067,	'end_game_victory'),
(249,	181,	'1x1x1',	49,	'Valnar',	3,	3,	0,	1,	0,	1302967805,	1302970472,	'end_game_victory'),
(250,	181,	'1x1x1',	53,	'Valnar',	3,	3,	0,	1,	0,	1302967805,	1302970472,	'end_game_victory'),
(251,	181,	'1x1x1',	82,	'Valnar',	3,	3,	0,	1,	0,	1302967805,	1302970472,	'end_game_victory'),
(252,	188,	'new',	44,	'0',	2,	0,	0,	0,	0,	1302970418,	1302970556,	'delete_game_hole'),
(253,	188,	'new',	91,	'0',	2,	0,	0,	0,	0,	1302970418,	1302970556,	'delete_game_hole'),
(254,	189,	'111',	39,	'mun4kin',	4,	4,	0,	1,	0,	1302970801,	1302973714,	'end_game_victory'),
(255,	189,	'111',	44,	'mun4kin',	4,	4,	0,	1,	0,	1302970801,	1302973714,	'end_game_victory'),
(256,	189,	'111',	91,	'mun4kin',	4,	4,	0,	1,	0,	1302970801,	1302973714,	'end_game_victory'),
(257,	189,	'111',	115,	'mun4kin',	4,	4,	0,	1,	0,	1302970801,	1302973714,	'end_game_victory'),
(258,	190,	'game',	56,	'0',	3,	0,	0,	0,	0,	1302971203,	1303047130,	'delete_game_hole'),
(259,	190,	'game',	53,	'0',	3,	0,	0,	0,	0,	1302971203,	1303047130,	'delete_game_hole'),
(260,	190,	'game',	62,	'0',	3,	0,	0,	0,	0,	1302971203,	1303047130,	'delete_game_hole'),
(261,	192,	'htsihdrihg',	115,	'0',	1,	0,	0,	0,	0,	1302973941,	1302974100,	'delete_game_hole'),
(262,	191,	'new',	44,	'Dashuki',	3,	3,	0,	1,	0,	1302974330,	1302980297,	'end_game_victory'),
(263,	191,	'new',	91,	'Dashuki',	3,	3,	0,	1,	0,	1302974330,	1302980297,	'end_game_victory'),
(264,	191,	'new',	92,	'Dashuki',	3,	3,	0,	1,	0,	1302974330,	1302980297,	'end_game_victory'),
(265,	193,	'test',	123,	'0',	1,	0,	0,	0,	0,	1302974595,	1302975135,	'delete_game_hole'),
(266,	197,	'ггг',	115,	'0',	1,	0,	0,	0,	0,	1302980296,	1302980629,	'delete_game_hole'),
(267,	200,	'4Ksu',	92,	'ulus',	2,	2,	0,	1,	0,	1302981490,	1302990080,	'end_game_victory'),
(268,	200,	'4Ksu',	126,	'ulus',	2,	2,	0,	1,	0,	1302981490,	1302990080,	'end_game_victory'),
(269,	203,	'new',	44,	'0',	2,	0,	0,	0,	0,	1302981727,	1302981888,	'delete_game_hole'),
(270,	203,	'new',	115,	'0',	2,	0,	0,	0,	0,	1302981727,	1302981888,	'delete_game_hole'),
(271,	204,	'new',	39,	'0',	3,	0,	0,	0,	0,	1302982056,	1302982529,	'delete_game_hole'),
(272,	204,	'new',	44,	'0',	3,	0,	0,	0,	0,	1302982056,	1302982529,	'delete_game_hole'),
(273,	204,	'new',	110,	'0',	3,	0,	0,	0,	0,	1302982056,	1302982529,	'delete_game_hole'),
(274,	205,	'ннкк',	39,	'0',	3,	0,	0,	0,	0,	1302982699,	1303029528,	'delete_game_hole'),
(275,	205,	'ннкк',	44,	'0',	3,	0,	0,	0,	0,	1302982699,	1303029528,	'delete_game_hole'),
(276,	205,	'ннкк',	115,	'0',	3,	0,	0,	0,	0,	1302982699,	1303029528,	'delete_game_hole'),
(277,	206,	'new',	39,	'orion2110',	2,	2,	0,	1,	0,	1302982935,	1302984565,	'end_game_victory'),
(278,	206,	'new',	44,	'orion2110',	2,	2,	0,	1,	0,	1302982935,	1302984565,	'end_game_victory'),
(279,	207,	'test',	127,	'0',	1,	0,	0,	0,	0,	1302987226,	1302987681,	'delete_game_hole'),
(280,	208,	'Heroes',	39,	'orion2110',	4,	4,	0,	1,	0,	1302987474,	1302993451,	'end_game_victory'),
(281,	208,	'Heroes',	38,	'orion2110',	4,	4,	0,	1,	0,	1302987474,	1302993451,	'end_game_victory'),
(282,	208,	'Heroes',	93,	'orion2110',	4,	4,	0,	1,	0,	1302987474,	1302993451,	'end_game_victory'),
(283,	208,	'Heroes',	113,	'orion2110',	4,	4,	0,	1,	0,	1302987474,	1302993451,	'end_game_victory'),
(284,	209,	'111',	53,	'Valnar',	1,	1,	0,	1,	0,	1302987571,	1302987585,	'end_game_victory'),
(285,	210,	'111',	53,	'0',	1,	0,	0,	0,	0,	1302990973,	1302991057,	'delete_game_hole'),
(286,	211,	'111',	53,	'Valnar',	2,	2,	0,	1,	0,	1302991667,	1302995880,	'end_game_victory'),
(287,	211,	'111',	92,	'Valnar',	2,	2,	0,	1,	0,	1302991667,	1302995880,	'end_game_victory'),
(288,	212,	'www',	92,	'ulus',	2,	2,	0,	1,	0,	1303031892,	1303034216,	'end_game_victory'),
(289,	212,	'www',	115,	'ulus',	2,	2,	0,	1,	0,	1303031892,	1303034216,	'end_game_victory'),
(290,	213,	'1234',	135,	'0',	1,	0,	0,	0,	0,	1303035665,	1303035844,	'delete_game_hole'),
(291,	214,	'poigraem',	92,	'0',	1,	0,	0,	0,	0,	1303036107,	1303036444,	'delete_game_hole'),
(292,	215,	'111',	53,	'Valnar',	2,	2,	0,	1,	0,	1303037056,	1303041432,	'end_game_victory'),
(293,	215,	'111',	92,	'Valnar',	2,	2,	0,	1,	0,	1303037056,	1303041432,	'end_game_victory'),
(294,	216,	'111',	136,	'0',	1,	0,	0,	0,	0,	1303042349,	1303042434,	'delete_game_hole'),
(295,	217,	'111',	91,	'0',	2,	0,	0,	0,	0,	1303043104,	1303043327,	'delete_game_hole'),
(296,	217,	'111',	92,	'0',	2,	0,	0,	0,	0,	1303043104,	1303043327,	'delete_game_hole'),
(297,	218,	'111',	27,	'Dashuki',	3,	3,	0,	1,	0,	1303043954,	1303049071,	'end_game_victory'),
(298,	218,	'111',	91,	'Dashuki',	3,	3,	0,	1,	0,	1303043954,	1303049071,	'end_game_victory'),
(299,	218,	'111',	92,	'Dashuki',	3,	3,	0,	1,	0,	1303043954,	1303049071,	'end_game_victory'),
(300,	219,	'game',	56,	'0',	1,	0,	0,	0,	0,	1303047782,	1303047794,	'delete_game_hole'),
(301,	220,	'game',	56,	'0',	2,	0,	0,	0,	0,	1303048405,	1303049659,	'delete_game_hole'),
(302,	220,	'game',	53,	'0',	2,	0,	0,	0,	0,	1303048405,	1303049659,	'delete_game_hole'),
(303,	221,	'stol',	53,	'0',	2,	0,	0,	0,	0,	1303049197,	1303050067,	'delete_game_hole'),
(304,	221,	'stol',	138,	'0',	2,	0,	0,	0,	0,	1303049197,	1303050067,	'delete_game_hole'),
(305,	222,	'stol',	53,	'lu123',	3,	3,	0,	1,	0,	1303050102,	1303055253,	'end_game_victory'),
(306,	222,	'stol',	129,	'lu123',	3,	3,	0,	1,	0,	1303050102,	1303055253,	'end_game_victory'),
(307,	222,	'stol',	138,	'lu123',	3,	3,	0,	1,	0,	1303050102,	1303055253,	'end_game_victory'),
(308,	223,	'testforfun',	130,	'0',	1,	0,	0,	0,	0,	1303051501,	1304591895,	'old_game'),
(309,	226,	'укеп',	53,	'Hagenghost',	2,	2,	0,	1,	0,	1303055642,	1303058530,	'end_game_victory'),
(310,	226,	'укеп',	115,	'Hagenghost',	2,	2,	0,	1,	0,	1303055642,	1303058530,	'end_game_victory'),
(311,	227,	'Wehrwolf',	38,	'0',	4,	0,	0,	0,	0,	1303059041,	1303059561,	'delete_game_hole'),
(312,	227,	'Wehrwolf',	53,	'0',	4,	0,	0,	0,	0,	1303059041,	1303059561,	'delete_game_hole'),
(313,	227,	'Wehrwolf',	140,	'0',	4,	0,	0,	0,	0,	1303059041,	1303059561,	'delete_game_hole'),
(314,	227,	'Wehrwolf',	141,	'0',	4,	0,	0,	0,	0,	1303059041,	1303059561,	'delete_game_hole'),
(315,	228,	'Wehrwolf',	38,	'0',	5,	0,	0,	0,	0,	1303059637,	1303060040,	'delete_game_hole'),
(316,	228,	'Wehrwolf',	53,	'0',	5,	0,	0,	0,	0,	1303059637,	1303060040,	'delete_game_hole'),
(317,	228,	'Wehrwolf',	140,	'0',	5,	0,	0,	0,	0,	1303059637,	1303060040,	'delete_game_hole'),
(318,	228,	'Wehrwolf',	141,	'0',	5,	0,	0,	0,	0,	1303059637,	1303060040,	'delete_game_hole'),
(319,	228,	'Wehrwolf',	142,	'0',	5,	0,	0,	0,	0,	1303059637,	1303060040,	'delete_game_hole'),
(320,	230,	'111',	53,	'0',	1,	0,	0,	0,	0,	1303059939,	1303059984,	'delete_game_hole'),
(321,	229,	'test',	142,	'0',	1,	0,	0,	0,	0,	1303059944,	1303060051,	'delete_game_hole'),
(322,	231,	'stol',	53,	'0',	2,	0,	0,	0,	0,	1303060003,	1303062733,	'delete_game_hole'),
(323,	231,	'stol',	140,	'0',	2,	0,	0,	0,	0,	1303060003,	1303062733,	'delete_game_hole'),
(324,	232,	'dfs',	142,	'0',	1,	0,	0,	0,	0,	1303060876,	1303061066,	'delete_game_hole'),
(325,	233,	'WEHRWOLF',	39,	'0',	4,	0,	0,	0,	0,	1303061793,	1303067184,	'delete_game_hole'),
(326,	233,	'WEHRWOLF',	38,	'0',	4,	0,	0,	0,	0,	1303061793,	1303067184,	'delete_game_hole'),
(327,	233,	'WEHRWOLF',	92,	'0',	4,	0,	0,	0,	0,	1303061793,	1303067184,	'delete_game_hole'),
(328,	233,	'WEHRWOLF',	105,	'0',	4,	0,	0,	0,	0,	1303061793,	1303067184,	'delete_game_hole'),
(329,	234,	'ggg',	115,	'0',	1,	0,	0,	0,	0,	1303066478,	1303081375,	'delete_game_hole'),
(330,	235,	'Munchkintable',	128,	'0',	2,	0,	0,	0,	0,	1303067014,	1304591895,	'old_game'),
(331,	235,	'Munchkintable',	139,	'0',	2,	0,	0,	0,	0,	1303067014,	1304591895,	'old_game'),
(333,	237,	'game',	142,	'0',	1,	0,	0,	0,	0,	1303071534,	1303071800,	'delete_game_hole'),
(332,	236,	'Tisch',	73,	'Vangdeputenava',	1,	1,	0,	1,	0,	1303068543,	1303069736,	'end_game_victory'),
(334,	238,	'111',	92,	'0',	1,	0,	0,	0,	0,	1303071783,	1303071817,	'delete_game_hole'),
(335,	239,	'stol',	53,	'ulus',	2,	2,	0,	1,	0,	1303074244,	1303077729,	'end_game_victory'),
(336,	239,	'stol',	92,	'ulus',	2,	2,	0,	1,	0,	1303074244,	1303077729,	'end_game_victory'),
(337,	240,	'crubs',	109,	'0',	2,	0,	0,	0,	0,	1303075011,	1303075078,	'delete_game_hole'),
(338,	240,	'crubs',	111,	'0',	2,	0,	0,	0,	0,	1303075011,	1303075078,	'delete_game_hole'),
(339,	241,	'crubs',	109,	'0',	3,	0,	0,	0,	0,	1303075177,	1303076328,	'delete_game_hole'),
(340,	241,	'crubs',	111,	'0',	3,	0,	0,	0,	0,	1303075177,	1303076328,	'delete_game_hole'),
(341,	241,	'crubs',	143,	'0',	3,	0,	0,	0,	0,	1303075177,	1303076328,	'delete_game_hole'),
(342,	242,	'crubs',	109,	'0',	3,	0,	0,	0,	0,	1303076357,	1303838898,	'delete_game_hole'),
(343,	242,	'crubs',	111,	'0',	3,	0,	0,	0,	0,	1303076357,	1303838898,	'delete_game_hole'),
(344,	242,	'crubs',	143,	'0',	3,	0,	0,	0,	0,	1303076357,	1303838898,	'delete_game_hole'),
(345,	243,	'6666',	129,	'0',	1,	0,	0,	0,	0,	1303076958,	1303150412,	'delete_game_hole'),
(346,	245,	'stol',	53,	'0',	1,	0,	0,	0,	0,	1303078707,	1303078716,	'delete_game_hole'),
(347,	246,	'ввв',	115,	'0',	1,	0,	0,	0,	0,	1303082005,	1303082385,	'delete_game_hole'),
(348,	247,	'111',	115,	'0',	1,	0,	0,	0,	0,	1303082993,	1303083389,	'delete_game_hole'),
(349,	248,	'bull',	144,	'0',	1,	0,	0,	0,	0,	1303092610,	1304591895,	'old_game'),
(350,	249,	'Socrat_test',	10,	'0',	1,	0,	0,	0,	0,	1303109729,	1303109741,	'delete_game_hole'),
(351,	250,	'test',	145,	'0',	1,	0,	0,	0,	0,	1303111434,	1303111473,	'delete_game_hole'),
(352,	254,	'game',	56,	'0',	4,	0,	0,	0,	0,	1303121630,	1303122056,	'delete_game_hole'),
(353,	254,	'game',	53,	'0',	4,	0,	0,	0,	0,	1303121630,	1303122056,	'delete_game_hole'),
(354,	254,	'game',	65,	'0',	4,	0,	0,	0,	0,	1303121630,	1303122056,	'delete_game_hole'),
(355,	254,	'game',	146,	'0',	4,	0,	0,	0,	0,	1303121630,	1303122056,	'delete_game_hole'),
(356,	255,	'Tisch',	73,	'Vangdeputenava',	1,	1,	0,	1,	0,	1303125571,	1303126390,	'end_game_victory'),
(357,	257,	'stol',	53,	'Mattue',	2,	2,	0,	1,	0,	1303130045,	1303132753,	'end_game_victory'),
(358,	257,	'stol',	142,	'Mattue',	2,	2,	0,	1,	0,	1303130045,	1303132753,	'end_game_victory'),
(359,	258,	'Zilant',	88,	'Bukva_q',	2,	2,	0,	1,	0,	1303133202,	1303136075,	'end_game_victory'),
(360,	258,	'Zilant',	101,	'Bukva_q',	2,	2,	0,	1,	0,	1303133202,	1303136075,	'end_game_victory'),
(361,	259,	'stol',	53,	'0',	1,	0,	0,	0,	0,	1303136325,	1303136610,	'delete_game_hole'),
(362,	261,	'stol',	53,	'0',	1,	0,	0,	0,	0,	1303137228,	1303137298,	'delete_game_hole'),
(363,	262,	'game',	56,	'0',	2,	0,	0,	0,	0,	1303138446,	1303855084,	'delete_game_hole'),
(364,	262,	'game',	53,	'0',	2,	0,	0,	0,	0,	1303138446,	1303855084,	'delete_game_hole'),
(365,	264,	'666',	53,	'Fleshka',	2,	2,	0,	1,	0,	1303150540,	1303155031,	'end_game_victory'),
(366,	264,	'666',	129,	'Fleshka',	2,	2,	0,	1,	0,	1303150540,	1303155031,	'end_game_victory'),
(367,	266,	'stol',	53,	'0',	1,	0,	0,	0,	0,	1303155101,	1303155112,	'delete_game_hole'),
(368,	267,	'sda',	150,	'0',	1,	0,	0,	0,	0,	1303157075,	1304151360,	'delete_game_hole'),
(369,	268,	'stol',	53,	'Valnar',	2,	2,	0,	1,	0,	1303162650,	1303165182,	'end_game_victory'),
(370,	268,	'stol',	115,	'Valnar',	2,	2,	0,	1,	0,	1303162650,	1303165182,	'end_game_victory'),
(371,	269,	'STOL',	27,	'Bazzil',	2,	2,	0,	1,	0,	1303198384,	1303209483,	'end_game_victory'),
(372,	269,	'STOL',	138,	'Bazzil',	2,	2,	0,	1,	0,	1303198384,	1303209483,	'end_game_victory'),
(373,	271,	'stol',	53,	'0',	2,	0,	0,	0,	0,	1303214672,	1303215796,	'delete_game_hole'),
(374,	271,	'stol',	129,	'0',	2,	0,	0,	0,	0,	1303214672,	1303215796,	'delete_game_hole'),
(375,	273,	'tabakow',	154,	'0',	1,	0,	0,	0,	0,	1303222520,	1304591895,	'old_game'),
(376,	274,	'Arhik',	114,	'Arhik',	1,	1,	0,	1,	0,	1303226998,	1303227071,	'end_game_victory'),
(377,	275,	'Arhik',	114,	'Arhik',	1,	1,	0,	1,	0,	1303227708,	1303229347,	'end_game_victory'),
(378,	276,	'table2',	113,	'0',	2,	0,	0,	0,	0,	1303228964,	1303229500,	'delete_game_hole'),
(379,	276,	'table2',	149,	'0',	2,	0,	0,	0,	0,	1303228964,	1303229500,	'delete_game_hole'),
(380,	277,	'Arhik',	114,	'0',	3,	0,	0,	0,	0,	1303229518,	1304591895,	'old_game'),
(381,	277,	'Arhik',	113,	'0',	3,	0,	0,	0,	0,	1303229518,	1304591895,	'old_game'),
(382,	277,	'Arhik',	149,	'0',	3,	0,	0,	0,	0,	1303229518,	1304591895,	'old_game'),
(383,	278,	'new',	44,	'0',	1,	0,	0,	0,	0,	1303231195,	1303232211,	'delete_game_hole'),
(384,	279,	'new',	44,	'0',	2,	0,	0,	0,	0,	1303237584,	1303237610,	'delete_game_hole'),
(385,	279,	'new',	91,	'0',	2,	0,	0,	0,	0,	1303237584,	1303237610,	'delete_game_hole'),
(386,	281,	'new',	44,	'0',	4,	0,	0,	0,	0,	1303238402,	1303238497,	'delete_game_hole'),
(387,	281,	'new',	91,	'0',	4,	0,	0,	0,	0,	1303238402,	1303238497,	'delete_game_hole'),
(388,	281,	'new',	158,	'0',	4,	0,	0,	0,	0,	1303238402,	1303238497,	'delete_game_hole'),
(389,	281,	'new',	159,	'0',	4,	0,	0,	0,	0,	1303238402,	1303238497,	'delete_game_hole'),
(390,	282,	'new',	44,	'mun4kin',	2,	2,	0,	1,	0,	1303238519,	1303241836,	'end_game_victory'),
(391,	282,	'new',	91,	'mun4kin',	2,	2,	0,	1,	0,	1303238519,	1303241836,	'end_game_victory'),
(392,	283,	'124423',	160,	'0',	1,	0,	0,	0,	0,	1303238920,	1303239070,	'delete_game_hole'),
(393,	284,	'53456',	160,	'0',	2,	0,	0,	0,	0,	1303239940,	1303322452,	'delete_game_hole'),
(394,	284,	'53456',	159,	'0',	2,	0,	0,	0,	0,	1303239940,	1303322452,	'delete_game_hole'),
(395,	285,	'Justlan',	41,	'0',	3,	0,	0,	0,	0,	1303240848,	1303241093,	'delete_game_hole'),
(396,	285,	'Justlan',	149,	'0',	3,	0,	0,	0,	0,	1303240848,	1303241093,	'delete_game_hole'),
(397,	285,	'Justlan',	153,	'0',	3,	0,	0,	0,	0,	1303240848,	1303241093,	'delete_game_hole'),
(398,	286,	'jastlan',	41,	'0',	4,	0,	0,	0,	0,	1303241184,	1303241749,	'delete_game_hole'),
(399,	286,	'jastlan',	138,	'0',	4,	0,	0,	0,	0,	1303241184,	1303241749,	'delete_game_hole'),
(400,	286,	'jastlan',	149,	'0',	4,	0,	0,	0,	0,	1303241184,	1303241749,	'delete_game_hole'),
(401,	286,	'jastlan',	153,	'0',	4,	0,	0,	0,	0,	1303241184,	1303241749,	'delete_game_hole'),
(402,	287,	'KKK',	41,	'0',	3,	0,	0,	0,	0,	1303241803,	1303241902,	'delete_game_hole'),
(403,	287,	'KKK',	138,	'0',	3,	0,	0,	0,	0,	1303241803,	1303241902,	'delete_game_hole'),
(404,	287,	'KKK',	149,	'0',	3,	0,	0,	0,	0,	1303241803,	1303241902,	'delete_game_hole'),
(405,	288,	'new',	41,	'0',	5,	0,	0,	0,	0,	1303241937,	1303247202,	'delete_game_hole'),
(406,	288,	'new',	44,	'0',	5,	0,	0,	0,	0,	1303241937,	1303247202,	'delete_game_hole'),
(407,	288,	'new',	91,	'0',	5,	0,	0,	0,	0,	1303241937,	1303247202,	'delete_game_hole'),
(408,	288,	'new',	138,	'0',	5,	0,	0,	0,	0,	1303241937,	1303247202,	'delete_game_hole'),
(409,	288,	'new',	149,	'0',	5,	0,	0,	0,	0,	1303241937,	1303247202,	'delete_game_hole'),
(410,	292,	'kasoi',	92,	'ulus',	2,	2,	0,	1,	0,	1303251051,	1303259594,	'end_game_victory'),
(411,	292,	'kasoi',	163,	'ulus',	2,	2,	0,	1,	0,	1303251051,	1303259594,	'end_game_victory'),
(412,	293,	'zlob',	164,	'0',	1,	0,	0,	0,	0,	1303279184,	1304591896,	'old_game'),
(413,	294,	'Helgi',	166,	'0',	1,	0,	0,	0,	0,	1303288178,	1304591896,	'old_game'),
(414,	295,	'dasdsadsadsadas',	167,	'0',	1,	0,	0,	0,	0,	1303299993,	1304591896,	'old_game'),
(415,	296,	'Stolll',	83,	'0',	1,	0,	0,	0,	0,	1303300310,	1303300546,	'delete_game_hole'),
(416,	297,	'obed',	165,	'0',	1,	0,	0,	0,	0,	1303305563,	1303305647,	'delete_game_hole'),
(417,	299,	'just_to_look',	168,	'0',	1,	0,	0,	0,	0,	1303307122,	1304591896,	'old_game'),
(418,	300,	'test',	169,	'0',	1,	0,	0,	0,	0,	1303312508,	1303312656,	'delete_game_hole'),
(419,	298,	'obed',	165,	'0',	1,	0,	0,	0,	0,	1303314480,	1303314498,	'delete_game_hole'),
(420,	301,	'111',	91,	'0',	3,	0,	0,	0,	0,	1303315118,	1303315373,	'delete_game_hole'),
(421,	301,	'111',	165,	'0',	3,	0,	0,	0,	0,	1303315118,	1303315373,	'delete_game_hole'),
(422,	301,	'111',	169,	'0',	3,	0,	0,	0,	0,	1303315118,	1303315373,	'delete_game_hole'),
(423,	302,	'111',	91,	'Dashuki',	2,	2,	0,	1,	0,	1303316055,	1303324755,	'end_game_victory'),
(424,	302,	'111',	169,	'Dashuki',	2,	2,	0,	1,	0,	1303316055,	1303324755,	'end_game_victory'),
(425,	291,	'Stol',	149,	'0',	3,	0,	0,	0,	0,	1303322561,	1304591895,	'old_game'),
(426,	291,	'Stol',	160,	'0',	3,	0,	0,	0,	0,	1303322561,	1304591895,	'old_game'),
(427,	291,	'Stol',	162,	'0',	3,	0,	0,	0,	0,	1303322561,	1304591895,	'old_game'),
(428,	303,	'666',	160,	'0',	1,	0,	0,	0,	0,	1303323212,	1303323605,	'delete_game_hole'),
(429,	304,	'666',	160,	'0',	1,	0,	0,	0,	0,	1303323817,	1303323843,	'delete_game_hole'),
(430,	305,	'666',	121,	'AngelX',	4,	3,	0,	-1,	0,	1303338937,	1303339405,	'end_game_victory'),
(431,	305,	'666',	160,	'AngelX',	4,	3,	0,	1,	0,	1303338937,	1303339405,	'end_game_victory'),
(432,	305,	'666',	170,	'AngelX',	4,	3,	0,	1,	0,	1303338937,	1303339405,	'end_game_victory'),
(433,	305,	'666',	172,	'AngelX',	4,	3,	0,	1,	0,	1303338937,	1303339405,	'end_game_victory'),
(434,	306,	'Egorov',	121,	'0',	1,	0,	0,	0,	0,	1303339587,	1303465036,	'delete_game_hole'),
(435,	307,	'fuckoff',	173,	'0',	1,	0,	0,	0,	0,	1303365535,	1304591896,	'old_game'),
(436,	308,	'про',	170,	'0',	1,	0,	0,	0,	0,	1303382253,	1303382328,	'delete_game_hole'),
(437,	309,	'про',	170,	'0',	1,	0,	0,	0,	0,	1303382358,	1303404860,	'delete_game_hole'),
(438,	312,	'game1',	178,	'0',	2,	0,	0,	0,	0,	1303393522,	1303394075,	'delete_game_hole'),
(439,	312,	'game1',	180,	'0',	2,	0,	0,	0,	0,	1303393522,	1303394075,	'delete_game_hole'),
(440,	313,	'lalala',	178,	'0',	2,	0,	0,	0,	0,	1303394128,	1303394391,	'delete_game_hole'),
(441,	313,	'lalala',	180,	'0',	2,	0,	0,	0,	0,	1303394128,	1303394391,	'delete_game_hole'),
(442,	314,	'lLL',	178,	'0',	2,	0,	0,	0,	0,	1303394416,	1303397161,	'delete_game_hole'),
(443,	314,	'lLL',	180,	'0',	2,	0,	0,	0,	0,	1303394416,	1303397161,	'delete_game_hole'),
(444,	315,	'test',	179,	'0',	1,	0,	0,	0,	0,	1303395229,	1303395453,	'delete_game_hole'),
(445,	317,	'table1',	169,	'Sunshine',	3,	3,	0,	1,	0,	1303400439,	1303411960,	'end_game_victory'),
(446,	317,	'table1',	175,	'Sunshine',	3,	3,	0,	1,	0,	1303400439,	1303411960,	'end_game_victory'),
(447,	317,	'table1',	178,	'Sunshine',	3,	3,	0,	1,	0,	1303400439,	1303411960,	'end_game_victory'),
(448,	318,	'555',	129,	'0',	1,	0,	0,	0,	0,	1303402825,	1303403292,	'delete_game_hole'),
(449,	319,	'Justlan',	149,	'0',	1,	0,	0,	0,	0,	1303403556,	1303403574,	'delete_game_hole'),
(450,	321,	'Munchkin',	181,	'0',	1,	0,	0,	0,	0,	1303406257,	1303408018,	'delete_game_hole'),
(451,	322,	'xvx',	181,	'0',	3,	0,	0,	0,	0,	1303409206,	1303578872,	'delete_game_hole'),
(452,	322,	'xvx',	182,	'0',	3,	0,	0,	0,	0,	1303409206,	1303578872,	'delete_game_hole'),
(453,	322,	'xvx',	183,	'0',	3,	0,	0,	0,	0,	1303409206,	1303578872,	'delete_game_hole'),
(454,	323,	'andrey_belov',	161,	'le_roi_du_monde',	3,	1,	1,	-1,	1303413186,	1303412853,	1303413323,	'delete_game_hole'),
(455,	323,	'andrey_belov',	184,	'le_roi_du_monde',	3,	1,	1,	1,	1303413186,	1303412853,	1303413323,	'delete_game_hole'),
(456,	323,	'andrey_belov',	185,	'le_roi_du_monde',	3,	1,	1,	0,	1303413186,	1303412853,	1303413323,	'delete_game_hole'),
(457,	325,	'qwerthgd',	18,	'0',	1,	0,	0,	0,	0,	1303423886,	1303423931,	'delete_game_hole'),
(458,	327,	'vrx',	186,	'0',	2,	0,	0,	0,	0,	1303445859,	1303446124,	'delete_game_hole'),
(459,	327,	'vrx',	187,	'0',	2,	0,	0,	0,	0,	1303445859,	1303446124,	'delete_game_hole'),
(460,	328,	'test',	188,	'0',	1,	0,	0,	0,	0,	1303446084,	1303446183,	'delete_game_hole'),
(461,	329,	'test',	186,	'0',	2,	0,	0,	0,	0,	1303446298,	1303448560,	'delete_game_hole'),
(462,	329,	'test',	188,	'0',	2,	0,	0,	0,	0,	1303446298,	1303448560,	'delete_game_hole'),
(463,	330,	'test',	191,	'0',	3,	0,	0,	0,	0,	1303449056,	1303449479,	'delete_game_hole'),
(464,	330,	'test',	192,	'0',	3,	0,	0,	0,	0,	1303449056,	1303449479,	'delete_game_hole'),
(465,	330,	'test',	193,	'0',	3,	0,	0,	0,	0,	1303449056,	1303449479,	'delete_game_hole'),
(466,	331,	'killemall',	196,	'0',	1,	0,	0,	0,	0,	1303451583,	1304591896,	'old_game'),
(467,	332,	'hehey',	197,	'0',	3,	0,	0,	0,	0,	1303451851,	1303451861,	'delete_game_hole'),
(468,	332,	'hehey',	198,	'0',	3,	0,	0,	0,	0,	1303451851,	1303451861,	'delete_game_hole'),
(469,	332,	'hehey',	199,	'0',	3,	0,	0,	0,	0,	1303451851,	1303451861,	'delete_game_hole'),
(470,	333,	'hehey',	174,	'0',	3,	0,	0,	0,	0,	1303451924,	1303452875,	'delete_game_hole'),
(471,	333,	'hehey',	198,	'0',	3,	0,	0,	0,	0,	1303451924,	1303452875,	'delete_game_hole'),
(472,	333,	'hehey',	199,	'0',	3,	0,	0,	0,	0,	1303451924,	1303452875,	'delete_game_hole'),
(473,	335,	'hehey',	174,	'0',	3,	0,	0,	0,	0,	1303452910,	1304591896,	'old_game'),
(474,	335,	'hehey',	198,	'0',	3,	0,	0,	0,	0,	1303452910,	1304591896,	'old_game'),
(475,	335,	'hehey',	199,	'0',	3,	0,	0,	0,	0,	1303452910,	1304591896,	'old_game'),
(476,	336,	'Novichki',	203,	'0',	1,	0,	0,	0,	0,	1303454260,	1303454838,	'delete_game_hole'),
(477,	338,	'remisha',	206,	'0',	1,	0,	0,	0,	0,	1303454474,	1303454562,	'delete_game_hole'),
(478,	337,	'TheFool',	186,	'0',	3,	0,	0,	0,	0,	1303454551,	1303455001,	'delete_game_hole'),
(479,	337,	'TheFool',	204,	'0',	3,	0,	0,	0,	0,	1303454551,	1303455001,	'delete_game_hole'),
(480,	337,	'TheFool',	205,	'0',	3,	0,	0,	0,	0,	1303454551,	1303455001,	'delete_game_hole'),
(481,	339,	'MunchkinGame',	204,	'0',	1,	0,	0,	0,	0,	1303455285,	1303455712,	'delete_game_hole'),
(482,	341,	'aaaaaaa',	211,	'0',	1,	0,	0,	0,	0,	1303455965,	1304591896,	'old_game'),
(483,	340,	'Mychikenn',	27,	'0',	4,	0,	0,	0,	0,	1303456028,	1303457058,	'delete_game_hole'),
(484,	340,	'Mychikenn',	201,	'0',	4,	0,	0,	0,	0,	1303456028,	1303457058,	'delete_game_hole'),
(485,	340,	'Mychikenn',	203,	'0',	4,	0,	0,	0,	0,	1303456028,	1303457058,	'delete_game_hole'),
(486,	340,	'Mychikenn',	210,	'0',	4,	0,	0,	0,	0,	1303456028,	1303457058,	'delete_game_hole'),
(487,	343,	'Klass',	203,	'0',	1,	0,	0,	0,	0,	1303457031,	1303458379,	'delete_game_hole'),
(488,	344,	'Probnik',	210,	'0',	1,	0,	0,	0,	0,	1303457103,	1303457884,	'delete_game_hole'),
(489,	346,	'ixtus',	212,	'0',	1,	0,	0,	0,	0,	1303457426,	1304591896,	'old_game'),
(490,	345,	'Stul',	186,	'0',	3,	0,	0,	0,	0,	1303457465,	1304591896,	'old_game'),
(491,	345,	'Stul',	201,	'0',	3,	0,	0,	0,	0,	1303457465,	1304591896,	'old_game'),
(492,	345,	'Stul',	214,	'0',	3,	0,	0,	0,	0,	1303457465,	1304591896,	'old_game'),
(493,	347,	'1234',	210,	'0',	3,	0,	0,	0,	0,	1303457987,	1303459577,	'delete_game_hole'),
(494,	347,	'1234',	217,	'0',	3,	0,	0,	0,	0,	1303457987,	1303459577,	'delete_game_hole'),
(495,	347,	'1234',	216,	'0',	3,	0,	0,	0,	0,	1303457987,	1303459577,	'delete_game_hole'),
(496,	348,	'verwolf',	27,	'0',	3,	0,	0,	0,	0,	1303458606,	1303458731,	'delete_game_hole'),
(497,	348,	'verwolf',	213,	'0',	3,	0,	0,	0,	0,	1303458606,	1303458731,	'delete_game_hole'),
(498,	348,	'verwolf',	219,	'0',	3,	0,	0,	0,	0,	1303458606,	1303458731,	'delete_game_hole'),
(499,	349,	'stol_stol',	218,	'0',	1,	0,	0,	0,	0,	1303459381,	1304591896,	'old_game'),
(500,	350,	'Table5',	221,	'0',	1,	0,	0,	0,	0,	1303459890,	1303460153,	'delete_game_hole'),
(501,	351,	'Loki_Inn',	224,	'0',	1,	0,	0,	0,	0,	1303460025,	1303460323,	'delete_game_hole'),
(502,	353,	'Stol123',	203,	'0',	3,	0,	0,	0,	0,	1303461192,	1303461755,	'delete_game_hole'),
(503,	353,	'Stol123',	217,	'0',	3,	0,	0,	0,	0,	1303461192,	1303461755,	'delete_game_hole'),
(504,	353,	'Stol123',	225,	'0',	3,	0,	0,	0,	0,	1303461192,	1303461755,	'delete_game_hole'),
(505,	354,	'Stol123',	203,	'0',	2,	0,	0,	0,	0,	1303461951,	1303462394,	'delete_game_hole'),
(506,	354,	'Stol123',	217,	'0',	2,	0,	0,	0,	0,	1303461951,	1303462394,	'delete_game_hole'),
(507,	355,	'stol1234',	125,	'saintgeo23',	3,	2,	0,	-1,	0,	1303462451,	1303466775,	'end_game_victory'),
(508,	355,	'stol1234',	210,	'saintgeo23',	3,	2,	0,	1,	0,	1303462451,	1303466775,	'end_game_victory'),
(509,	355,	'stol1234',	217,	'saintgeo23',	3,	2,	0,	1,	0,	1303462451,	1303466775,	'end_game_victory'),
(510,	356,	'ggdds',	203,	'0',	1,	0,	0,	0,	0,	1303463087,	1303578108,	'delete_game_hole'),
(511,	357,	'456',	226,	'0',	2,	0,	0,	0,	0,	1303463397,	1303463492,	'delete_game_hole'),
(512,	357,	'456',	227,	'0',	2,	0,	0,	0,	0,	1303463397,	1303463492,	'delete_game_hole'),
(513,	361,	'elv',	230,	'0',	1,	0,	0,	0,	0,	1303464081,	1303464197,	'delete_game_hole'),
(514,	362,	'UltraTable',	194,	'ufo243',	3,	0,	1,	0,	1303465029,	1303464180,	1304591896,	'old_game'),
(515,	362,	'UltraTable',	228,	'ufo243',	3,	0,	1,	-1,	1303465029,	1303464180,	1304591896,	'old_game'),
(516,	362,	'UltraTable',	231,	'ufo243',	3,	0,	1,	0,	1303465029,	1303464180,	1304591896,	'old_game'),
(517,	363,	'CATAHA',	27,	'0',	2,	0,	0,	0,	0,	1303464980,	1303465400,	'delete_game_hole'),
(518,	363,	'CATAHA',	233,	'0',	2,	0,	0,	0,	0,	1303464980,	1303465400,	'delete_game_hole'),
(519,	365,	'ufo243',	228,	'0',	2,	0,	0,	0,	0,	1303465210,	1304591896,	'old_game'),
(520,	365,	'ufo243',	229,	'0',	2,	0,	0,	0,	0,	1303465210,	1304591896,	'old_game'),
(521,	364,	'Egorov',	121,	'0',	3,	0,	0,	0,	0,	1303467874,	1303743569,	'delete_game_hole'),
(522,	364,	'Egorov',	210,	'0',	3,	0,	0,	0,	0,	1303467874,	1303743569,	'delete_game_hole'),
(523,	364,	'Egorov',	216,	'0',	3,	0,	0,	0,	0,	1303467874,	1303743569,	'delete_game_hole'),
(524,	366,	'Gamers',	27,	'Mixam',	3,	3,	0,	1,	0,	1303468485,	1303473929,	'end_game_victory'),
(525,	366,	'Gamers',	210,	'Mixam',	3,	3,	0,	1,	0,	1303468485,	1303473929,	'end_game_victory'),
(526,	366,	'Gamers',	216,	'Mixam',	3,	3,	0,	1,	0,	1303468485,	1303473929,	'end_game_victory'),
(527,	368,	'3a4eM',	170,	'0',	5,	0,	0,	0,	0,	1303470144,	1303471132,	'delete_game_hole'),
(528,	368,	'3a4eM',	197,	'0',	5,	0,	0,	0,	0,	1303470144,	1303471132,	'delete_game_hole'),
(529,	368,	'3a4eM',	237,	'0',	5,	0,	0,	0,	0,	1303470144,	1303471132,	'delete_game_hole'),
(530,	368,	'3a4eM',	238,	'0',	5,	0,	0,	0,	0,	1303470144,	1303471132,	'delete_game_hole'),
(531,	368,	'3a4eM',	239,	'0',	5,	0,	0,	0,	0,	1303470144,	1303471132,	'delete_game_hole'),
(532,	369,	'qwerty',	246,	'Burner',	3,	3,	0,	1,	0,	1303471329,	1303476074,	'end_game_victory'),
(533,	369,	'qwerty',	244,	'Burner',	3,	3,	0,	1,	0,	1303471329,	1303476074,	'end_game_victory'),
(534,	369,	'qwerty',	245,	'Burner',	3,	3,	0,	1,	0,	1303471329,	1303476074,	'end_game_victory'),
(535,	370,	'LPx',	248,	'0',	1,	0,	0,	0,	0,	1303471988,	1303673245,	'delete_game_hole'),
(536,	374,	'100500',	238,	'0',	2,	0,	0,	0,	0,	1303473380,	1303473964,	'delete_game_hole'),
(537,	374,	'100500',	250,	'0',	2,	0,	0,	0,	0,	1303473380,	1303473964,	'delete_game_hole'),
(538,	375,	'test',	234,	'0',	1,	0,	0,	0,	0,	1303473421,	1303473799,	'delete_game_hole'),
(539,	376,	'Dungeons',	252,	'0',	1,	0,	0,	0,	0,	1303473656,	1304591896,	'old_game'),
(540,	378,	'001',	254,	'0',	1,	0,	0,	0,	0,	1303473991,	1303474045,	'delete_game_hole'),
(541,	377,	'33333',	238,	'0',	2,	0,	0,	0,	0,	1303474284,	1303474311,	'delete_game_hole'),
(542,	377,	'33333',	250,	'0',	2,	0,	0,	0,	0,	1303474284,	1303474311,	'delete_game_hole'),
(543,	379,	'dfdf',	179,	'0',	3,	0,	0,	0,	0,	1303474500,	1303474847,	'delete_game_hole'),
(544,	379,	'dfdf',	238,	'0',	3,	0,	0,	0,	0,	1303474500,	1303474847,	'delete_game_hole'),
(545,	379,	'dfdf',	250,	'0',	3,	0,	0,	0,	0,	1303474500,	1303474847,	'delete_game_hole'),
(546,	380,	'2232323',	236,	'0',	3,	0,	0,	0,	0,	1303474914,	1303474938,	'delete_game_hole'),
(547,	380,	'2232323',	217,	'0',	3,	0,	0,	0,	0,	1303474914,	1303474938,	'delete_game_hole'),
(548,	380,	'2232323',	238,	'0',	3,	0,	0,	0,	0,	1303474914,	1303474938,	'delete_game_hole'),
(549,	381,	'Stol123',	179,	'0',	3,	0,	0,	0,	0,	1303475018,	1303485659,	'delete_game_hole'),
(550,	381,	'Stol123',	236,	'0',	3,	0,	0,	0,	0,	1303475018,	1303485659,	'delete_game_hole'),
(551,	381,	'Stol123',	217,	'0',	3,	0,	0,	0,	0,	1303475018,	1303485659,	'delete_game_hole'),
(552,	384,	'testlv',	234,	'0',	3,	0,	0,	0,	0,	1303475385,	1303476110,	'delete_game_hole'),
(553,	384,	'testlv',	241,	'0',	3,	0,	0,	0,	0,	1303475385,	1303476110,	'delete_game_hole'),
(554,	384,	'testlv',	257,	'0',	3,	0,	0,	0,	0,	1303475385,	1303476110,	'delete_game_hole'),
(555,	385,	'Stolza',	253,	'0',	1,	0,	0,	0,	0,	1303475606,	1303475934,	'delete_game_hole'),
(556,	386,	'zxc',	179,	'0',	1,	0,	0,	0,	0,	1303475975,	1303476102,	'delete_game_hole'),
(557,	387,	'4587',	179,	'0',	3,	0,	0,	0,	0,	1303476373,	1303479688,	'delete_game_hole'),
(558,	387,	'4587',	186,	'0',	3,	0,	0,	0,	0,	1303476373,	1303479688,	'delete_game_hole'),
(559,	387,	'4587',	234,	'0',	3,	0,	0,	0,	0,	1303476373,	1303479688,	'delete_game_hole'),
(560,	388,	'2222222',	238,	'0',	3,	0,	0,	0,	0,	1303476937,	1303477379,	'delete_game_hole'),
(561,	388,	'2222222',	259,	'0',	3,	0,	0,	0,	0,	1303476937,	1303477379,	'delete_game_hole'),
(562,	388,	'2222222',	261,	'0',	3,	0,	0,	0,	0,	1303476937,	1303477379,	'delete_game_hole'),
(563,	390,	'666',	222,	'0',	3,	0,	0,	0,	0,	1303478048,	1303478755,	'delete_game_hole'),
(564,	390,	'666',	238,	'0',	3,	0,	0,	0,	0,	1303478048,	1303478755,	'delete_game_hole'),
(565,	390,	'666',	250,	'0',	3,	0,	0,	0,	0,	1303478048,	1303478755,	'delete_game_hole'),
(566,	391,	'intruder',	138,	'0',	2,	0,	0,	0,	0,	1303478429,	1303479243,	'delete_game_hole'),
(567,	391,	'intruder',	264,	'0',	2,	0,	0,	0,	0,	1303478429,	1303479243,	'delete_game_hole'),
(568,	392,	'666',	238,	'0',	2,	0,	0,	0,	0,	1303479067,	1303479096,	'delete_game_hole'),
(569,	392,	'666',	250,	'0',	2,	0,	0,	0,	0,	1303479067,	1303479096,	'delete_game_hole'),
(570,	394,	'intruder',	138,	'0',	3,	0,	0,	0,	0,	1303479443,	1303484043,	'delete_game_hole'),
(571,	394,	'intruder',	238,	'0',	3,	0,	0,	0,	0,	1303479443,	1303484043,	'delete_game_hole'),
(572,	394,	'intruder',	264,	'0',	3,	0,	0,	0,	0,	1303479443,	1303484043,	'delete_game_hole'),
(573,	395,	'tableM',	210,	'0',	3,	0,	0,	0,	0,	1303483100,	1303718295,	'delete_game_hole'),
(574,	395,	'tableM',	268,	'0',	3,	0,	0,	0,	0,	1303483100,	1303718295,	'delete_game_hole'),
(575,	395,	'tableM',	271,	'0',	3,	0,	0,	0,	0,	1303483100,	1303718295,	'delete_game_hole'),
(576,	396,	'test',	269,	'0',	1,	0,	0,	0,	0,	1303485149,	1303485489,	'delete_game_hole'),
(577,	397,	'rururu',	180,	'0',	1,	0,	0,	0,	0,	1303485590,	1303830162,	'delete_game_hole'),
(578,	398,	'gogogo',	185,	'0',	4,	0,	0,	0,	0,	1303488068,	1303488202,	'delete_game_hole'),
(579,	398,	'gogogo',	210,	'0',	4,	0,	0,	0,	0,	1303488068,	1303488202,	'delete_game_hole'),
(580,	398,	'gogogo',	271,	'0',	4,	0,	0,	0,	0,	1303488068,	1303488202,	'delete_game_hole'),
(581,	398,	'gogogo',	274,	'0',	4,	0,	0,	0,	0,	1303488068,	1303488202,	'delete_game_hole'),
(582,	399,	'gogogo',	210,	'0',	3,	0,	0,	0,	0,	1303488223,	1303490638,	'delete_game_hole'),
(583,	399,	'gogogo',	271,	'0',	3,	0,	0,	0,	0,	1303488223,	1303490638,	'delete_game_hole'),
(584,	399,	'gogogo',	274,	'0',	3,	0,	0,	0,	0,	1303488223,	1303490638,	'delete_game_hole'),
(585,	400,	'RazRaz',	277,	'Oborotnya',	3,	3,	0,	1,	0,	1303489512,	1303490036,	'end_game_victory'),
(586,	400,	'RazRaz',	278,	'Oborotnya',	3,	3,	0,	1,	0,	1303489512,	1303490036,	'end_game_victory'),
(587,	400,	'RazRaz',	279,	'Oborotnya',	3,	3,	0,	1,	0,	1303489512,	1303490036,	'end_game_victory'),
(588,	401,	'moon',	272,	'0',	1,	0,	0,	0,	0,	1303490411,	1303490555,	'delete_game_hole'),
(589,	402,	'moon',	272,	'0',	4,	0,	0,	0,	0,	1303490687,	1303490992,	'delete_game_hole'),
(590,	402,	'moon',	261,	'0',	4,	0,	0,	0,	0,	1303490687,	1303490992,	'delete_game_hole'),
(591,	402,	'moon',	271,	'0',	4,	0,	0,	0,	0,	1303490687,	1303490992,	'delete_game_hole'),
(592,	402,	'moon',	274,	'0',	4,	0,	0,	0,	0,	1303490687,	1303490992,	'delete_game_hole'),
(593,	403,	'insy',	261,	'0',	3,	0,	0,	0,	0,	1303490908,	1303490909,	'delete_game_hole'),
(594,	403,	'insy',	271,	'0',	3,	0,	0,	0,	0,	1303490908,	1303490909,	'delete_game_hole'),
(595,	403,	'insy',	274,	'0',	3,	0,	0,	0,	0,	1303490908,	1303490909,	'delete_game_hole'),
(596,	404,	'insy',	261,	'0',	3,	0,	0,	0,	0,	1303491026,	1303495290,	'delete_game_hole'),
(597,	404,	'insy',	271,	'0',	3,	0,	0,	0,	0,	1303491026,	1303495290,	'delete_game_hole'),
(598,	404,	'insy',	274,	'0',	3,	0,	0,	0,	0,	1303491026,	1303495290,	'delete_game_hole'),
(599,	405,	'Moi',	280,	'0',	1,	0,	0,	0,	0,	1303491473,	1303491504,	'delete_game_hole'),
(600,	406,	'nhb',	282,	'0',	1,	0,	0,	0,	0,	1303491853,	1304591896,	'old_game'),
(601,	407,	'man',	285,	'0',	1,	0,	0,	0,	0,	1303492379,	1303492414,	'delete_game_hole'),
(602,	408,	'man',	281,	'0',	2,	0,	0,	0,	0,	1303492530,	1303493281,	'delete_game_hole'),
(603,	408,	'man',	285,	'0',	2,	0,	0,	0,	0,	1303492530,	1303493281,	'delete_game_hole'),
(604,	409,	'griz',	286,	'0',	1,	0,	0,	0,	0,	1303492927,	1303493248,	'delete_game_hole'),
(605,	411,	'Test',	287,	'0',	1,	0,	0,	0,	0,	1303495043,	1304591896,	'old_game'),
(606,	415,	'the_stol',	138,	'0',	1,	0,	0,	0,	0,	1303500783,	1303500831,	'delete_game_hole'),
(607,	416,	'ghgg',	138,	'0',	2,	0,	0,	0,	0,	1303501844,	1303723636,	'delete_game_hole'),
(608,	416,	'ghgg',	259,	'0',	2,	0,	0,	0,	0,	1303501844,	1303723636,	'delete_game_hole'),
(610,	418,	'dsffsd',	294,	'0',	1,	0,	0,	0,	0,	1303504683,	1303504834,	'delete_game_hole'),
(609,	417,	'the_table',	138,	'0',	1,	0,	0,	0,	0,	1303502841,	1303502960,	'delete_game_hole'),
(611,	419,	'ghfg',	294,	'0',	1,	0,	0,	0,	0,	1303504844,	1304591896,	'old_game'),
(612,	421,	'lalala',	295,	'0',	1,	0,	0,	0,	0,	1303507497,	1303507635,	'delete_game_hole'),
(613,	424,	'Nunchaku',	300,	'0',	1,	0,	0,	0,	0,	1303531632,	1303531804,	'delete_game_hole'),
(614,	425,	'5555',	186,	'TheFool',	2,	2,	0,	1,	0,	1303535066,	1303535142,	'end_game_victory'),
(615,	425,	'5555',	301,	'TheFool',	2,	2,	0,	1,	0,	1303535066,	1303535142,	'end_game_victory'),
(616,	426,	'Molier',	301,	'0',	1,	0,	0,	0,	0,	1303535174,	1303535626,	'delete_game_hole'),
(617,	427,	'probe',	190,	'0',	1,	0,	0,	0,	0,	1303535760,	1303536255,	'delete_game_hole'),
(618,	428,	'Munchkin',	186,	'artemezer',	3,	2,	0,	1,	0,	1303536265,	1303540098,	'end_game_victory'),
(619,	428,	'Munchkin',	190,	'artemezer',	3,	2,	0,	-1,	0,	1303536265,	1303540098,	'end_game_victory'),
(620,	428,	'Munchkin',	302,	'artemezer',	3,	2,	0,	1,	0,	1303536265,	1303540098,	'end_game_victory'),
(621,	429,	'One',	301,	'0',	1,	0,	0,	0,	0,	1303536451,	1303536616,	'delete_game_hole'),
(622,	430,	'moli',	301,	'0',	1,	0,	0,	0,	0,	1303537363,	1303537691,	'delete_game_hole'),
(623,	431,	'priveddd',	301,	'0',	2,	0,	0,	0,	0,	1303537864,	1303539252,	'delete_game_hole'),
(624,	431,	'priveddd',	303,	'0',	2,	0,	0,	0,	0,	1303537864,	1303539252,	'delete_game_hole'),
(625,	432,	'fghj',	301,	'0',	2,	0,	0,	0,	0,	1303540506,	1303543094,	'delete_game_hole'),
(626,	432,	'fghj',	304,	'0',	2,	0,	0,	0,	0,	1303540506,	1303543094,	'delete_game_hole'),
(627,	433,	'inSy',	271,	'0',	1,	0,	0,	0,	0,	1303541572,	1303541581,	'delete_game_hole'),
(628,	434,	'pixel',	291,	'0',	1,	0,	0,	0,	0,	1303541764,	1304591896,	'old_game'),
(629,	435,	'manch',	307,	'0',	1,	0,	0,	0,	0,	1303543592,	1303543700,	'delete_game_hole'),
(630,	436,	'none',	275,	'0',	1,	0,	0,	0,	0,	1303544459,	1304591896,	'old_game'),
(631,	438,	'stolus',	261,	'0',	2,	0,	0,	0,	0,	1303545972,	1303546006,	'delete_game_hole'),
(632,	438,	'stolus',	309,	'0',	2,	0,	0,	0,	0,	1303545972,	1303546006,	'delete_game_hole'),
(633,	439,	'stolus',	261,	'0',	3,	0,	0,	0,	0,	1303546345,	1303547023,	'delete_game_hole'),
(634,	439,	'stolus',	302,	'0',	3,	0,	0,	0,	0,	1303546345,	1303547023,	'delete_game_hole'),
(635,	439,	'stolus',	310,	'0',	3,	0,	0,	0,	0,	1303546345,	1303547023,	'delete_game_hole'),
(636,	440,	'stolus',	178,	'artemezer',	3,	3,	0,	1,	0,	1303547064,	1303550845,	'end_game_victory'),
(637,	440,	'stolus',	261,	'artemezer',	3,	3,	0,	1,	0,	1303547064,	1303550845,	'end_game_victory'),
(638,	440,	'stolus',	302,	'artemezer',	3,	3,	0,	1,	0,	1303547064,	1303550845,	'end_game_victory'),
(639,	441,	'priveddd',	303,	'0',	1,	0,	0,	0,	0,	1303549666,	1303560232,	'delete_game_hole'),
(640,	442,	'vovanka',	305,	'vovanka',	1,	1,	0,	1,	0,	1303550240,	1303550419,	'end_game_victory'),
(641,	443,	'пр',	305,	'vovanka',	1,	1,	0,	1,	0,	1303550532,	1303550792,	'end_game_victory'),
(642,	445,	'123456',	313,	'0',	1,	0,	0,	0,	0,	1303551153,	1304591896,	'old_game'),
(643,	449,	'CyDa',	288,	'0',	2,	0,	0,	0,	0,	1303552445,	1303552918,	'delete_game_hole'),
(644,	449,	'CyDa',	314,	'0',	2,	0,	0,	0,	0,	1303552445,	1303552918,	'delete_game_hole'),
(645,	451,	'artemezer',	270,	'0',	3,	0,	0,	0,	0,	1303553014,	1303557529,	'delete_game_hole'),
(646,	451,	'artemezer',	302,	'0',	3,	0,	0,	0,	0,	1303553014,	1303557529,	'delete_game_hole'),
(647,	451,	'artemezer',	314,	'0',	3,	0,	0,	0,	0,	1303553014,	1303557529,	'delete_game_hole'),
(648,	452,	'qqq',	297,	'0',	2,	0,	0,	0,	0,	1303553435,	1303553461,	'delete_game_hole'),
(649,	452,	'qqq',	315,	'0',	2,	0,	0,	0,	0,	1303553435,	1303553461,	'delete_game_hole'),
(650,	453,	'Balalaikf',	315,	'0',	1,	0,	0,	0,	0,	1303554260,	1303554638,	'delete_game_hole'),
(651,	454,	'test123',	317,	'0',	1,	0,	0,	0,	0,	1303554543,	1304591896,	'old_game'),
(652,	455,	'1234',	186,	'0',	6,	0,	0,	0,	0,	1303555205,	1304591896,	'old_game'),
(653,	455,	'1234',	284,	'0',	6,	0,	0,	0,	0,	1303555205,	1304591896,	'old_game'),
(654,	455,	'1234',	321,	'0',	6,	0,	0,	0,	0,	1303555205,	1304591896,	'old_game'),
(655,	455,	'1234',	320,	'0',	6,	0,	0,	0,	0,	1303555205,	1304591896,	'old_game'),
(656,	455,	'1234',	322,	'0',	6,	0,	0,	0,	0,	1303555205,	1304591896,	'old_game'),
(657,	455,	'1234',	323,	'0',	6,	0,	0,	0,	0,	1303555205,	1304591896,	'old_game'),
(658,	456,	'Sosach',	315,	'Rakodil',	6,	5,	0,	1,	0,	1303555534,	1303556104,	'end_game_victory'),
(659,	456,	'Sosach',	324,	'Rakodil',	6,	5,	0,	1,	0,	1303555534,	1303556104,	'end_game_victory'),
(660,	456,	'Sosach',	325,	'Rakodil',	6,	5,	0,	1,	0,	1303555534,	1303556104,	'end_game_victory'),
(661,	456,	'Sosach',	326,	'Rakodil',	6,	5,	0,	1,	0,	1303555534,	1303556104,	'end_game_victory'),
(662,	456,	'Sosach',	328,	'Rakodil',	6,	5,	0,	1,	0,	1303555534,	1303556104,	'end_game_victory'),
(663,	456,	'Sosach',	329,	'Rakodil',	6,	5,	0,	-1,	0,	1303555534,	1303556104,	'end_game_victory'),
(664,	457,	'ytf',	330,	'0',	1,	0,	0,	0,	0,	1303555649,	1303555874,	'delete_game_hole'),
(665,	458,	'LandOfSomali',	333,	'0',	4,	0,	0,	0,	0,	1303555922,	1304591896,	'old_game'),
(666,	458,	'LandOfSomali',	332,	'0',	4,	0,	0,	0,	0,	1303555923,	1304591896,	'old_game'),
(667,	458,	'LandOfSomali',	330,	'0',	4,	0,	0,	0,	0,	1303555923,	1304591896,	'old_game'),
(668,	458,	'LandOfSomali',	331,	'0',	4,	0,	0,	0,	0,	1303555923,	1304591896,	'old_game'),
(669,	459,	'hexx',	297,	'0',	5,	0,	0,	0,	0,	1303556200,	1304591896,	'old_game'),
(670,	459,	'hexx',	324,	'0',	5,	0,	0,	0,	0,	1303556201,	1304591896,	'old_game'),
(671,	459,	'hexx',	327,	'0',	5,	0,	0,	0,	0,	1303556201,	1304591896,	'old_game'),
(672,	459,	'hexx',	334,	'0',	5,	0,	0,	0,	0,	1303556201,	1304591896,	'old_game'),
(673,	459,	'hexx',	335,	'0',	5,	0,	0,	0,	0,	1303556201,	1304591896,	'old_game'),
(674,	460,	'LandOfSomali2',	339,	'0',	2,	0,	0,	0,	0,	1303556298,	1304591896,	'old_game'),
(675,	460,	'LandOfSomali2',	338,	'0',	2,	0,	0,	0,	0,	1303556298,	1304591896,	'old_game'),
(676,	461,	'pidr',	297,	'0',	3,	0,	0,	0,	0,	1303557337,	1304591896,	'old_game'),
(677,	461,	'pidr',	340,	'0',	3,	0,	0,	0,	0,	1303557337,	1304591896,	'old_game'),
(678,	461,	'pidr',	345,	'0',	3,	0,	0,	0,	0,	1303557337,	1304591896,	'old_game'),
(679,	462,	'tirech',	297,	'0',	3,	0,	0,	0,	0,	1303557531,	1303558162,	'delete_game_hole'),
(680,	462,	'tirech',	302,	'0',	3,	0,	0,	0,	0,	1303557531,	1303558162,	'delete_game_hole'),
(681,	462,	'tirech',	343,	'0',	3,	0,	0,	0,	0,	1303557531,	1303558162,	'delete_game_hole'),
(682,	463,	'lawwr',	346,	'0',	1,	0,	0,	0,	0,	1303557591,	1304591896,	'old_game'),
(683,	464,	'bla',	295,	'0',	4,	0,	0,	0,	0,	1303558363,	1304591896,	'old_game'),
(684,	464,	'bla',	297,	'0',	4,	0,	0,	0,	0,	1303558363,	1304591896,	'old_game'),
(685,	464,	'bla',	335,	'0',	4,	0,	0,	0,	0,	1303558363,	1304591896,	'old_game'),
(686,	464,	'bla',	347,	'0',	4,	0,	0,	0,	0,	1303558363,	1304591896,	'old_game'),
(688,	466,	'test23576',	350,	'0',	1,	0,	0,	0,	0,	1303561580,	1304591896,	'old_game'),
(687,	465,	'fxghfmdfhasgfag',	322,	'0',	1,	0,	0,	0,	0,	1303559327,	1304591896,	'old_game'),
(689,	467,	'govno',	349,	'0',	1,	0,	0,	0,	0,	1303562355,	1303569516,	'delete_game_hole'),
(690,	468,	'sadas',	351,	'0',	1,	0,	0,	0,	0,	1303562741,	1303564322,	'delete_game_hole'),
(691,	469,	'fqw',	351,	'0',	1,	0,	0,	0,	0,	1303564333,	1304591896,	'old_game'),
(692,	470,	'tirech',	319,	'0',	1,	0,	0,	0,	0,	1303564441,	1303564514,	'delete_game_hole'),
(693,	471,	'222',	190,	'0',	3,	0,	0,	0,	0,	1303566043,	1304591896,	'old_game'),
(694,	471,	'222',	297,	'0',	3,	0,	0,	0,	0,	1303566043,	1304591896,	'old_game'),
(695,	471,	'222',	319,	'0',	3,	0,	0,	0,	0,	1303566043,	1304591896,	'old_game'),
(696,	472,	'manchkin',	353,	'0',	1,	0,	0,	0,	0,	1303566342,	1304591896,	'old_game'),
(697,	473,	'artemezer',	190,	'artemezer',	3,	3,	0,	1,	0,	1303566920,	1303575476,	'end_game_victory'),
(698,	473,	'artemezer',	271,	'artemezer',	3,	3,	0,	1,	0,	1303566920,	1303575476,	'end_game_victory'),
(699,	473,	'artemezer',	302,	'artemezer',	3,	3,	0,	1,	0,	1303566920,	1303575476,	'end_game_victory'),
(700,	475,	'345',	226,	'0',	1,	0,	0,	0,	0,	1303567380,	1303567465,	'delete_game_hole'),
(701,	476,	'345',	226,	'0',	2,	0,	0,	0,	0,	1303567658,	1303567914,	'delete_game_hole'),
(702,	476,	'345',	354,	'0',	2,	0,	0,	0,	0,	1303567658,	1303567914,	'delete_game_hole'),
(703,	477,	'345',	226,	'0',	1,	0,	0,	0,	0,	1303567935,	1303568332,	'delete_game_hole'),
(704,	478,	'345',	226,	'oleg',	1,	1,	0,	1,	0,	1303568340,	1303568956,	'end_game_victory'),
(705,	479,	'prokl',	169,	'0',	2,	0,	0,	0,	0,	1303570097,	1303571507,	'delete_game_hole'),
(706,	479,	'prokl',	349,	'0',	2,	0,	0,	0,	0,	1303570097,	1303571507,	'delete_game_hole'),
(707,	480,	'223',	357,	'0',	1,	0,	0,	0,	0,	1303572299,	1303581549,	'delete_game_hole'),
(708,	481,	'testik',	359,	'0',	1,	0,	0,	0,	0,	1303572588,	1304591896,	'old_game'),
(709,	482,	'prokl1',	169,	'0',	2,	0,	0,	0,	0,	1303573974,	1303578698,	'delete_game_hole'),
(710,	482,	'prokl1',	360,	'0',	2,	0,	0,	0,	0,	1303573974,	1303578698,	'delete_game_hole'),
(711,	484,	'badums',	343,	'0',	1,	0,	0,	0,	0,	1303577427,	1303577904,	'delete_game_hole'),
(712,	485,	'LOL',	363,	'0',	1,	0,	0,	0,	0,	1303577816,	1303577932,	'delete_game_hole'),
(713,	486,	'nhjnjnj',	343,	'0',	1,	0,	0,	0,	0,	1303577928,	1303579045,	'delete_game_hole'),
(714,	483,	'lolcat',	362,	'0',	1,	0,	0,	0,	0,	1303578727,	1304591896,	'old_game'),
(715,	488,	'prokl2',	169,	'0',	2,	0,	0,	0,	0,	1303579012,	1303581039,	'delete_game_hole'),
(716,	488,	'prokl2',	181,	'0',	2,	0,	0,	0,	0,	1303579012,	1303581039,	'delete_game_hole'),
(717,	489,	'trolota',	169,	'prokl',	3,	3,	0,	1,	0,	1303581921,	1303589322,	'end_game_victory'),
(718,	489,	'trolota',	343,	'prokl',	3,	3,	0,	1,	0,	1303581921,	1303589322,	'end_game_victory'),
(719,	489,	'trolota',	357,	'prokl',	3,	3,	0,	1,	0,	1303581921,	1303589322,	'end_game_victory'),
(720,	490,	'goal',	364,	'0',	1,	0,	0,	0,	0,	1303584029,	1303584146,	'delete_game_hole'),
(721,	491,	'прп',	364,	'0',	1,	0,	0,	0,	0,	1303584338,	1303584448,	'delete_game_hole'),
(722,	492,	'rer',	297,	'0',	4,	0,	0,	0,	0,	1303587330,	1303587462,	'delete_game_hole'),
(723,	492,	'rer',	364,	'0',	4,	0,	0,	0,	0,	1303587330,	1303587462,	'delete_game_hole'),
(724,	492,	'rer',	366,	'0',	4,	0,	0,	0,	0,	1303587330,	1303587462,	'delete_game_hole'),
(725,	492,	'rer',	365,	'0',	4,	0,	0,	0,	0,	1303587330,	1303587462,	'delete_game_hole'),
(726,	493,	'qwerty',	344,	'0',	3,	0,	0,	0,	0,	1303588135,	1303588783,	'delete_game_hole'),
(727,	493,	'qwerty',	366,	'0',	3,	0,	0,	0,	0,	1303588135,	1303588783,	'delete_game_hole'),
(728,	493,	'qwerty',	365,	'0',	3,	0,	0,	0,	0,	1303588135,	1303588783,	'delete_game_hole'),
(729,	494,	'Night',	360,	'0',	1,	0,	0,	0,	0,	1303595860,	1303596121,	'delete_game_hole'),
(730,	495,	'Night',	360,	'0',	1,	0,	0,	0,	0,	1303596138,	1303596724,	'delete_game_hole'),
(731,	496,	'tetatet',	364,	'0',	1,	0,	0,	0,	0,	1303626363,	1303626494,	'delete_game_hole'),
(732,	497,	'tulka',	364,	'0',	1,	0,	0,	0,	0,	1303626514,	1303626530,	'delete_game_hole'),
(733,	500,	'pichh',	364,	'0',	2,	0,	0,	0,	0,	1303628238,	1304591896,	'old_game'),
(734,	500,	'pichh',	370,	'0',	2,	0,	0,	0,	0,	1303628238,	1304591896,	'old_game'),
(735,	501,	'рп',	364,	'0',	1,	0,	0,	0,	0,	1303628719,	1303629162,	'delete_game_hole'),
(736,	502,	'ASKME',	364,	'0',	1,	0,	0,	0,	0,	1303629780,	1303664698,	'delete_game_hole'),
(737,	503,	'Prisoedinyaytes',	372,	'0',	1,	0,	0,	0,	0,	1303633025,	1304591897,	'old_game'),
(738,	504,	'111',	53,	'0',	1,	0,	0,	0,	0,	1303635203,	1303635302,	'delete_game_hole'),
(739,	505,	'111',	53,	'0',	1,	0,	0,	0,	0,	1303635622,	1303635911,	'delete_game_hole'),
(740,	487,	'LOL',	367,	'0',	6,	0,	0,	0,	0,	1303635736,	1304591897,	'old_game'),
(741,	487,	'LOL',	302,	'0',	6,	0,	0,	0,	0,	1303635736,	1304591897,	'old_game'),
(742,	487,	'LOL',	309,	'0',	6,	0,	0,	0,	0,	1303635736,	1304591897,	'old_game'),
(743,	487,	'LOL',	363,	'0',	6,	0,	0,	0,	0,	1303635736,	1304591897,	'old_game'),
(744,	487,	'LOL',	368,	'0',	6,	0,	0,	0,	0,	1303635736,	1304591897,	'old_game'),
(745,	487,	'LOL',	375,	'0',	6,	0,	0,	0,	0,	1303635736,	1304591897,	'old_game'),
(746,	508,	'111',	380,	'0',	1,	0,	0,	0,	0,	1303641441,	1303641601,	'delete_game_hole'),
(747,	509,	'111',	302,	'0',	2,	0,	0,	0,	0,	1303642196,	1303642341,	'delete_game_hole'),
(748,	509,	'111',	380,	'0',	2,	0,	0,	0,	0,	1303642196,	1303642341,	'delete_game_hole'),
(749,	510,	'111',	380,	'0',	1,	0,	0,	0,	0,	1303642962,	1303643205,	'delete_game_hole'),
(750,	511,	'111',	186,	'0',	2,	0,	0,	0,	0,	1303643569,	1303644156,	'delete_game_hole'),
(751,	511,	'111',	380,	'0',	2,	0,	0,	0,	0,	1303643569,	1303644156,	'delete_game_hole'),
(752,	513,	'1212',	381,	'0',	1,	0,	0,	0,	0,	1303644753,	1303645109,	'delete_game_hole'),
(753,	512,	'111',	302,	'artemezer',	2,	0,	0,	0,	1303645204,	1303644770,	1303645684,	'delete_game_hole'),
(754,	512,	'111',	380,	'artemezer',	2,	0,	0,	0,	1303645204,	1303644770,	1303645684,	'delete_game_hole'),
(755,	514,	'1212',	381,	'0',	1,	0,	0,	0,	0,	1303645193,	1303645727,	'delete_game_hole'),
(756,	516,	'1212',	381,	'0',	1,	0,	0,	0,	0,	1303646297,	1303647001,	'delete_game_hole'),
(757,	517,	'wwww',	303,	'0',	1,	0,	0,	0,	0,	1303649037,	1303897916,	'delete_game_hole'),
(758,	518,	'1raz',	383,	'0',	1,	0,	0,	0,	0,	1303649677,	1303649929,	'delete_game_hole'),
(759,	519,	'proba',	385,	'0',	1,	0,	0,	0,	0,	1303652773,	1303652810,	'delete_game_hole'),
(760,	520,	'proba',	385,	'0',	1,	0,	0,	0,	0,	1303652818,	1303652852,	'delete_game_hole'),
(761,	521,	'prokl3',	169,	'pashasilent',	3,	3,	0,	1,	0,	1303653263,	1303659340,	'end_game_victory'),
(762,	521,	'prokl3',	369,	'pashasilent',	3,	3,	0,	1,	0,	1303653263,	1303659340,	'end_game_victory'),
(763,	521,	'prokl3',	385,	'pashasilent',	3,	3,	0,	1,	0,	1303653263,	1303659340,	'end_game_victory'),
(764,	522,	'EasterGame',	387,	'0',	1,	0,	0,	0,	0,	1303655027,	1303655068,	'delete_game_hole'),
(765,	515,	'111',	349,	'0',	6,	0,	0,	0,	0,	1303656162,	1304591896,	'old_game'),
(766,	515,	'111',	357,	'0',	6,	0,	0,	0,	0,	1303656162,	1304591896,	'old_game'),
(767,	515,	'111',	380,	'0',	6,	0,	0,	0,	0,	1303656162,	1304591896,	'old_game'),
(768,	515,	'111',	384,	'0',	6,	0,	0,	0,	0,	1303656162,	1304591896,	'old_game'),
(769,	515,	'111',	387,	'0',	6,	0,	0,	0,	0,	1303656162,	1304591896,	'old_game'),
(770,	515,	'111',	388,	'0',	6,	0,	0,	0,	0,	1303656162,	1304591896,	'old_game'),
(771,	523,	'zas',	278,	'0',	1,	0,	0,	0,	0,	1303656798,	1303656857,	'delete_game_hole'),
(772,	524,	'zas',	278,	'0',	1,	0,	0,	0,	0,	1303656877,	1304591897,	'old_game'),
(773,	525,	'xam69',	390,	'0',	3,	0,	0,	0,	0,	1303660666,	1303660800,	'delete_game_hole'),
(774,	525,	'xam69',	391,	'0',	3,	0,	0,	0,	0,	1303660666,	1303660800,	'delete_game_hole'),
(775,	525,	'xam69',	392,	'0',	3,	0,	0,	0,	0,	1303660666,	1303660800,	'delete_game_hole'),
(776,	526,	'xam69',	390,	'lordxam',	2,	2,	0,	1,	0,	1303660829,	1303664379,	'end_game_victory'),
(777,	526,	'xam69',	391,	'lordxam',	2,	2,	0,	1,	0,	1303660829,	1303664379,	'end_game_victory'),
(778,	527,	'artemezer',	302,	'0',	1,	0,	0,	0,	0,	1303661093,	1303661104,	'delete_game_hole'),
(779,	528,	'artemezer',	302,	'0',	2,	0,	0,	0,	0,	1303661721,	1303661843,	'delete_game_hole'),
(780,	528,	'artemezer',	387,	'0',	2,	0,	0,	0,	0,	1303661721,	1303661843,	'delete_game_hole'),
(781,	529,	'artemezer',	302,	'artemezer',	2,	2,	0,	1,	0,	1303662449,	1303668599,	'end_game_victory'),
(782,	529,	'artemezer',	387,	'artemezer',	2,	2,	0,	1,	0,	1303662449,	1303668599,	'end_game_victory'),
(783,	531,	'Alenka',	364,	'0',	2,	0,	0,	0,	0,	1303664807,	1303665165,	'delete_game_hole'),
(784,	531,	'Alenka',	384,	'0',	2,	0,	0,	0,	0,	1303664807,	1303665165,	'delete_game_hole'),
(785,	533,	'sandy',	364,	'0',	2,	0,	0,	0,	0,	1303665564,	1303818025,	'delete_game_hole'),
(786,	533,	'sandy',	384,	'0',	2,	0,	0,	0,	0,	1303665564,	1303818025,	'delete_game_hole'),
(787,	534,	'stttt',	394,	'0',	1,	0,	0,	0,	0,	1303666512,	1303667227,	'delete_game_hole'),
(788,	535,	'ррррр',	394,	'0',	1,	0,	0,	0,	0,	1303667380,	1303668145,	'delete_game_hole'),
(789,	536,	'312',	394,	'0',	3,	0,	0,	0,	0,	1303668258,	1303674622,	'delete_game_hole'),
(790,	536,	'312',	395,	'0',	3,	0,	0,	0,	0,	1303668258,	1303674622,	'delete_game_hole'),
(791,	536,	'312',	396,	'0',	3,	0,	0,	0,	0,	1303668258,	1303674622,	'delete_game_hole'),
(792,	537,	'nh123',	393,	'NightHoper',	1,	1,	0,	1,	0,	1303669273,	1303671476,	'end_game_victory'),
(793,	538,	'124',	398,	'0',	1,	0,	0,	0,	0,	1303671116,	1303671820,	'delete_game_hole'),
(794,	540,	'xam69',	390,	'mykonata',	3,	2,	0,	1,	0,	1303671992,	1303680085,	'end_game_victory'),
(795,	540,	'xam69',	391,	'mykonata',	3,	2,	0,	-1,	0,	1303671992,	1303680085,	'end_game_victory'),
(796,	540,	'xam69',	393,	'mykonata',	3,	2,	0,	1,	0,	1303671992,	1303680085,	'end_game_victory'),
(797,	541,	'LPx',	248,	'0',	1,	0,	0,	0,	0,	1303673299,	1303673318,	'delete_game_hole'),
(798,	542,	'naka_naka',	395,	'0',	3,	0,	0,	0,	0,	1303674951,	1303685259,	'delete_game_hole'),
(799,	542,	'naka_naka',	396,	'0',	3,	0,	0,	0,	0,	1303674952,	1303685259,	'delete_game_hole'),
(800,	542,	'naka_naka',	402,	'0',	3,	0,	0,	0,	0,	1303674952,	1303685259,	'delete_game_hole'),
(801,	543,	'skl',	405,	'0',	1,	0,	0,	0,	0,	1303687275,	1304591896,	'old_game'),
(802,	544,	'4itaki',	406,	'0',	1,	0,	0,	0,	0,	1303687597,	1304591896,	'old_game'),
(803,	546,	'sib',	366,	'0',	1,	0,	0,	0,	0,	1303701552,	1303701789,	'delete_game_hole'),
(804,	547,	'test1',	409,	'0',	1,	0,	0,	0,	0,	1303702563,	1303703782,	'delete_game_hole'),
(805,	548,	'gjgvnb',	58,	'0',	1,	0,	0,	0,	0,	1303703132,	1303703189,	'delete_game_hole'),
(806,	549,	'igraem',	58,	'0',	1,	0,	0,	0,	0,	1303703801,	1303870420,	'delete_game_hole'),
(807,	551,	'man4',	418,	'0',	1,	0,	0,	0,	0,	1303717995,	1303718077,	'delete_game_hole'),
(808,	552,	'312',	417,	'0',	1,	0,	0,	0,	0,	1303718066,	1303718134,	'delete_game_hole'),
(809,	553,	'man4',	417,	'Komrad_ankor',	2,	2,	0,	1,	0,	1303718167,	1303718531,	'end_game_victory'),
(810,	553,	'man4',	418,	'Komrad_ankor',	2,	2,	0,	1,	0,	1303718167,	1303718531,	'end_game_victory'),
(811,	555,	'zzz',	419,	'0',	1,	0,	0,	0,	0,	1303720810,	1303720857,	'delete_game_hole'),
(812,	556,	'lll',	259,	'0',	1,	0,	0,	0,	0,	1303723839,	1303831642,	'delete_game_hole'),
(813,	557,	'training',	392,	'0',	1,	0,	0,	0,	0,	1303724351,	1304591897,	'old_game'),
(814,	558,	'Axil',	357,	'supernatural',	3,	2,	0,	1,	0,	1303725159,	1303732586,	'end_game_victory'),
(815,	558,	'Axil',	369,	'supernatural',	3,	2,	0,	-1,	0,	1303725159,	1303732586,	'end_game_victory'),
(816,	558,	'Axil',	420,	'supernatural',	3,	2,	0,	1,	0,	1303725159,	1303732586,	'end_game_victory'),
(817,	559,	'Test34',	421,	'0',	1,	0,	0,	0,	0,	1303725649,	1303725704,	'delete_game_hole'),
(818,	560,	'manch',	425,	'0',	1,	0,	0,	0,	0,	1303728374,	1304591897,	'old_game'),
(819,	561,	'4509',	386,	'Tornir',	4,	4,	0,	1,	0,	1303731944,	1303738786,	'end_game_victory'),
(820,	561,	'4509',	421,	'Tornir',	4,	4,	0,	1,	0,	1303731944,	1303738786,	'end_game_victory'),
(821,	561,	'4509',	427,	'Tornir',	4,	4,	0,	1,	0,	1303731944,	1303738786,	'end_game_victory'),
(822,	561,	'4509',	428,	'Tornir',	4,	4,	0,	1,	0,	1303731944,	1303738786,	'end_game_victory'),
(823,	562,	'Welcome',	360,	'0',	1,	0,	0,	0,	0,	1303732579,	1303732638,	'delete_game_hole'),
(824,	563,	'qweert',	427,	'juristik',	1,	0,	0,	0,	1303732973,	1303732683,	1304591897,	'old_game'),
(825,	564,	'Welcome',	360,	'0',	2,	0,	0,	0,	0,	1303734208,	1303735850,	'delete_game_hole'),
(826,	564,	'Welcome',	429,	'0',	2,	0,	0,	0,	0,	1303734208,	1303735850,	'delete_game_hole'),
(827,	565,	'qqq',	412,	'0',	1,	0,	0,	0,	0,	1303735057,	1303735147,	'delete_game_hole'),
(828,	566,	'1232456',	412,	'0',	2,	0,	0,	0,	0,	1303735842,	1303735915,	'delete_game_hole'),
(829,	566,	'1232456',	430,	'0',	2,	0,	0,	0,	0,	1303735842,	1303735915,	'delete_game_hole'),
(830,	567,	'Welcome',	360,	'pashasilent',	3,	3,	0,	1,	0,	1303736028,	1303736662,	'end_game_victory'),
(831,	567,	'Welcome',	369,	'pashasilent',	3,	3,	0,	1,	0,	1303736028,	1303736662,	'end_game_victory'),
(832,	567,	'Welcome',	412,	'pashasilent',	3,	3,	0,	1,	0,	1303736028,	1303736662,	'end_game_victory'),
(833,	568,	'gogogo',	174,	'Damironi',	4,	4,	0,	1,	0,	1303736887,	1303747511,	'end_game_victory'),
(834,	568,	'gogogo',	367,	'Damironi',	4,	4,	0,	1,	0,	1303736887,	1303747511,	'end_game_victory'),
(835,	568,	'gogogo',	369,	'Damironi',	4,	4,	0,	1,	0,	1303736887,	1303747511,	'end_game_victory'),
(836,	568,	'gogogo',	429,	'Damironi',	4,	4,	0,	1,	0,	1303736887,	1303747511,	'end_game_victory'),
(837,	569,	'Socrat_test',	10,	'0',	1,	0,	0,	0,	0,	1303738464,	1304591897,	'old_game'),
(838,	570,	'betmeni',	343,	'Backfire',	3,	3,	0,	1,	0,	1303739037,	1303744571,	'end_game_victory'),
(839,	570,	'betmeni',	357,	'Backfire',	3,	3,	0,	1,	0,	1303739037,	1303744571,	'end_game_victory'),
(840,	570,	'betmeni',	386,	'Backfire',	3,	3,	0,	1,	0,	1303739037,	1303744571,	'end_game_victory'),
(841,	571,	'mytest',	431,	'0',	1,	0,	0,	0,	0,	1303739237,	1304591897,	'old_game'),
(842,	572,	'artemezer',	302,	'0',	1,	0,	0,	0,	0,	1303741242,	1303741705,	'delete_game_hole'),
(843,	573,	'artemezer',	302,	'0',	2,	0,	0,	0,	0,	1303742581,	1303744216,	'delete_game_hole'),
(844,	573,	'artemezer',	388,	'0',	2,	0,	0,	0,	0,	1303742581,	1303744216,	'delete_game_hole'),
(845,	574,	'stol2',	264,	'0',	2,	0,	0,	0,	0,	1303743953,	1303747896,	'delete_game_hole'),
(846,	574,	'stol2',	388,	'0',	2,	0,	0,	0,	0,	1303743953,	1303747896,	'delete_game_hole'),
(847,	575,	'121',	302,	'0',	2,	0,	0,	0,	0,	1303744823,	1303745621,	'delete_game_hole'),
(848,	575,	'121',	357,	'0',	2,	0,	0,	0,	0,	1303744823,	1303745621,	'delete_game_hole'),
(849,	577,	'121',	302,	'0',	1,	0,	0,	0,	0,	1303746286,	1303746299,	'delete_game_hole'),
(850,	576,	'lolwut',	302,	'0',	2,	0,	0,	0,	0,	1303746358,	1303746548,	'delete_game_hole'),
(851,	576,	'lolwut',	357,	'0',	2,	0,	0,	0,	0,	1303746358,	1303746548,	'delete_game_hole'),
(852,	578,	'manchtest',	408,	'Sigurd',	2,	2,	0,	1,	0,	1303747772,	1303752869,	'end_game_victory'),
(853,	578,	'manchtest',	433,	'Sigurd',	2,	2,	0,	1,	0,	1303747772,	1303752869,	'end_game_victory'),
(854,	580,	'xam69',	390,	'0',	3,	0,	0,	0,	0,	1303750854,	1303750891,	'delete_game_hole'),
(855,	580,	'xam69',	391,	'0',	3,	0,	0,	0,	0,	1303750854,	1303750891,	'delete_game_hole'),
(856,	580,	'xam69',	404,	'0',	3,	0,	0,	0,	0,	1303750854,	1303750891,	'delete_game_hole'),
(857,	581,	'xam69',	357,	'0',	4,	0,	0,	0,	0,	1303751162,	1303751251,	'delete_game_hole'),
(858,	581,	'xam69',	390,	'0',	4,	0,	0,	0,	0,	1303751162,	1303751251,	'delete_game_hole'),
(859,	581,	'xam69',	391,	'0',	4,	0,	0,	0,	0,	1303751162,	1303751251,	'delete_game_hole'),
(860,	581,	'xam69',	404,	'0',	4,	0,	0,	0,	0,	1303751162,	1303751251,	'delete_game_hole'),
(861,	582,	'artemezer',	302,	'0',	1,	0,	0,	0,	0,	1303751449,	1303751640,	'delete_game_hole'),
(862,	583,	'xam69',	357,	'0',	3,	0,	0,	0,	0,	1303751490,	1303751512,	'delete_game_hole'),
(863,	583,	'xam69',	390,	'0',	3,	0,	0,	0,	0,	1303751490,	1303751512,	'delete_game_hole'),
(864,	583,	'xam69',	391,	'0',	3,	0,	0,	0,	0,	1303751490,	1303751512,	'delete_game_hole'),
(865,	584,	'artemezer',	302,	'0',	2,	0,	0,	0,	0,	1303751790,	1303753076,	'delete_game_hole'),
(866,	584,	'artemezer',	438,	'0',	2,	0,	0,	0,	0,	1303751790,	1303753076,	'delete_game_hole'),
(867,	585,	'nitaol',	396,	'0',	2,	0,	0,	0,	0,	1303751964,	1303752159,	'delete_game_hole'),
(868,	585,	'nitaol',	414,	'0',	2,	0,	0,	0,	0,	1303751964,	1303752159,	'delete_game_hole'),
(869,	586,	'nitaol',	396,	'0',	3,	0,	0,	0,	0,	1303752202,	1303762595,	'delete_game_hole'),
(870,	586,	'nitaol',	402,	'0',	3,	0,	0,	0,	0,	1303752202,	1303762595,	'delete_game_hole'),
(871,	586,	'nitaol',	414,	'0',	3,	0,	0,	0,	0,	1303752202,	1303762595,	'delete_game_hole'),
(872,	587,	'artemezer',	367,	'0',	3,	0,	0,	0,	0,	1303755227,	1303829896,	'delete_game_hole'),
(873,	587,	'artemezer',	302,	'0',	3,	0,	0,	0,	0,	1303755227,	1303829896,	'delete_game_hole'),
(874,	587,	'artemezer',	371,	'0',	3,	0,	0,	0,	0,	1303755227,	1303829896,	'delete_game_hole'),
(875,	588,	'dfs',	420,	'0',	1,	0,	0,	0,	0,	1303756837,	1303757651,	'delete_game_hole'),
(876,	589,	'gogogogo',	138,	'0',	3,	0,	0,	0,	0,	1303757683,	1303763489,	'delete_game_hole'),
(877,	589,	'gogogogo',	367,	'0',	3,	0,	0,	0,	0,	1303757683,	1303763489,	'delete_game_hole'),
(878,	589,	'gogogogo',	420,	'0',	3,	0,	0,	0,	0,	1303757683,	1303763489,	'delete_game_hole'),
(879,	590,	'Idemigrat',	439,	'0',	1,	0,	0,	0,	0,	1303759301,	1303967503,	'delete_game_hole'),
(880,	591,	'ndg',	344,	'0',	1,	0,	0,	0,	0,	1303760851,	1303760942,	'delete_game_hole'),
(881,	592,	'gogoggo',	367,	'0',	1,	0,	0,	0,	0,	1303764169,	1303764383,	'delete_game_hole'),
(882,	593,	'Test5',	36,	'0',	1,	0,	0,	0,	0,	1303795470,	1303795484,	'delete_game_hole'),
(883,	594,	'35645687',	443,	'0',	1,	0,	0,	0,	0,	1303795774,	1303795843,	'delete_game_hole'),
(884,	595,	'qwerty',	446,	'0',	1,	0,	0,	0,	0,	1303799436,	1303799877,	'delete_game_hole'),
(885,	596,	'ку',	27,	'Bazzil',	3,	3,	0,	1,	0,	1303806282,	1303807007,	'end_game_victory'),
(886,	596,	'ку',	448,	'Bazzil',	3,	3,	0,	1,	0,	1303806282,	1303807007,	'end_game_victory'),
(887,	596,	'ку',	449,	'Bazzil',	3,	3,	0,	1,	0,	1303806282,	1303807007,	'end_game_victory'),
(888,	597,	'the_table',	27,	'0',	2,	0,	0,	0,	0,	1303809297,	1303810259,	'delete_game_hole'),
(889,	597,	'the_table',	138,	'0',	2,	0,	0,	0,	0,	1303809297,	1303810259,	'delete_game_hole'),
(890,	598,	'peTushKi',	138,	'0',	3,	0,	0,	0,	0,	1303810322,	1303810678,	'delete_game_hole'),
(891,	598,	'peTushKi',	343,	'0',	3,	0,	0,	0,	0,	1303810322,	1303810678,	'delete_game_hole'),
(892,	598,	'peTushKi',	450,	'0',	3,	0,	0,	0,	0,	1303810322,	1303810678,	'delete_game_hole'),
(893,	599,	'peTushKi',	138,	'0',	2,	0,	0,	0,	0,	1303810870,	1303810982,	'delete_game_hole'),
(894,	599,	'peTushKi',	343,	'0',	2,	0,	0,	0,	0,	1303810870,	1303810982,	'delete_game_hole'),
(895,	602,	'Xuita',	129,	'0',	3,	0,	0,	0,	0,	1303811690,	1303813016,	'delete_game_hole'),
(896,	602,	'Xuita',	138,	'0',	3,	0,	0,	0,	0,	1303811690,	1303813016,	'delete_game_hole'),
(897,	602,	'Xuita',	343,	'0',	3,	0,	0,	0,	0,	1303811690,	1303813016,	'delete_game_hole'),
(898,	603,	'Cnek',	450,	'0',	1,	0,	0,	0,	0,	1303813744,	1303880426,	'delete_game_hole'),
(899,	604,	'TableName',	453,	'0',	1,	0,	0,	0,	0,	1303816024,	1303816270,	'delete_game_hole'),
(900,	605,	'3216584954156',	179,	'0',	1,	0,	0,	0,	0,	1303816614,	1303816673,	'delete_game_hole'),
(901,	606,	'3216584954156',	179,	'0',	1,	0,	0,	0,	0,	1303817980,	1303818943,	'delete_game_hole'),
(902,	607,	'sama',	169,	'Sunshine',	5,	5,	0,	1,	0,	1303818643,	1303820136,	'end_game_victory'),
(903,	607,	'sama',	178,	'Sunshine',	5,	5,	0,	1,	0,	1303818643,	1303820136,	'end_game_victory'),
(904,	607,	'sama',	364,	'Sunshine',	5,	5,	0,	1,	0,	1303818643,	1303820136,	'end_game_victory'),
(905,	607,	'sama',	455,	'Sunshine',	5,	5,	0,	1,	0,	1303818643,	1303820136,	'end_game_victory'),
(906,	607,	'sama',	454,	'Sunshine',	5,	5,	0,	1,	0,	1303818643,	1303820136,	'end_game_victory'),
(907,	608,	'learn',	456,	'0',	1,	0,	0,	0,	0,	1303818742,	1303819529,	'delete_game_hole'),
(908,	611,	'DoNotEnter',	234,	'0',	2,	0,	0,	0,	0,	1303819367,	1304061760,	'delete_game_hole'),
(909,	611,	'DoNotEnter',	241,	'0',	2,	0,	0,	0,	0,	1303819367,	1304061760,	'delete_game_hole'),
(910,	610,	'Game1',	456,	'0',	4,	0,	0,	0,	0,	1303819555,	1303820130,	'delete_game_hole'),
(911,	610,	'Game1',	457,	'0',	4,	0,	0,	0,	0,	1303819555,	1303820130,	'delete_game_hole'),
(912,	610,	'Game1',	458,	'0',	4,	0,	0,	0,	0,	1303819555,	1303820130,	'delete_game_hole'),
(913,	610,	'Game1',	459,	'0',	4,	0,	0,	0,	0,	1303819555,	1303820130,	'delete_game_hole'),
(914,	612,	'hehe',	451,	'0',	3,	0,	0,	0,	0,	1303820162,	1304591897,	'old_game'),
(915,	612,	'hehe',	457,	'0',	3,	0,	0,	0,	0,	1303820162,	1304591897,	'old_game'),
(916,	612,	'hehe',	458,	'0',	3,	0,	0,	0,	0,	1303820162,	1304591897,	'old_game'),
(917,	614,	'11111',	178,	'0',	3,	0,	0,	0,	0,	1303824377,	1303824457,	'delete_game_hole'),
(918,	614,	'11111',	386,	'0',	3,	0,	0,	0,	0,	1303824377,	1303824457,	'delete_game_hole'),
(919,	614,	'11111',	421,	'0',	3,	0,	0,	0,	0,	1303824377,	1303824457,	'delete_game_hole'),
(920,	615,	'11111',	178,	'Sunshine',	3,	3,	0,	1,	0,	1303824491,	1303833833,	'end_game_victory'),
(921,	615,	'11111',	386,	'Sunshine',	3,	3,	0,	1,	0,	1303824491,	1303833833,	'end_game_victory'),
(922,	615,	'11111',	421,	'Sunshine',	3,	3,	0,	1,	0,	1303824491,	1303833833,	'end_game_victory'),
(923,	617,	'Nitros',	455,	'Nitros',	2,	2,	0,	1,	0,	1303826890,	1303827621,	'end_game_victory'),
(924,	617,	'Nitros',	460,	'Nitros',	2,	2,	0,	1,	0,	1303826890,	1303827621,	'end_game_victory'),
(925,	618,	'OLOLO',	461,	'0',	2,	0,	0,	0,	0,	1303827032,	1304591897,	'old_game'),
(926,	618,	'OLOLO',	462,	'0',	2,	0,	0,	0,	0,	1303827032,	1304591897,	'old_game'),
(927,	619,	'artemezer',	180,	'0',	2,	0,	0,	0,	0,	1303830707,	1303830850,	'delete_game_hole'),
(928,	619,	'artemezer',	302,	'0',	2,	0,	0,	0,	0,	1303830707,	1303830850,	'delete_game_hole'),
(929,	620,	'Ane4ka',	179,	'0',	3,	0,	0,	0,	0,	1303830926,	1303907547,	'delete_game_hole'),
(930,	620,	'Ane4ka',	180,	'0',	3,	0,	0,	0,	0,	1303830926,	1303907547,	'delete_game_hole'),
(931,	620,	'Ane4ka',	302,	'0',	3,	0,	0,	0,	0,	1303830926,	1303907547,	'delete_game_hole'),
(932,	621,	'Kei',	434,	'0',	3,	0,	0,	0,	0,	1303831439,	1303832011,	'delete_game_hole'),
(933,	621,	'Kei',	302,	'0',	3,	0,	0,	0,	0,	1303831439,	1303832011,	'delete_game_hole'),
(934,	621,	'Kei',	463,	'0',	3,	0,	0,	0,	0,	1303831439,	1303832011,	'delete_game_hole'),
(935,	622,	'ппп',	259,	'0',	2,	0,	0,	0,	0,	1303831857,	1304591896,	'old_game'),
(936,	622,	'ппп',	455,	'0',	2,	0,	0,	0,	0,	1303831857,	1304591896,	'old_game'),
(937,	623,	'testgame',	169,	'0',	3,	0,	0,	0,	0,	1303832025,	1303833583,	'delete_game_hole'),
(938,	623,	'testgame',	434,	'0',	3,	0,	0,	0,	0,	1303832025,	1303833583,	'delete_game_hole'),
(939,	623,	'testgame',	463,	'0',	3,	0,	0,	0,	0,	1303832025,	1303833583,	'delete_game_hole'),
(940,	624,	'346543',	179,	'0',	1,	0,	0,	0,	0,	1303834056,	1303834765,	'delete_game_hole'),
(941,	625,	'wildgeese',	408,	'Sigurd',	2,	2,	0,	1,	0,	1303835264,	1303840954,	'end_game_victory'),
(942,	625,	'wildgeese',	465,	'Sigurd',	2,	2,	0,	1,	0,	1303835264,	1303840954,	'end_game_victory'),
(943,	630,	'Nitros',	455,	'0',	2,	0,	0,	0,	0,	1303837730,	1303838264,	'delete_game_hole'),
(944,	630,	'Nitros',	460,	'0',	2,	0,	0,	0,	0,	1303837730,	1303838264,	'delete_game_hole'),
(945,	631,	'xam69',	390,	'0',	3,	0,	0,	0,	0,	1303837985,	1303838435,	'delete_game_hole'),
(946,	631,	'xam69',	391,	'0',	3,	0,	0,	0,	0,	1303837985,	1303838435,	'delete_game_hole'),
(947,	631,	'xam69',	442,	'0',	3,	0,	0,	0,	0,	1303837985,	1303838435,	'delete_game_hole'),
(948,	632,	'Nitros',	357,	'0',	3,	0,	0,	0,	0,	1303838421,	1303838683,	'delete_game_hole'),
(949,	632,	'Nitros',	455,	'0',	3,	0,	0,	0,	0,	1303838421,	1303838683,	'delete_game_hole'),
(950,	632,	'Nitros',	460,	'0',	3,	0,	0,	0,	0,	1303838421,	1303838683,	'delete_game_hole'),
(951,	633,	'ttlpwnd',	390,	'0',	3,	0,	0,	0,	0,	1303838529,	1303838669,	'delete_game_hole'),
(952,	633,	'ttlpwnd',	391,	'0',	3,	0,	0,	0,	0,	1303838529,	1303838669,	'delete_game_hole'),
(953,	633,	'ttlpwnd',	442,	'0',	3,	0,	0,	0,	0,	1303838529,	1303838669,	'delete_game_hole'),
(954,	635,	'crubs',	109,	'kampilosse',	2,	2,	0,	1,	0,	1303839083,	1303848509,	'end_game_victory'),
(955,	635,	'crubs',	111,	'kampilosse',	2,	2,	0,	1,	0,	1303839083,	1303848509,	'end_game_victory'),
(956,	636,	'table12342',	467,	'0',	1,	0,	0,	0,	0,	1303841094,	1303841228,	'delete_game_hole'),
(957,	637,	'ttlpwnd',	357,	'0',	3,	0,	0,	0,	0,	1303841611,	1303841620,	'delete_game_hole'),
(958,	637,	'ttlpwnd',	390,	'0',	3,	0,	0,	0,	0,	1303841611,	1303841620,	'delete_game_hole'),
(959,	637,	'ttlpwnd',	442,	'0',	3,	0,	0,	0,	0,	1303841611,	1303841620,	'delete_game_hole'),
(960,	638,	'ttlpwnd',	390,	'mykonata',	3,	3,	0,	1,	0,	1303841651,	1303845983,	'end_game_victory'),
(961,	638,	'ttlpwnd',	391,	'mykonata',	3,	3,	0,	1,	0,	1303841651,	1303845983,	'end_game_victory'),
(962,	638,	'ttlpwnd',	442,	'mykonata',	3,	3,	0,	1,	0,	1303841651,	1303845983,	'end_game_victory'),
(963,	639,	'crubs',	109,	'0',	3,	0,	0,	0,	0,	1303848534,	1303930956,	'delete_game_hole'),
(964,	639,	'crubs',	111,	'0',	3,	0,	0,	0,	0,	1303848534,	1303930956,	'delete_game_hole'),
(965,	639,	'crubs',	420,	'0',	3,	0,	0,	0,	0,	1303848534,	1303930956,	'delete_game_hole'),
(966,	640,	'Demetry',	469,	'0',	1,	0,	0,	0,	0,	1303848761,	1303848798,	'delete_game_hole'),
(967,	641,	'AUNAROD',	469,	'0',	1,	0,	0,	0,	0,	1303848976,	1303849060,	'delete_game_hole'),
(968,	642,	'Demetry',	469,	'0',	1,	0,	0,	0,	0,	1303849448,	1303849498,	'delete_game_hole'),
(969,	643,	'1505',	469,	'0',	2,	0,	0,	0,	0,	1303851475,	1303852214,	'delete_game_hole'),
(970,	643,	'1505',	470,	'0',	2,	0,	0,	0,	0,	1303851475,	1303852214,	'delete_game_hole'),
(971,	644,	'Narod',	469,	'0',	1,	0,	0,	0,	0,	1303852721,	1303852737,	'delete_game_hole'),
(972,	646,	'IgraemM',	115,	'0',	3,	0,	0,	0,	0,	1303853380,	1303889415,	'delete_game_hole'),
(973,	646,	'IgraemM',	469,	'0',	3,	0,	0,	0,	0,	1303853380,	1303889415,	'delete_game_hole'),
(974,	646,	'IgraemM',	470,	'0',	3,	0,	0,	0,	0,	1303853380,	1303889415,	'delete_game_hole'),
(975,	647,	'Manchkinomania',	472,	'0',	1,	0,	0,	0,	0,	1303878712,	1303879391,	'delete_game_hole'),
(976,	648,	'manc',	472,	'0',	1,	0,	0,	0,	0,	1303880273,	1303880958,	'delete_game_hole'),
(977,	649,	'nuke',	450,	'0',	1,	0,	0,	0,	0,	1303880680,	1303880965,	'delete_game_hole'),
(978,	650,	'Munchik',	413,	'0',	2,	0,	0,	0,	0,	1303882716,	1304591897,	'old_game'),
(979,	650,	'Munchik',	447,	'0',	2,	0,	0,	0,	0,	1303882716,	1304591897,	'old_game'),
(980,	651,	'hop',	450,	'0',	2,	0,	0,	0,	0,	1303884381,	1303884636,	'delete_game_hole'),
(981,	651,	'hop',	472,	'0',	2,	0,	0,	0,	0,	1303884381,	1303884636,	'delete_game_hole'),
(982,	653,	'Man',	27,	'0',	2,	0,	0,	0,	0,	1303885077,	1303887527,	'delete_game_hole'),
(983,	653,	'Man',	472,	'0',	2,	0,	0,	0,	0,	1303885077,	1303887527,	'delete_game_hole'),
(984,	654,	'ylz',	473,	'0',	1,	0,	0,	0,	0,	1303887771,	1304591895,	'old_game'),
(985,	656,	'everybodylies',	475,	'0',	1,	0,	0,	0,	0,	1303890248,	1304591897,	'old_game'),
(986,	655,	'natroih',	27,	'Bazzil',	4,	4,	0,	1,	0,	1303890539,	1303897729,	'end_game_victory'),
(987,	655,	'natroih',	238,	'Bazzil',	4,	4,	0,	1,	0,	1303890539,	1303897729,	'end_game_victory'),
(988,	655,	'natroih',	469,	'Bazzil',	4,	4,	0,	1,	0,	1303890539,	1303897729,	'end_game_victory'),
(989,	655,	'natroih',	472,	'Bazzil',	4,	4,	0,	1,	0,	1303890539,	1303897729,	'end_game_victory'),
(990,	657,	'new',	44,	'0',	1,	0,	0,	0,	0,	1303893998,	1303901024,	'delete_game_hole'),
(991,	661,	'1111111',	386,	'0',	3,	0,	0,	0,	0,	1303895997,	1303896409,	'delete_game_hole'),
(992,	661,	'1111111',	477,	'0',	3,	0,	0,	0,	0,	1303895997,	1303896409,	'delete_game_hole'),
(993,	661,	'1111111',	476,	'0',	3,	0,	0,	0,	0,	1303895997,	1303896409,	'delete_game_hole'),
(994,	662,	'Rage',	478,	'0',	1,	0,	0,	0,	0,	1303896263,	1303896269,	'delete_game_hole'),
(995,	663,	'11111111',	386,	'0',	3,	0,	0,	0,	0,	1303896433,	1304591897,	'old_game'),
(996,	663,	'11111111',	477,	'0',	3,	0,	0,	0,	0,	1303896433,	1304591897,	'old_game'),
(997,	663,	'11111111',	476,	'0',	3,	0,	0,	0,	0,	1303896433,	1304591897,	'old_game'),
(998,	664,	'1505',	470,	'0',	1,	0,	0,	0,	0,	1303896948,	1303896978,	'delete_game_hole'),
(999,	665,	'1505',	386,	'0',	2,	0,	0,	0,	0,	1303897192,	1303900792,	'delete_game_hole'),
(1000,	665,	'1505',	470,	'0',	2,	0,	0,	0,	0,	1303897192,	1303900792,	'delete_game_hole'),
(1001,	666,	'dasha',	91,	'0',	1,	0,	0,	0,	0,	1303899659,	1303899996,	'delete_game_hole'),
(1002,	667,	'Munch_01',	91,	'0',	3,	0,	0,	0,	0,	1303900002,	1304591897,	'old_game'),
(1003,	667,	'Munch_01',	223,	'0',	3,	0,	0,	0,	0,	1303900002,	1304591897,	'old_game'),
(1004,	667,	'Munch_01',	459,	'0',	3,	0,	0,	0,	0,	1303900002,	1304591897,	'old_game'),
(1005,	668,	'1505',	459,	'0',	2,	0,	0,	0,	0,	1303900992,	1303901205,	'delete_game_hole'),
(1006,	668,	'1505',	470,	'0',	2,	0,	0,	0,	0,	1303900992,	1303901205,	'delete_game_hole'),
(1007,	669,	'new',	44,	'0',	2,	0,	0,	0,	0,	1303901636,	1303905199,	'delete_game_hole'),
(1008,	669,	'new',	470,	'0',	2,	0,	0,	0,	0,	1303901636,	1303905199,	'delete_game_hole'),
(1009,	671,	'1505',	470,	'0',	1,	0,	0,	0,	0,	1303902871,	1303903024,	'delete_game_hole'),
(1010,	672,	'1505',	470,	'0',	1,	0,	0,	0,	0,	1303903636,	1303903671,	'delete_game_hole'),
(1011,	673,	'1505',	44,	'mun4kin',	2,	2,	0,	1,	0,	1303905329,	1303907088,	'end_game_victory'),
(1012,	673,	'1505',	470,	'mun4kin',	2,	2,	0,	1,	0,	1303905329,	1303907088,	'end_game_victory'),
(1013,	675,	'new',	44,	'CrazyWin',	3,	1,	1,	-1,	1303907872,	1303907538,	1303907837,	'delete_game_hole'),
(1014,	675,	'new',	470,	'CrazyWin',	3,	1,	1,	1,	1303907872,	1303907538,	1303907837,	'delete_game_hole'),
(1015,	675,	'new',	483,	'CrazyWin',	3,	1,	1,	0,	1303907872,	1303907538,	1303907837,	'delete_game_hole'),
(1016,	676,	'new',	44,	'0',	4,	0,	0,	0,	0,	1303907999,	1303908162,	'delete_game_hole'),
(1017,	676,	'new',	180,	'0',	4,	0,	0,	0,	0,	1303907999,	1303908162,	'delete_game_hole'),
(1018,	676,	'new',	470,	'0',	4,	0,	0,	0,	0,	1303907999,	1303908162,	'delete_game_hole'),
(1019,	676,	'new',	484,	'0',	4,	0,	0,	0,	0,	1303907999,	1303908162,	'delete_game_hole'),
(1020,	677,	'new',	44,	'mun4kin',	2,	2,	0,	1,	0,	1303908417,	1303911674,	'end_game_victory'),
(1021,	677,	'new',	470,	'mun4kin',	2,	2,	0,	1,	0,	1303908417,	1303911674,	'end_game_victory'),
(1022,	678,	'Rage',	478,	'0',	1,	0,	0,	0,	0,	1303909864,	1304591896,	'old_game'),
(1023,	679,	'intruder',	138,	'intruder',	2,	2,	0,	1,	0,	1303911321,	1303913332,	'end_game_victory'),
(1024,	679,	'intruder',	264,	'intruder',	2,	2,	0,	1,	0,	1303911321,	1303913332,	'end_game_victory'),
(1025,	680,	'test2',	470,	'0',	2,	0,	0,	0,	0,	1303911791,	1304591897,	'old_game'),
(1026,	680,	'test2',	485,	'0',	2,	0,	0,	0,	0,	1303911791,	1304591897,	'old_game'),
(1027,	681,	'1505',	420,	'0',	2,	0,	0,	0,	0,	1303914077,	1303920066,	'delete_game_hole'),
(1028,	681,	'1505',	470,	'0',	2,	0,	0,	0,	0,	1303914077,	1303920066,	'delete_game_hole'),
(1029,	682,	'tiamat',	486,	'0',	1,	0,	0,	0,	0,	1303917630,	1303917964,	'delete_game_hole'),
(1030,	684,	'tiamat',	486,	'0',	1,	0,	0,	0,	0,	1303918138,	1303918593,	'delete_game_hole'),
(1031,	685,	'slayzz',	487,	'0',	1,	0,	0,	0,	0,	1303926598,	1304591896,	'old_game'),
(1032,	688,	'mosgames',	488,	'0',	1,	0,	0,	0,	0,	1303928586,	1304591896,	'old_game'),
(1033,	689,	'NNoitoro',	489,	'0',	1,	0,	0,	0,	0,	1303928629,	1303929102,	'delete_game_hole'),
(1034,	690,	'256225624645',	179,	'0',	1,	0,	0,	0,	0,	1303929437,	1303929734,	'delete_game_hole'),
(1035,	691,	'crubs',	109,	'kampilosse',	2,	2,	0,	1,	0,	1303931106,	1303934110,	'end_game_victory'),
(1036,	691,	'crubs',	111,	'kampilosse',	2,	2,	0,	1,	0,	1303931106,	1303934110,	'end_game_victory'),
(1037,	692,	'the_stol',	138,	'0',	1,	0,	0,	0,	0,	1303933784,	1303933858,	'delete_game_hole'),
(1038,	693,	'crubs2',	111,	'0',	1,	0,	0,	0,	0,	1303934128,	1303934134,	'delete_game_hole'),
(1039,	696,	'SadSen',	476,	'0',	1,	0,	0,	0,	0,	1303971245,	1303972517,	'delete_game_hole'),
(1040,	697,	'ffgfgfg',	476,	'0',	2,	0,	0,	0,	0,	1303972539,	1303973696,	'delete_game_hole'),
(1041,	697,	'ffgfgfg',	491,	'0',	2,	0,	0,	0,	0,	1303972539,	1303973696,	'delete_game_hole'),
(1042,	699,	'Naginata',	439,	'0',	1,	0,	0,	0,	0,	1303973405,	1303973491,	'delete_game_hole'),
(1043,	700,	'Naginata',	439,	'0',	1,	0,	0,	0,	0,	1303973690,	1303973781,	'delete_game_hole'),
(1044,	701,	'number',	493,	'0',	2,	0,	0,	0,	0,	1303975649,	1303976015,	'delete_game_hole'),
(1045,	701,	'number',	495,	'0',	2,	0,	0,	0,	0,	1303975649,	1303976015,	'delete_game_hole'),
(1046,	702,	'5tre',	493,	'0',	2,	0,	0,	0,	0,	1303978362,	1304078230,	'delete_game_hole'),
(1047,	702,	'5tre',	495,	'0',	2,	0,	0,	0,	0,	1303978362,	1304078230,	'delete_game_hole'),
(1048,	704,	'stoll',	27,	'Bazzil',	2,	2,	0,	1,	0,	1303983655,	1303986625,	'end_game_victory'),
(1049,	704,	'stoll',	469,	'Bazzil',	2,	2,	0,	1,	0,	1303983655,	1303986625,	'end_game_victory'),
(1050,	705,	'1234567789',	492,	'0',	2,	0,	0,	0,	0,	1303993851,	1304443913,	'delete_game_hole'),
(1051,	705,	'1234567789',	498,	'0',	2,	0,	0,	0,	0,	1303993851,	1304443913,	'delete_game_hole'),
(1052,	706,	'heelloo',	492,	'0',	1,	0,	0,	0,	0,	1303996525,	1303996540,	'delete_game_hole'),
(1053,	707,	'ghbn',	492,	'0',	1,	0,	0,	0,	0,	1303996852,	1303996952,	'delete_game_hole'),
(1054,	708,	'новье',	492,	'0',	2,	0,	0,	0,	0,	1303997083,	1304591897,	'old_game'),
(1055,	708,	'новье',	500,	'0',	2,	0,	0,	0,	0,	1303997083,	1304591897,	'old_game'),
(1056,	709,	'intruder',	264,	'0',	2,	0,	0,	0,	0,	1303997325,	1303999055,	'delete_game_hole'),
(1057,	709,	'intruder',	469,	'0',	2,	0,	0,	0,	0,	1303997325,	1303999055,	'delete_game_hole'),
(1058,	710,	'intruder',	264,	'Joik',	2,	2,	0,	1,	0,	1303999733,	1304004271,	'end_game_victory'),
(1059,	710,	'intruder',	492,	'Joik',	2,	2,	0,	1,	0,	1303999733,	1304004271,	'end_game_victory'),
(1060,	711,	'urpa',	53,	'0',	1,	0,	0,	0,	0,	1304000548,	1304000554,	'delete_game_hole'),
(1061,	712,	'danil1999',	426,	'0',	1,	0,	0,	0,	0,	1304001079,	1304001168,	'delete_game_hole'),
(1062,	713,	'artemezer',	302,	'0',	1,	0,	0,	0,	0,	1304003167,	1304007410,	'delete_game_hole'),
(1063,	715,	'first',	502,	'0',	1,	0,	0,	0,	0,	1304004201,	1304004609,	'delete_game_hole'),
(1064,	714,	'prokl4',	169,	'0',	1,	0,	0,	0,	0,	1304004326,	1304004334,	'delete_game_hole'),
(1065,	716,	'ura',	503,	'0',	1,	0,	0,	0,	0,	1304004902,	1304005790,	'delete_game_hole'),
(1066,	717,	'prokl4',	169,	'0',	3,	0,	0,	0,	0,	1304007496,	1304011241,	'delete_game_hole'),
(1067,	717,	'prokl4',	178,	'0',	3,	0,	0,	0,	0,	1304007496,	1304011241,	'delete_game_hole'),
(1068,	717,	'prokl4',	302,	'0',	3,	0,	0,	0,	0,	1304007496,	1304011241,	'delete_game_hole'),
(1069,	718,	'yuy',	494,	'0',	1,	0,	0,	0,	0,	1304008907,	1304016365,	'delete_game_hole'),
(1070,	720,	'ttlpwnd',	390,	'0',	4,	0,	0,	0,	0,	1304009859,	1304009882,	'delete_game_hole'),
(1071,	720,	'ttlpwnd',	391,	'0',	4,	0,	0,	0,	0,	1304009859,	1304009882,	'delete_game_hole'),
(1072,	720,	'ttlpwnd',	442,	'0',	4,	0,	0,	0,	0,	1304009860,	1304009882,	'delete_game_hole'),
(1073,	720,	'ttlpwnd',	470,	'0',	4,	0,	0,	0,	0,	1304009860,	1304009882,	'delete_game_hole'),
(1074,	721,	'ttlpwnd',	390,	'0',	4,	0,	0,	0,	0,	1304010057,	1304010125,	'delete_game_hole'),
(1075,	721,	'ttlpwnd',	391,	'0',	4,	0,	0,	0,	0,	1304010057,	1304010125,	'delete_game_hole'),
(1076,	721,	'ttlpwnd',	442,	'0',	4,	0,	0,	0,	0,	1304010057,	1304010125,	'delete_game_hole'),
(1077,	721,	'ttlpwnd',	492,	'0',	4,	0,	0,	0,	0,	1304010058,	1304010125,	'delete_game_hole'),
(1078,	723,	'ttlpwnd',	390,	'0',	3,	0,	0,	0,	0,	1304010241,	1304011859,	'delete_game_hole'),
(1079,	723,	'ttlpwnd',	391,	'0',	3,	0,	0,	0,	0,	1304010241,	1304011859,	'delete_game_hole'),
(1080,	723,	'ttlpwnd',	442,	'0',	3,	0,	0,	0,	0,	1304010241,	1304011859,	'delete_game_hole'),
(1081,	722,	'1818',	470,	'0',	2,	0,	0,	0,	0,	1304010400,	1304015185,	'delete_game_hole'),
(1082,	722,	'1818',	492,	'0',	2,	0,	0,	0,	0,	1304010400,	1304015185,	'delete_game_hole'),
(1083,	727,	'ttlpwnd',	390,	'0',	3,	0,	0,	0,	0,	1304016668,	1304017482,	'delete_game_hole'),
(1084,	727,	'ttlpwnd',	391,	'0',	3,	0,	0,	0,	0,	1304016668,	1304017482,	'delete_game_hole'),
(1085,	727,	'ttlpwnd',	442,	'0',	3,	0,	0,	0,	0,	1304016668,	1304017482,	'delete_game_hole'),
(1086,	726,	'1505',	367,	'0',	5,	0,	0,	0,	0,	1304016735,	1304017595,	'delete_game_hole'),
(1087,	726,	'1505',	470,	'0',	5,	0,	0,	0,	0,	1304016735,	1304017595,	'delete_game_hole'),
(1088,	726,	'1505',	494,	'0',	5,	0,	0,	0,	0,	1304016735,	1304017595,	'delete_game_hole'),
(1089,	726,	'1505',	502,	'0',	5,	0,	0,	0,	0,	1304016735,	1304017595,	'delete_game_hole'),
(1090,	726,	'1505',	505,	'0',	5,	0,	0,	0,	0,	1304016735,	1304017595,	'delete_game_hole'),
(1091,	729,	'1902',	502,	'0',	1,	0,	0,	0,	0,	1304017665,	1304018892,	'delete_game_hole'),
(1092,	728,	'NikDimDen',	395,	'0',	5,	0,	0,	0,	0,	1304017762,	1304017990,	'delete_game_hole'),
(1093,	728,	'NikDimDen',	396,	'0',	5,	0,	0,	0,	0,	1304017762,	1304017990,	'delete_game_hole'),
(1094,	728,	'NikDimDen',	398,	'0',	5,	0,	0,	0,	0,	1304017762,	1304017990,	'delete_game_hole'),
(1095,	728,	'NikDimDen',	470,	'0',	5,	0,	0,	0,	0,	1304017762,	1304017990,	'delete_game_hole'),
(1096,	728,	'NikDimDen',	503,	'0',	5,	0,	0,	0,	0,	1304017762,	1304017990,	'delete_game_hole'),
(1097,	730,	'DiDeNi',	396,	'0',	3,	0,	0,	0,	0,	1304018023,	1304018048,	'delete_game_hole'),
(1098,	730,	'DiDeNi',	398,	'0',	3,	0,	0,	0,	0,	1304018023,	1304018048,	'delete_game_hole'),
(1099,	730,	'DiDeNi',	503,	'0',	3,	0,	0,	0,	0,	1304018023,	1304018048,	'delete_game_hole'),
(1100,	731,	'12345',	396,	'0',	3,	0,	0,	0,	0,	1304018076,	1304018121,	'delete_game_hole'),
(1101,	731,	'12345',	398,	'0',	3,	0,	0,	0,	0,	1304018076,	1304018121,	'delete_game_hole'),
(1102,	731,	'12345',	503,	'0',	3,	0,	0,	0,	0,	1304018076,	1304018121,	'delete_game_hole'),
(1103,	732,	'igra',	503,	'mihalu444',	1,	1,	0,	1,	0,	1304018197,	1304019176,	'end_game_victory'),
(1104,	734,	'3dn',	396,	'0',	3,	0,	0,	0,	0,	1304018272,	1304018280,	'delete_game_hole'),
(1105,	734,	'3dn',	398,	'0',	3,	0,	0,	0,	0,	1304018272,	1304018280,	'delete_game_hole'),
(1106,	734,	'3dn',	469,	'0',	3,	0,	0,	0,	0,	1304018272,	1304018280,	'delete_game_hole'),
(1107,	735,	'12345',	396,	'0',	3,	0,	0,	0,	0,	1304018365,	1304018377,	'delete_game_hole'),
(1108,	735,	'12345',	398,	'0',	3,	0,	0,	0,	0,	1304018365,	1304018377,	'delete_game_hole'),
(1109,	735,	'12345',	469,	'0',	3,	0,	0,	0,	0,	1304018365,	1304018377,	'delete_game_hole'),
(1110,	736,	'12345',	396,	'0',	3,	0,	0,	0,	0,	1304018396,	1304018452,	'delete_game_hole'),
(1111,	736,	'12345',	398,	'0',	3,	0,	0,	0,	0,	1304018396,	1304018452,	'delete_game_hole'),
(1112,	736,	'12345',	470,	'0',	3,	0,	0,	0,	0,	1304018396,	1304018452,	'delete_game_hole'),
(1113,	737,	'12345',	396,	'0',	3,	0,	0,	0,	0,	1304018490,	1304018527,	'delete_game_hole'),
(1114,	737,	'12345',	398,	'0',	3,	0,	0,	0,	0,	1304018490,	1304018527,	'delete_game_hole'),
(1115,	737,	'12345',	469,	'0',	3,	0,	0,	0,	0,	1304018490,	1304018527,	'delete_game_hole'),
(1116,	738,	'3dn',	396,	'0',	3,	0,	0,	0,	0,	1304018946,	1304018992,	'delete_game_hole'),
(1117,	738,	'3dn',	398,	'0',	3,	0,	0,	0,	0,	1304018946,	1304018992,	'delete_game_hole'),
(1118,	738,	'3dn',	502,	'0',	3,	0,	0,	0,	0,	1304018946,	1304018992,	'delete_game_hole'),
(1119,	739,	'goo',	503,	'0',	2,	0,	0,	0,	0,	1304019276,	1304021857,	'delete_game_hole'),
(1120,	739,	'goo',	502,	'0',	2,	0,	0,	0,	0,	1304019276,	1304021857,	'delete_game_hole'),
(1121,	740,	'nidide',	396,	'0',	3,	0,	0,	0,	0,	1304019566,	1304022230,	'delete_game_hole'),
(1122,	740,	'nidide',	398,	'0',	3,	0,	0,	0,	0,	1304019566,	1304022230,	'delete_game_hole'),
(1123,	740,	'nidide',	506,	'0',	3,	0,	0,	0,	0,	1304019566,	1304022230,	'delete_game_hole'),
(1124,	741,	'zzz',	490,	'0',	1,	0,	0,	0,	0,	1304019576,	1304020012,	'delete_game_hole'),
(1125,	742,	'1505',	138,	'0',	4,	0,	0,	0,	0,	1304021014,	1304023098,	'delete_game_hole'),
(1126,	742,	'1505',	420,	'0',	4,	0,	0,	0,	0,	1304021014,	1304023098,	'delete_game_hole'),
(1127,	742,	'1505',	469,	'0',	4,	0,	0,	0,	0,	1304021015,	1304023098,	'delete_game_hole'),
(1128,	742,	'1505',	470,	'0',	4,	0,	0,	0,	0,	1304021015,	1304023098,	'delete_game_hole'),
(1129,	743,	'1500',	91,	'Dashuki',	3,	3,	0,	1,	0,	1304023410,	1304030160,	'end_game_victory'),
(1130,	743,	'1500',	138,	'Dashuki',	3,	3,	0,	1,	0,	1304023410,	1304030160,	'end_game_victory'),
(1131,	743,	'1500',	470,	'Dashuki',	3,	3,	0,	1,	0,	1304023410,	1304030160,	'end_game_victory'),
(1132,	744,	'1912',	138,	'Joik',	2,	2,	0,	1,	0,	1304063985,	1304067042,	'end_game_victory'),
(1133,	744,	'1912',	492,	'Joik',	2,	2,	0,	1,	0,	1304063985,	1304067042,	'end_game_victory'),
(1134,	745,	'111111111111111',	420,	'Axil',	1,	1,	0,	1,	0,	1304070839,	1304071461,	'end_game_victory'),
(1135,	746,	'aa12',	510,	'0',	1,	0,	0,	0,	0,	1304074360,	1304101584,	'delete_game_hole'),
(1136,	747,	'Gogogo',	509,	'0',	1,	0,	0,	0,	0,	1304076015,	1304076362,	'delete_game_hole'),
(1137,	748,	'345g',	495,	'0',	1,	0,	0,	0,	0,	1304078432,	1304078703,	'delete_game_hole'),
(1138,	749,	'intruder',	264,	'0',	3,	0,	0,	0,	0,	1304081037,	1304081666,	'delete_game_hole'),
(1139,	749,	'intruder',	459,	'0',	3,	0,	0,	0,	0,	1304081037,	1304081666,	'delete_game_hole'),
(1140,	749,	'intruder',	495,	'0',	3,	0,	0,	0,	0,	1304081037,	1304081666,	'delete_game_hole'),
(1141,	750,	'the_stol',	138,	'0',	3,	0,	0,	0,	0,	1304081247,	1304081593,	'delete_game_hole'),
(1142,	750,	'the_stol',	509,	'0',	3,	0,	0,	0,	0,	1304081247,	1304081593,	'delete_game_hole'),
(1143,	750,	'the_stol',	495,	'0',	3,	0,	0,	0,	0,	1304081247,	1304081593,	'delete_game_hole'),
(1144,	751,	'23423',	138,	'0',	4,	0,	0,	0,	0,	1304081816,	1304088356,	'delete_game_hole'),
(1145,	751,	'23423',	264,	'0',	4,	0,	0,	0,	0,	1304081816,	1304088356,	'delete_game_hole'),
(1146,	751,	'23423',	509,	'0',	4,	0,	0,	0,	0,	1304081816,	1304088356,	'delete_game_hole'),
(1147,	751,	'23423',	495,	'0',	4,	0,	0,	0,	0,	1304081816,	1304088356,	'delete_game_hole'),
(1148,	752,	'1241124124',	511,	'0',	1,	0,	0,	0,	0,	1304083965,	1304591895,	'old_game'),
(1149,	753,	'1505',	470,	'0',	1,	0,	0,	0,	0,	1304084678,	1304084991,	'delete_game_hole'),
(1150,	754,	'1488',	512,	'0',	1,	0,	0,	0,	0,	1304085737,	1304339544,	'delete_game_hole'),
(1151,	755,	'1113',	495,	'0',	1,	0,	0,	0,	0,	1304088557,	1304088595,	'delete_game_hole'),
(1152,	756,	'21312',	495,	'0',	1,	0,	0,	0,	0,	1304088781,	1304088790,	'delete_game_hole'),
(1153,	757,	'32423',	302,	'0',	3,	0,	0,	0,	0,	1304089074,	1304089998,	'delete_game_hole'),
(1154,	757,	'32423',	470,	'0',	3,	0,	0,	0,	0,	1304089074,	1304089998,	'delete_game_hole'),
(1155,	757,	'32423',	495,	'0',	3,	0,	0,	0,	0,	1304089074,	1304089998,	'delete_game_hole'),
(1156,	760,	'224',	495,	'0',	1,	0,	0,	0,	0,	1304090626,	1304111710,	'delete_game_hole'),
(1157,	761,	'COt',	514,	'0',	1,	0,	0,	0,	0,	1304098856,	1304099071,	'delete_game_hole'),
(1158,	762,	'Kisska',	514,	'0',	3,	0,	0,	0,	0,	1304099496,	1304099666,	'delete_game_hole'),
(1159,	762,	'Kisska',	516,	'0',	3,	0,	0,	0,	0,	1304099496,	1304099666,	'delete_game_hole'),
(1160,	762,	'Kisska',	517,	'0',	3,	0,	0,	0,	0,	1304099496,	1304099666,	'delete_game_hole'),
(1161,	763,	'Pervyi',	515,	'0',	1,	0,	0,	0,	0,	1304099547,	1304591897,	'old_game'),
(1162,	765,	'Kisska',	514,	'0',	3,	0,	0,	0,	0,	1304099684,	1304099688,	'delete_game_hole'),
(1163,	765,	'Kisska',	516,	'0',	3,	0,	0,	0,	0,	1304099684,	1304099688,	'delete_game_hole'),
(1164,	765,	'Kisska',	517,	'0',	3,	0,	0,	0,	0,	1304099684,	1304099688,	'delete_game_hole'),
(1165,	766,	'Kisska',	514,	'0',	3,	0,	0,	0,	0,	1304099711,	1304099719,	'delete_game_hole'),
(1166,	766,	'Kisska',	517,	'0',	3,	0,	0,	0,	0,	1304099711,	1304099719,	'delete_game_hole'),
(1167,	766,	'Kisska',	518,	'0',	3,	0,	0,	0,	0,	1304099711,	1304099719,	'delete_game_hole'),
(1168,	767,	'Kisska',	514,	'0',	3,	0,	0,	0,	0,	1304099736,	1304100148,	'delete_game_hole'),
(1169,	767,	'Kisska',	516,	'0',	3,	0,	0,	0,	0,	1304099736,	1304100148,	'delete_game_hole'),
(1170,	767,	'Kisska',	518,	'0',	3,	0,	0,	0,	0,	1304099736,	1304100148,	'delete_game_hole'),
(1171,	768,	'125',	517,	'0',	1,	0,	0,	0,	0,	1304099959,	1304591897,	'old_game'),
(1172,	769,	'igra',	469,	'0',	2,	0,	0,	0,	0,	1304101059,	1304101997,	'delete_game_hole'),
(1173,	769,	'igra',	503,	'0',	2,	0,	0,	0,	0,	1304101059,	1304101997,	'delete_game_hole'),
(1174,	770,	'5362',	138,	'0',	1,	0,	0,	0,	0,	1304101729,	1304101894,	'delete_game_hole'),
(1175,	771,	'igra',	138,	'mihalu444',	4,	4,	0,	1,	0,	1304102189,	1304108244,	'end_game_victory'),
(1176,	771,	'igra',	503,	'mihalu444',	4,	4,	0,	1,	0,	1304102189,	1304108244,	'end_game_victory'),
(1177,	771,	'igra',	519,	'mihalu444',	4,	4,	0,	1,	0,	1304102189,	1304108244,	'end_game_victory'),
(1178,	771,	'igra',	520,	'mihalu444',	4,	4,	0,	1,	0,	1304102189,	1304108244,	'end_game_victory'),
(1179,	772,	'1234567890',	521,	'0',	1,	0,	0,	0,	0,	1304103192,	1304108382,	'delete_game_hole'),
(1180,	774,	'noobs_game',	522,	'0',	1,	0,	0,	0,	0,	1304103463,	1304165367,	'delete_game_hole'),
(1181,	775,	'7687',	492,	'0',	1,	0,	0,	0,	0,	1304106107,	1304106548,	'delete_game_hole'),
(1182,	776,	'IGRATE',	469,	'GrafDemetry',	2,	2,	0,	1,	0,	1304106309,	1304111762,	'end_game_victory'),
(1183,	776,	'IGRATE',	524,	'GrafDemetry',	2,	2,	0,	1,	0,	1304106309,	1304111762,	'end_game_victory'),
(1184,	777,	'another',	138,	'crimson',	3,	3,	0,	1,	0,	1304108474,	1304114320,	'end_game_victory'),
(1185,	777,	'another',	519,	'crimson',	3,	3,	0,	1,	0,	1304108474,	1304114320,	'end_game_victory'),
(1186,	777,	'another',	521,	'crimson',	3,	3,	0,	1,	0,	1304108474,	1304114320,	'end_game_victory'),
(1187,	778,	'Demetry',	469,	'GrafDemetry',	2,	2,	0,	1,	0,	1304111796,	1304113975,	'end_game_victory'),
(1188,	778,	'Demetry',	524,	'GrafDemetry',	2,	2,	0,	1,	0,	1304111796,	1304113975,	'end_game_victory'),
(1189,	779,	'Demetry',	469,	'GrafDemetry',	2,	2,	0,	1,	0,	1304114003,	1304116117,	'end_game_victory'),
(1190,	779,	'Demetry',	524,	'GrafDemetry',	2,	2,	0,	1,	0,	1304114003,	1304116117,	'end_game_victory'),
(1191,	780,	'lulz',	519,	'crimson',	2,	2,	0,	1,	0,	1304115371,	1304121902,	'end_game_victory'),
(1192,	780,	'lulz',	527,	'crimson',	2,	2,	0,	1,	0,	1304115371,	1304121902,	'end_game_victory'),
(1193,	781,	'Revansh',	469,	'GrafDemetry',	2,	2,	0,	1,	0,	1304116329,	1304118100,	'end_game_victory'),
(1194,	781,	'Revansh',	524,	'GrafDemetry',	2,	2,	0,	1,	0,	1304116329,	1304118100,	'end_game_victory'),
(1195,	782,	'chainaya',	129,	'0',	2,	0,	0,	0,	0,	1304141498,	1304141834,	'delete_game_hole'),
(1196,	782,	'chainaya',	529,	'0',	2,	0,	0,	0,	0,	1304141498,	1304141834,	'delete_game_hole'),
(1197,	783,	'chainaya',	529,	'0',	1,	0,	0,	0,	0,	1304142286,	1304142947,	'delete_game_hole'),
(1198,	786,	'4535',	129,	'0',	3,	0,	0,	0,	0,	1304144437,	1304144850,	'delete_game_hole'),
(1199,	786,	'4535',	356,	'0',	3,	0,	0,	0,	0,	1304144437,	1304144850,	'delete_game_hole'),
(1200,	786,	'4535',	495,	'0',	3,	0,	0,	0,	0,	1304144437,	1304144850,	'delete_game_hole'),
(1201,	787,	'34534',	495,	'0',	1,	0,	0,	0,	0,	1304145462,	1304145618,	'delete_game_hole'),
(1202,	788,	'adler',	530,	'0',	1,	0,	0,	0,	0,	1304148684,	1304591896,	'old_game'),
(1203,	789,	'wildgeese',	408,	'Henk',	2,	2,	0,	1,	0,	1304152189,	1304157012,	'end_game_victory'),
(1204,	789,	'wildgeese',	416,	'Henk',	2,	2,	0,	1,	0,	1304152189,	1304157012,	'end_game_victory'),
(1205,	791,	'Stolik',	312,	'0',	2,	0,	0,	0,	0,	1304153046,	1304591897,	'old_game'),
(1206,	791,	'Stolik',	531,	'0',	2,	0,	0,	0,	0,	1304153046,	1304591897,	'old_game'),
(1207,	792,	'Soosnuley',	335,	'0',	4,	0,	0,	0,	0,	1304156052,	1304591897,	'old_game'),
(1208,	792,	'Soosnuley',	470,	'0',	4,	0,	0,	0,	0,	1304156052,	1304591897,	'old_game'),
(1209,	792,	'Soosnuley',	532,	'0',	4,	0,	0,	0,	0,	1304156052,	1304591897,	'old_game'),
(1210,	792,	'Soosnuley',	533,	'0',	4,	0,	0,	0,	0,	1304156052,	1304591897,	'old_game'),
(1211,	790,	'345345',	470,	'0',	2,	0,	0,	0,	0,	1304158096,	1304158108,	'delete_game_hole'),
(1212,	790,	'345345',	495,	'0',	2,	0,	0,	0,	0,	1304158096,	1304158108,	'delete_game_hole'),
(1213,	794,	'asdqa',	535,	'0',	1,	0,	0,	0,	0,	1304158100,	1304591896,	'old_game'),
(1214,	795,	'435',	509,	'0',	3,	0,	0,	0,	0,	1304159861,	1304167321,	'delete_game_hole'),
(1215,	795,	'435',	495,	'0',	3,	0,	0,	0,	0,	1304159861,	1304167321,	'delete_game_hole'),
(1216,	795,	'435',	537,	'0',	3,	0,	0,	0,	0,	1304159861,	1304167321,	'delete_game_hole'),
(1217,	796,	'Bems',	470,	'0',	2,	0,	0,	0,	0,	1304160897,	1304591897,	'old_game'),
(1218,	796,	'Bems',	539,	'0',	2,	0,	0,	0,	0,	1304160897,	1304591897,	'old_game'),
(1219,	797,	'1505',	470,	'0',	2,	0,	0,	0,	0,	1304161881,	1304164026,	'delete_game_hole'),
(1220,	797,	'1505',	543,	'0',	2,	0,	0,	0,	0,	1304161881,	1304164026,	'delete_game_hole'),
(1221,	798,	'112',	519,	'crimson',	1,	1,	0,	1,	0,	1304162598,	1304162629,	'end_game_victory'),
(1222,	799,	'4444',	27,	'crimson',	4,	3,	0,	1,	0,	1304164049,	1304174206,	'end_game_victory'),
(1223,	799,	'4444',	470,	'crimson',	4,	3,	0,	1,	0,	1304164049,	1304174206,	'end_game_victory'),
(1224,	799,	'4444',	519,	'crimson',	4,	3,	0,	1,	0,	1304164049,	1304174206,	'end_game_victory'),
(1225,	799,	'4444',	532,	'crimson',	4,	3,	0,	-1,	0,	1304164049,	1304174206,	'end_game_victory'),
(1226,	800,	'112',	545,	'JIMbo',	1,	1,	0,	1,	0,	1304166326,	1304166568,	'end_game_victory'),
(1227,	803,	'10101',	544,	'0',	1,	0,	0,	0,	0,	1304167725,	1304591897,	'old_game'),
(1228,	804,	'pufffff',	88,	'0',	3,	0,	0,	0,	0,	1304170577,	1304170694,	'delete_game_hole'),
(1229,	804,	'pufffff',	101,	'0',	3,	0,	0,	0,	0,	1304170577,	1304170694,	'delete_game_hole'),
(1230,	804,	'pufffff',	547,	'0',	3,	0,	0,	0,	0,	1304170577,	1304170694,	'delete_game_hole'),
(1231,	805,	'qwerty',	547,	'0',	2,	0,	0,	0,	0,	1304170777,	1304591895,	'old_game'),
(1232,	805,	'qwerty',	548,	'0',	2,	0,	0,	0,	0,	1304170777,	1304591895,	'old_game'),
(1233,	806,	'1505',	469,	'0',	3,	0,	0,	0,	0,	1304174897,	1304175801,	'delete_game_hole'),
(1234,	806,	'1505',	470,	'0',	3,	0,	0,	0,	0,	1304174897,	1304175801,	'delete_game_hole'),
(1235,	806,	'1505',	532,	'0',	3,	0,	0,	0,	0,	1304174897,	1304175801,	'delete_game_hole'),
(1236,	807,	'1505',	138,	'crimson',	6,	6,	0,	1,	0,	1304176282,	1304184608,	'end_game_victory'),
(1237,	807,	'1505',	470,	'crimson',	6,	6,	0,	1,	0,	1304176282,	1304184608,	'end_game_victory'),
(1238,	807,	'1505',	519,	'crimson',	6,	6,	0,	1,	0,	1304176282,	1304184608,	'end_game_victory'),
(1239,	807,	'1505',	521,	'crimson',	6,	6,	0,	1,	0,	1304176282,	1304184608,	'end_game_victory'),
(1240,	807,	'1505',	527,	'crimson',	6,	6,	0,	1,	0,	1304176282,	1304184608,	'end_game_victory'),
(1241,	807,	'1505',	532,	'crimson',	6,	6,	0,	1,	0,	1304176282,	1304184608,	'end_game_victory'),
(1242,	808,	'Demetry',	469,	'GrafDemetry',	2,	2,	0,	1,	0,	1304187476,	1304189294,	'end_game_victory'),
(1243,	808,	'Demetry',	524,	'GrafDemetry',	2,	2,	0,	1,	0,	1304187476,	1304189294,	'end_game_victory'),
(1244,	810,	'blalba',	469,	'yurybol',	2,	2,	0,	1,	0,	1304189341,	1304191435,	'end_game_victory'),
(1245,	810,	'blalba',	524,	'yurybol',	2,	2,	0,	1,	0,	1304189341,	1304191435,	'end_game_victory'),
(1246,	811,	'blabal',	469,	'GrafDemetry',	2,	2,	0,	1,	0,	1304191498,	1304193413,	'end_game_victory'),
(1247,	811,	'blabal',	524,	'GrafDemetry',	2,	2,	0,	1,	0,	1304191498,	1304193413,	'end_game_victory'),
(1248,	813,	'blalba',	469,	'GrafDemetry',	2,	2,	0,	1,	0,	1304204895,	1304206269,	'end_game_victory'),
(1249,	813,	'blalba',	524,	'GrafDemetry',	2,	2,	0,	1,	0,	1304204895,	1304206269,	'end_game_victory'),
(1250,	814,	'Der',	554,	'0',	1,	0,	0,	0,	0,	1304209191,	1304591897,	'old_game'),
(1251,	815,	'122',	555,	'0',	1,	0,	0,	0,	0,	1304213904,	1304214132,	'delete_game_hole'),
(1252,	816,	'gggg',	1,	'0',	1,	0,	0,	0,	0,	1304215289,	1304215370,	'delete_game_hole'),
(1253,	818,	'nolagers',	553,	'0',	1,	0,	0,	0,	0,	1304236681,	1304236772,	'delete_game_hole'),
(1254,	819,	'1552315',	470,	'CrazyWin',	1,	1,	0,	1,	0,	1304241300,	1304242282,	'end_game_victory'),
(1255,	820,	'1505',	470,	'0',	1,	0,	0,	0,	0,	1304244236,	1304248389,	'delete_game_hole'),
(1256,	821,	'kjk',	459,	'0',	1,	0,	0,	0,	0,	1304244312,	1304246628,	'delete_game_hole'),
(1257,	822,	'blalba',	524,	'yurybol',	1,	1,	0,	1,	0,	1304247766,	1304250562,	'end_game_victory'),
(1258,	823,	'Bonanza',	532,	'S_Fightin',	1,	1,	0,	1,	0,	1304251718,	1304252699,	'end_game_victory'),
(1259,	824,	'fractal',	552,	'Kakaed',	1,	1,	0,	1,	0,	1304252120,	1304253272,	'end_game_victory'),
(1260,	825,	'test_arg',	557,	'0',	1,	0,	0,	0,	0,	1304252381,	1304252824,	'delete_game_hole'),
(1261,	826,	'BigBrother',	492,	'0',	2,	0,	0,	0,	0,	1304252957,	1304252994,	'delete_game_hole'),
(1262,	826,	'BigBrother',	532,	'0',	2,	0,	0,	0,	0,	1304252957,	1304252994,	'delete_game_hole'),
(1263,	827,	'Demetry',	469,	'0',	1,	0,	0,	0,	0,	1304256702,	1304256732,	'delete_game_hole'),
(1264,	828,	'blalba',	469,	'yurybol',	2,	2,	0,	1,	0,	1304256741,	1304259532,	'end_game_victory'),
(1265,	828,	'blalba',	524,	'yurybol',	2,	2,	0,	1,	0,	1304256741,	1304259532,	'end_game_victory'),
(1266,	829,	'TheGame',	560,	'0',	1,	0,	0,	0,	0,	1304262216,	1304591897,	'old_game'),
(1267,	830,	'SuperStol',	561,	'0',	1,	0,	0,	0,	0,	1304262447,	1304272133,	'delete_game_hole'),
(1268,	831,	'рого',	82,	'0',	2,	0,	0,	0,	0,	1304264466,	1304345081,	'delete_game_hole'),
(1269,	831,	'рого',	562,	'0',	2,	0,	0,	0,	0,	1304264466,	1304345081,	'delete_game_hole'),
(1270,	833,	'qwertyu',	561,	'0',	1,	0,	0,	0,	0,	1304272740,	1304282375,	'delete_game_hole'),
(1271,	835,	'1221',	568,	'0',	2,	0,	0,	0,	0,	1304275849,	1304591897,	'old_game'),
(1272,	835,	'1221',	569,	'0',	2,	0,	0,	0,	0,	1304275849,	1304591897,	'old_game'),
(1273,	836,	'321',	569,	'0',	1,	0,	0,	0,	0,	1304276630,	1304277276,	'delete_game_hole'),
(1274,	837,	'321',	569,	'0',	1,	0,	0,	0,	0,	1304277936,	1304591897,	'old_game'),
(1275,	838,	'start',	561,	'0',	2,	0,	0,	0,	0,	1304282591,	1304591897,	'old_game'),
(1276,	838,	'start',	572,	'0',	2,	0,	0,	0,	0,	1304282591,	1304591897,	'old_game'),
(1277,	839,	'testing',	564,	'0',	1,	0,	0,	0,	0,	1304283859,	1304284067,	'delete_game_hole'),
(1278,	840,	'Real',	571,	'0',	2,	0,	0,	0,	0,	1304287096,	1304291533,	'delete_game_hole'),
(1279,	840,	'Real',	575,	'0',	2,	0,	0,	0,	0,	1304287096,	1304291533,	'delete_game_hole'),
(1280,	841,	'11111',	471,	'0',	1,	0,	0,	0,	0,	1304290232,	1304290614,	'delete_game_hole'),
(1281,	843,	'iii',	1,	'0',	1,	0,	0,	0,	0,	1304303270,	1304303286,	'delete_game_hole'),
(1282,	844,	'dsfsdfasdfsa',	576,	'LonliLoki',	1,	1,	0,	1,	0,	1304310328,	1304311132,	'end_game_victory'),
(1283,	845,	'676',	492,	'0',	1,	0,	0,	0,	0,	1304318581,	1304318634,	'delete_game_hole'),
(1284,	846,	'3242',	492,	'0',	1,	0,	0,	0,	0,	1304318982,	1304319149,	'delete_game_hole'),
(1285,	847,	'2627',	578,	'0',	1,	0,	0,	0,	0,	1304322976,	1304323017,	'delete_game_hole'),
(1286,	832,	'2626',	178,	'0',	6,	0,	0,	0,	0,	1304324513,	1304356164,	'delete_game_hole'),
(1287,	832,	'2626',	470,	'0',	6,	0,	0,	0,	0,	1304324513,	1304356164,	'delete_game_hole'),
(1288,	832,	'2626',	496,	'0',	6,	0,	0,	0,	0,	1304324513,	1304356164,	'delete_game_hole'),
(1289,	832,	'2626',	503,	'0',	6,	0,	0,	0,	0,	1304324513,	1304356164,	'delete_game_hole'),
(1290,	832,	'2626',	565,	'0',	6,	0,	0,	0,	0,	1304324513,	1304356164,	'delete_game_hole'),
(1291,	832,	'2626',	574,	'0',	6,	0,	0,	0,	0,	1304324513,	1304356164,	'delete_game_hole'),
(1292,	848,	'test1',	1,	'0',	1,	0,	0,	0,	0,	1304324966,	1304325056,	'delete_game_hole'),
(1293,	849,	'4334',	555,	'0',	1,	0,	0,	0,	0,	1304326522,	1304591897,	'old_game'),
(1294,	850,	'kkkk',	580,	'0',	1,	0,	0,	0,	0,	1304329410,	1304591897,	'old_game'),
(1295,	852,	'htsihdrihg',	115,	'0',	4,	0,	0,	0,	0,	1304333036,	1304333258,	'delete_game_hole'),
(1296,	852,	'htsihdrihg',	551,	'0',	4,	0,	0,	0,	0,	1304333036,	1304333258,	'delete_game_hole'),
(1297,	852,	'htsihdrihg',	574,	'0',	4,	0,	0,	0,	0,	1304333036,	1304333258,	'delete_game_hole'),
(1298,	852,	'htsihdrihg',	582,	'0',	4,	0,	0,	0,	0,	1304333036,	1304333258,	'delete_game_hole'),
(1299,	853,	'123qwerty',	583,	'0',	2,	0,	0,	0,	0,	1304334717,	1304591897,	'old_game'),
(1300,	853,	'123qwerty',	584,	'0',	2,	0,	0,	0,	0,	1304334717,	1304591897,	'old_game'),
(1301,	854,	'Seva',	575,	'Lattena',	1,	1,	0,	1,	0,	1304336341,	1304337637,	'end_game_victory'),
(1302,	855,	'2052011',	551,	'Normann',	2,	2,	0,	1,	0,	1304336873,	1304340519,	'end_game_victory'),
(1303,	855,	'2052011',	574,	'Normann',	2,	2,	0,	1,	0,	1304336873,	1304340519,	'end_game_victory'),
(1304,	856,	'ttt111',	11,	'0',	1,	0,	0,	0,	0,	1304337747,	1304338425,	'delete_game_hole'),
(1305,	857,	'wwww',	1,	'0',	1,	0,	0,	0,	0,	1304338199,	1304338322,	'delete_game_hole'),
(1306,	858,	'yyyyy',	1,	'0',	1,	0,	0,	0,	0,	1304338565,	1304479979,	'delete_game_hole'),
(1307,	859,	'3432',	492,	'0',	2,	0,	0,	0,	0,	1304339624,	1304341788,	'delete_game_hole'),
(1308,	859,	'3432',	512,	'0',	2,	0,	0,	0,	0,	1304339624,	1304341788,	'delete_game_hole'),
(1309,	860,	'112',	519,	'crimson',	1,	1,	0,	1,	0,	1304343170,	1304343266,	'end_game_victory'),
(1310,	862,	'1488',	512,	'0',	2,	0,	0,	0,	0,	1304344083,	1304347220,	'delete_game_hole'),
(1311,	862,	'1488',	588,	'0',	2,	0,	0,	0,	0,	1304344083,	1304347220,	'delete_game_hole'),
(1312,	863,	'sfgh',	562,	'0',	1,	0,	0,	0,	0,	1304345126,	1304345278,	'delete_game_hole'),
(1313,	864,	'maybe',	519,	'0',	3,	0,	0,	0,	0,	1304345861,	1304350921,	'delete_game_hole'),
(1314,	864,	'maybe',	521,	'0',	3,	0,	0,	0,	0,	1304345861,	1304350921,	'delete_game_hole'),
(1315,	864,	'maybe',	574,	'0',	3,	0,	0,	0,	0,	1304345861,	1304350921,	'delete_game_hole'),
(1316,	865,	'Test5',	36,	'0',	1,	0,	0,	0,	0,	1304346652,	1304346662,	'delete_game_hole'),
(1317,	866,	'qweqweqwe',	585,	'0',	1,	0,	0,	0,	0,	1304348281,	1304348384,	'delete_game_hole'),
(1318,	868,	'ereer',	585,	'0',	1,	0,	0,	0,	0,	1304348408,	1304348607,	'delete_game_hole'),
(1319,	867,	'mirf',	532,	'S_Fightin',	3,	3,	0,	1,	0,	1304348510,	1304354702,	'end_game_victory'),
(1320,	867,	'mirf',	551,	'S_Fightin',	3,	3,	0,	1,	0,	1304348510,	1304354702,	'end_game_victory'),
(1321,	867,	'mirf',	557,	'S_Fightin',	3,	3,	0,	1,	0,	1304348510,	1304354702,	'end_game_victory'),
(1322,	869,	'fsffa',	564,	'0',	1,	0,	0,	0,	0,	1304348620,	1304348852,	'delete_game_hole'),
(1323,	870,	'tre',	585,	'0',	1,	0,	0,	0,	0,	1304348646,	1304348764,	'delete_game_hole'),
(1324,	871,	'12345',	512,	'0',	2,	0,	0,	0,	0,	1304349458,	1304349728,	'delete_game_hole'),
(1325,	871,	'12345',	590,	'0',	2,	0,	0,	0,	0,	1304349458,	1304349728,	'delete_game_hole'),
(1326,	872,	'12356',	512,	'0',	1,	0,	0,	0,	0,	1304349920,	1304356576,	'delete_game_hole'),
(1327,	873,	'first',	590,	'0',	1,	0,	0,	0,	0,	1304350130,	1304591897,	'old_game'),
(1328,	874,	'zsda',	591,	'0',	1,	0,	0,	0,	0,	1304350264,	1304591897,	'old_game'),
(1329,	875,	'lord',	519,	'0',	2,	0,	0,	0,	0,	1304351740,	1304351741,	'delete_game_hole'),
(1330,	875,	'lord',	521,	'0',	2,	0,	0,	0,	0,	1304351740,	1304351741,	'delete_game_hole'),
(1331,	876,	'hex',	361,	'Gunslinger',	4,	4,	0,	1,	0,	1304352289,	1304355768,	'end_game_victory'),
(1332,	876,	'hex',	519,	'Gunslinger',	4,	4,	0,	1,	0,	1304352289,	1304355768,	'end_game_victory'),
(1333,	876,	'hex',	521,	'Gunslinger',	4,	4,	0,	1,	0,	1304352289,	1304355768,	'end_game_victory'),
(1334,	876,	'hex',	528,	'Gunslinger',	4,	4,	0,	1,	0,	1304352289,	1304355768,	'end_game_victory'),
(1335,	877,	'data',	593,	'0',	1,	0,	0,	0,	0,	1304355524,	1304591897,	'old_game'),
(1336,	878,	'1505',	469,	'Ares',	5,	5,	0,	1,	0,	1304356350,	1304366194,	'end_game_victory'),
(1337,	878,	'1505',	470,	'Ares',	5,	5,	0,	1,	0,	1304356350,	1304366194,	'end_game_victory'),
(1338,	878,	'1505',	519,	'Ares',	5,	5,	0,	1,	0,	1304356350,	1304366194,	'end_game_victory'),
(1339,	878,	'1505',	521,	'Ares',	5,	5,	0,	1,	0,	1304356350,	1304366194,	'end_game_victory'),
(1340,	878,	'1505',	592,	'Ares',	5,	5,	0,	1,	0,	1304356350,	1304366194,	'end_game_victory'),
(1341,	880,	'12345',	512,	'0',	2,	0,	0,	0,	0,	1304356744,	1304359463,	'delete_game_hole'),
(1342,	880,	'12345',	594,	'0',	2,	0,	0,	0,	0,	1304356744,	1304359463,	'delete_game_hole'),
(1343,	881,	'artemezer',	302,	'0',	2,	0,	0,	0,	0,	1304357450,	1304357603,	'delete_game_hole'),
(1344,	881,	'artemezer',	579,	'0',	2,	0,	0,	0,	0,	1304357450,	1304357603,	'delete_game_hole'),
(1345,	883,	'urpaem_Hy6',	524,	'0',	1,	0,	0,	0,	0,	1304358661,	1304358678,	'delete_game_hole'),
(1346,	884,	'Xo4y_urpamb',	524,	'0',	1,	0,	0,	0,	0,	1304359113,	1304359138,	'delete_game_hole'),
(1347,	886,	'54321',	512,	'Sourire',	2,	2,	0,	1,	0,	1304359490,	1304365086,	'end_game_victory'),
(1348,	886,	'54321',	594,	'Sourire',	2,	2,	0,	1,	0,	1304359490,	1304365086,	'end_game_victory'),
(1349,	885,	'xo4y_urpamb',	524,	'0',	1,	0,	0,	0,	0,	1304359759,	1304359818,	'delete_game_hole'),
(1350,	887,	'nourpaeM7',	524,	'0',	1,	0,	0,	0,	0,	1304359908,	1304359916,	'delete_game_hole'),
(1351,	888,	'Liza',	597,	'0',	1,	0,	0,	0,	0,	1304362265,	1304362396,	'delete_game_hole'),
(1352,	889,	'2052011',	512,	'Normann',	3,	2,	0,	1,	0,	1304367656,	1304373890,	'end_game_victory'),
(1353,	889,	'2052011',	551,	'Normann',	3,	2,	0,	-1,	0,	1304367656,	1304373890,	'end_game_victory'),
(1354,	889,	'2052011',	574,	'Normann',	3,	2,	0,	1,	0,	1304367656,	1304373890,	'end_game_victory'),
(1355,	890,	'12345',	599,	'0',	1,	0,	0,	0,	0,	1304368504,	1304368628,	'delete_game_hole'),
(1356,	891,	'12345',	599,	'0',	1,	0,	0,	0,	0,	1304368637,	1304369277,	'delete_game_hole'),
(1357,	892,	'xxx',	601,	'0',	1,	0,	0,	0,	0,	1304368822,	1304368956,	'delete_game_hole'),
(1358,	893,	'xxx',	601,	'0',	1,	0,	0,	0,	0,	1304372139,	1304372178,	'delete_game_hole'),
(1359,	894,	'1616134623563',	588,	'0',	1,	0,	0,	0,	0,	1304396709,	1304396989,	'delete_game_hole'),
(1360,	882,	'ramsi',	541,	'shaman862',	4,	4,	0,	1,	0,	1304405011,	1304405337,	'end_game_victory'),
(1361,	882,	'ramsi',	579,	'shaman862',	4,	4,	0,	1,	0,	1304405011,	1304405337,	'end_game_victory'),
(1362,	882,	'ramsi',	603,	'shaman862',	4,	4,	0,	1,	0,	1304405011,	1304405337,	'end_game_victory'),
(1363,	882,	'ramsi',	607,	'shaman862',	4,	4,	0,	1,	0,	1304405011,	1304405337,	'end_game_victory'),
(1364,	895,	'jjj',	607,	'0',	1,	0,	0,	0,	0,	1304405601,	1304475915,	'delete_game_hole'),
(1365,	896,	'stoll',	521,	'0',	3,	0,	0,	0,	0,	1304406197,	1304408127,	'delete_game_hole'),
(1366,	896,	'stoll',	608,	'0',	3,	0,	0,	0,	0,	1304406197,	1304408127,	'delete_game_hole'),
(1367,	896,	'stoll',	609,	'0',	3,	0,	0,	0,	0,	1304406197,	1304408127,	'delete_game_hole'),
(1368,	897,	'bgghjk',	610,	'0',	1,	0,	0,	0,	0,	1304406706,	1304591897,	'old_game'),
(1369,	898,	'New',	27,	'Bazzil',	3,	3,	0,	1,	0,	1304408089,	1304408311,	'end_game_victory'),
(1370,	898,	'New',	521,	'Bazzil',	3,	3,	0,	1,	0,	1304408089,	1304408311,	'end_game_victory'),
(1371,	898,	'New',	611,	'Bazzil',	3,	3,	0,	1,	0,	1304408089,	1304408311,	'end_game_victory'),
(1372,	899,	'stoll',	27,	'0',	4,	0,	0,	0,	0,	1304408415,	1304408609,	'delete_game_hole'),
(1373,	899,	'stoll',	521,	'0',	4,	0,	0,	0,	0,	1304408415,	1304408609,	'delete_game_hole'),
(1374,	899,	'stoll',	608,	'0',	4,	0,	0,	0,	0,	1304408415,	1304408609,	'delete_game_hole'),
(1375,	899,	'stoll',	611,	'0',	4,	0,	0,	0,	0,	1304408415,	1304408609,	'delete_game_hole'),
(1376,	900,	'Privat',	611,	'0',	1,	0,	0,	0,	0,	1304408450,	1304591897,	'old_game'),
(1377,	901,	'munchkin',	27,	'0',	3,	0,	0,	0,	0,	1304409107,	1304413590,	'delete_game_hole'),
(1378,	901,	'munchkin',	521,	'0',	3,	0,	0,	0,	0,	1304409107,	1304413590,	'delete_game_hole'),
(1379,	901,	'munchkin',	608,	'0',	3,	0,	0,	0,	0,	1304409107,	1304413590,	'delete_game_hole'),
(1380,	902,	'blin',	589,	'0',	1,	0,	0,	0,	0,	1304409182,	1304591897,	'old_game'),
(1381,	904,	'1488',	512,	'0',	1,	0,	0,	0,	0,	1304409372,	1304409405,	'delete_game_hole'),
(1382,	906,	'мир',	612,	'0',	1,	0,	0,	0,	0,	1304412969,	1304413422,	'delete_game_hole'),
(1383,	907,	'irina',	18,	'0',	1,	0,	0,	0,	0,	1304413213,	1304413771,	'delete_game_hole'),
(1384,	909,	'stoll',	608,	'0',	2,	0,	0,	0,	0,	1304413865,	1304413893,	'delete_game_hole'),
(1385,	909,	'stoll',	612,	'0',	2,	0,	0,	0,	0,	1304413865,	1304413893,	'delete_game_hole'),
(1386,	910,	'stoll',	27,	'Vedmak',	4,	4,	0,	1,	0,	1304413981,	1304429670,	'end_game_victory'),
(1387,	910,	'stoll',	356,	'Vedmak',	4,	4,	0,	1,	0,	1304413981,	1304429670,	'end_game_victory'),
(1388,	910,	'stoll',	608,	'Vedmak',	4,	4,	0,	1,	0,	1304413981,	1304429670,	'end_game_victory'),
(1389,	910,	'stoll',	612,	'Vedmak',	4,	4,	0,	1,	0,	1304413981,	1304429670,	'end_game_victory'),
(1390,	911,	'ngf',	18,	'0',	1,	0,	0,	0,	0,	1304414003,	1304420758,	'delete_game_hole'),
(1391,	912,	'asdf',	512,	'azgirin',	2,	2,	0,	1,	0,	1304414304,	1304422227,	'end_game_victory'),
(1392,	912,	'asdf',	614,	'azgirin',	2,	2,	0,	1,	0,	1304414304,	1304422227,	'end_game_victory'),
(1393,	913,	'stol2',	388,	'0',	1,	0,	0,	0,	0,	1304415164,	1304415370,	'delete_game_hole'),
(1394,	914,	'Demetry',	264,	'0',	3,	0,	0,	0,	0,	1304417061,	1304431664,	'delete_game_hole'),
(1395,	914,	'Demetry',	466,	'0',	3,	0,	0,	0,	0,	1304417061,	1304431664,	'delete_game_hole'),
(1396,	914,	'Demetry',	469,	'0',	3,	0,	0,	0,	0,	1304417061,	1304431664,	'delete_game_hole'),
(1397,	915,	'intruder',	264,	'0',	1,	0,	0,	0,	0,	1304418925,	1304419046,	'delete_game_hole'),
(1398,	916,	'intruder',	264,	'0',	1,	0,	0,	0,	0,	1304419660,	1304420225,	'delete_game_hole'),
(1399,	917,	'1111wer',	615,	'0',	1,	0,	0,	0,	0,	1304420002,	1304420978,	'delete_game_hole'),
(1400,	918,	'lht',	311,	'0',	1,	0,	0,	0,	0,	1304422174,	1304422382,	'delete_game_hole'),
(1401,	919,	'asf',	311,	'0',	2,	0,	0,	0,	0,	1304422468,	1304422759,	'delete_game_hole'),
(1402,	919,	'asf',	614,	'0',	2,	0,	0,	0,	0,	1304422468,	1304422759,	'delete_game_hole'),
(1403,	920,	'intruder',	264,	'0',	2,	0,	0,	0,	0,	1304423200,	1304423630,	'delete_game_hole'),
(1404,	920,	'intruder',	614,	'0',	2,	0,	0,	0,	0,	1304423200,	1304423630,	'delete_game_hole'),
(1405,	922,	'intruder',	264,	'0',	2,	0,	0,	0,	0,	1304423922,	1304434215,	'delete_game_hole'),
(1406,	922,	'intruder',	495,	'0',	2,	0,	0,	0,	0,	1304423922,	1304434215,	'delete_game_hole'),
(1407,	923,	'asdf',	616,	'0',	1,	0,	0,	0,	0,	1304423961,	1304601038,	'old_game'),
(1408,	924,	'artemezer',	302,	'artemezer',	1,	1,	0,	1,	0,	1304424951,	1304426227,	'end_game_victory'),
(1409,	926,	'Trololo',	49,	'Darkgrims',	1,	1,	0,	1,	0,	1304426071,	1304426123,	'end_game_victory'),
(1410,	927,	'Dinosaur',	618,	'0',	3,	0,	0,	0,	0,	1304428632,	1304429931,	'delete_game_hole'),
(1411,	927,	'Dinosaur',	619,	'0',	3,	0,	0,	0,	0,	1304428632,	1304429931,	'delete_game_hole'),
(1412,	927,	'Dinosaur',	620,	'0',	3,	0,	0,	0,	0,	1304428632,	1304429931,	'delete_game_hole'),
(1414,	928,	'Kosmos',	620,	'0',	2,	0,	0,	0,	0,	1304429485,	1304429658,	'delete_game_hole'),
(1413,	928,	'Kosmos',	619,	'0',	2,	0,	0,	0,	0,	1304429485,	1304429658,	'delete_game_hole'),
(1415,	929,	'Kosmos',	619,	'0',	2,	0,	0,	0,	0,	1304429907,	1304429957,	'delete_game_hole'),
(1416,	929,	'Kosmos',	620,	'0',	2,	0,	0,	0,	0,	1304429907,	1304429957,	'delete_game_hole'),
(1417,	930,	'Kosmos',	618,	'0',	3,	0,	0,	0,	0,	1304429999,	1304430763,	'delete_game_hole'),
(1418,	930,	'Kosmos',	619,	'0',	3,	0,	0,	0,	0,	1304429999,	1304430763,	'delete_game_hole'),
(1419,	930,	'Kosmos',	620,	'0',	3,	0,	0,	0,	0,	1304430000,	1304430763,	'delete_game_hole'),
(1420,	931,	'dkghsh',	618,	'0',	1,	0,	0,	0,	0,	1304431130,	1304604855,	'old_game'),
(1421,	932,	'Demetry',	469,	'0',	1,	0,	0,	0,	0,	1304432556,	1304433820,	'delete_game_hole'),
(1422,	933,	'stoll',	608,	'0',	1,	0,	0,	0,	0,	1304433577,	1304433760,	'delete_game_hole'),
(1423,	934,	'stoll',	264,	'0',	4,	0,	0,	0,	0,	1304434231,	1304434488,	'delete_game_hole'),
(1424,	934,	'stoll',	469,	'0',	4,	0,	0,	0,	0,	1304434231,	1304434488,	'delete_game_hole'),
(1425,	934,	'stoll',	608,	'0',	4,	0,	0,	0,	0,	1304434231,	1304434488,	'delete_game_hole'),
(1426,	934,	'stoll',	621,	'0',	4,	0,	0,	0,	0,	1304434231,	1304434488,	'delete_game_hole'),
(1427,	935,	'stoll',	264,	'intruder',	3,	3,	0,	1,	0,	1304434506,	1304437665,	'end_game_victory'),
(1428,	935,	'stoll',	608,	'intruder',	3,	3,	0,	1,	0,	1304434506,	1304437665,	'end_game_victory'),
(1429,	935,	'stoll',	621,	'intruder',	3,	3,	0,	1,	0,	1304434506,	1304437665,	'end_game_victory'),
(1430,	936,	'Grenader',	623,	'0',	1,	0,	0,	0,	0,	1304436205,	1304436308,	'delete_game_hole'),
(1431,	937,	'12344321',	624,	'0',	1,	0,	0,	0,	0,	1304437411,	1304438055,	'delete_game_hole'),
(1432,	938,	'1212',	625,	'0',	1,	0,	0,	0,	0,	1304437555,	1304612202,	'old_game'),
(1433,	939,	'stoll',	455,	'0',	3,	0,	0,	0,	0,	1304437985,	1304439188,	'delete_game_hole'),
(1434,	939,	'stoll',	608,	'0',	3,	0,	0,	0,	0,	1304437985,	1304439188,	'delete_game_hole'),
(1435,	939,	'stoll',	621,	'0',	3,	0,	0,	0,	0,	1304437985,	1304439188,	'delete_game_hole'),
(1436,	940,	'stoll',	455,	'0',	5,	0,	0,	0,	0,	1304439218,	1304439511,	'delete_game_hole'),
(1437,	940,	'stoll',	532,	'0',	5,	0,	0,	0,	0,	1304439218,	1304439511,	'delete_game_hole'),
(1438,	940,	'stoll',	608,	'0',	5,	0,	0,	0,	0,	1304439218,	1304439511,	'delete_game_hole'),
(1439,	940,	'stoll',	621,	'0',	5,	0,	0,	0,	0,	1304439218,	1304439511,	'delete_game_hole'),
(1440,	940,	'stoll',	624,	'0',	5,	0,	0,	0,	0,	1304439218,	1304439511,	'delete_game_hole'),
(1441,	941,	'stoll',	532,	'incubo',	4,	4,	0,	1,	0,	1304439675,	1304447366,	'end_game_victory'),
(1442,	941,	'stoll',	608,	'incubo',	4,	4,	0,	1,	0,	1304439675,	1304447366,	'end_game_victory'),
(1443,	941,	'stoll',	621,	'incubo',	4,	4,	0,	1,	0,	1304439675,	1304447366,	'end_game_victory'),
(1444,	941,	'stoll',	624,	'incubo',	4,	4,	0,	1,	0,	1304439675,	1304447366,	'end_game_victory'),
(1445,	942,	'1488',	512,	'Sourire',	2,	2,	0,	1,	0,	1304441012,	1304444363,	'end_game_victory'),
(1446,	942,	'1488',	594,	'Sourire',	2,	2,	0,	1,	0,	1304441012,	1304444363,	'end_game_victory'),
(1447,	943,	'789',	613,	'0',	1,	0,	0,	0,	0,	1304443271,	1304443278,	'delete_game_hole'),
(1448,	944,	'12344',	498,	'0',	1,	0,	0,	0,	0,	1304443938,	1304444806,	'delete_game_hole'),
(1449,	945,	'741',	503,	'0',	3,	0,	0,	0,	0,	1304444126,	1304445058,	'delete_game_hole'),
(1450,	945,	'741',	597,	'0',	3,	0,	0,	0,	0,	1304444126,	1304445058,	'delete_game_hole'),
(1451,	945,	'741',	613,	'0',	3,	0,	0,	0,	0,	1304444126,	1304445058,	'delete_game_hole'),
(1452,	947,	'1488',	512,	'Sourire',	2,	2,	0,	1,	0,	1304444409,	1304448537,	'end_game_victory'),
(1453,	947,	'1488',	594,	'Sourire',	2,	2,	0,	1,	0,	1304444409,	1304448537,	'end_game_victory'),
(1454,	948,	'Liza',	524,	'yurybol',	4,	4,	0,	1,	0,	1304444878,	1304454966,	'end_game_victory'),
(1455,	948,	'Liza',	528,	'yurybol',	4,	4,	0,	1,	0,	1304444878,	1304454966,	'end_game_victory'),
(1456,	948,	'Liza',	597,	'yurybol',	4,	4,	0,	1,	0,	1304444878,	1304454966,	'end_game_victory'),
(1457,	948,	'Liza',	598,	'yurybol',	4,	4,	0,	1,	0,	1304444878,	1304454966,	'end_game_victory'),
(1458,	950,	'Gor',	471,	'0',	3,	0,	0,	0,	0,	1304445256,	1304619157,	'old_game'),
(1459,	950,	'Gor',	599,	'0',	3,	0,	0,	0,	0,	1304445256,	1304619157,	'old_game'),
(1460,	950,	'Gor',	628,	'0',	3,	0,	0,	0,	0,	1304445256,	1304619157,	'old_game'),
(1462,	952,	'1234567',	498,	'0',	2,	0,	0,	0,	0,	1304445814,	1304450920,	'delete_game_hole'),
(1461,	952,	'1234567',	311,	'0',	2,	0,	0,	0,	0,	1304445814,	1304450920,	'delete_game_hole'),
(1463,	953,	'12345',	503,	'0',	3,	0,	0,	0,	0,	1304446222,	1304446582,	'delete_game_hole'),
(1464,	953,	'12345',	599,	'0',	3,	0,	0,	0,	0,	1304446222,	1304446582,	'delete_game_hole'),
(1465,	953,	'12345',	626,	'0',	3,	0,	0,	0,	0,	1304446222,	1304446582,	'delete_game_hole'),
(1466,	957,	'03052011',	551,	'0',	1,	0,	0,	0,	0,	1304446997,	1304447086,	'delete_game_hole'),
(1467,	956,	'12345',	503,	'mihalu444',	2,	2,	0,	1,	0,	1304447134,	1304449931,	'end_game_victory'),
(1468,	956,	'12345',	599,	'mihalu444',	2,	2,	0,	1,	0,	1304447134,	1304449931,	'end_game_victory'),
(1469,	958,	'mirf',	532,	'0',	1,	0,	0,	0,	0,	1304447777,	1304447810,	'delete_game_hole'),
(1470,	959,	'stol1',	596,	'0',	3,	0,	0,	0,	0,	1304448338,	1304449686,	'delete_game_hole'),
(1471,	959,	'stol1',	608,	'0',	3,	0,	0,	0,	0,	1304448338,	1304449686,	'delete_game_hole'),
(1472,	959,	'stol1',	629,	'0',	3,	0,	0,	0,	0,	1304448338,	1304449686,	'delete_game_hole'),
(1473,	960,	'1654645',	420,	'0',	1,	0,	0,	0,	0,	1304448820,	1304534399,	'delete_game_hole'),
(1474,	961,	'03052011',	551,	'Djalina',	3,	3,	0,	1,	0,	1304449498,	1304454609,	'end_game_victory'),
(1475,	961,	'03052011',	574,	'Djalina',	3,	3,	0,	1,	0,	1304449498,	1304454609,	'end_game_victory'),
(1476,	961,	'03052011',	609,	'Djalina',	3,	3,	0,	1,	0,	1304449498,	1304454609,	'end_game_victory'),
(1477,	962,	'12345',	503,	'mihalu444',	2,	2,	0,	1,	0,	1304450082,	1304452525,	'end_game_victory'),
(1478,	962,	'12345',	599,	'mihalu444',	2,	2,	0,	1,	0,	1304450082,	1304452525,	'end_game_victory'),
(1479,	964,	'Demetry',	469,	'0',	1,	0,	0,	0,	0,	1304455621,	1304456872,	'delete_game_hole'),
(1480,	965,	'qweq123',	18,	'0',	1,	0,	0,	0,	0,	1304463751,	1304468461,	'delete_game_hole'),
(1481,	966,	'Test_DoNotJoin',	18,	'0',	1,	0,	0,	0,	0,	1304468497,	1304479975,	'delete_game_hole'),
(1482,	967,	'12343242342',	607,	'0',	1,	0,	0,	0,	0,	1304478608,	1304498463,	'delete_game_hole'),
(1483,	968,	'TestTable',	1,	'0',	2,	0,	0,	0,	0,	1304479989,	1304574015,	'delete_game_hole'),
(1484,	968,	'TestTable',	18,	'0',	2,	0,	0,	0,	0,	1304479989,	1304574015,	'delete_game_hole'),
(1485,	969,	'garick',	630,	'0',	1,	0,	0,	0,	0,	1304487861,	1304661343,	'old_game'),
(1486,	970,	'qwe',	631,	'0',	1,	0,	0,	0,	0,	1304494925,	1304495219,	'delete_game_hole'),
(1487,	971,	'qwe',	631,	'0',	1,	0,	0,	0,	0,	1304495299,	1304495685,	'delete_game_hole'),
(1488,	972,	'tirlimpompom',	614,	'0',	1,	0,	0,	0,	0,	1304496649,	1304496691,	'delete_game_hole'),
(1489,	973,	'qw123',	614,	'0',	1,	0,	0,	0,	0,	1304497319,	1304497417,	'delete_game_hole'),
(1490,	974,	'qwe123',	614,	'0',	1,	0,	0,	0,	0,	1304498031,	1304498679,	'delete_game_hole'),
(1491,	975,	'stoll',	608,	'0',	3,	0,	0,	0,	0,	1304499042,	1304499291,	'delete_game_hole'),
(1492,	975,	'stoll',	607,	'0',	3,	0,	0,	0,	0,	1304499042,	1304499291,	'delete_game_hole'),
(1493,	975,	'stoll',	614,	'0',	3,	0,	0,	0,	0,	1304499042,	1304499291,	'delete_game_hole'),
(1494,	976,	'qw123',	226,	'oleg',	3,	3,	0,	1,	0,	1304499648,	1304504837,	'end_game_victory'),
(1495,	976,	'qw123',	607,	'oleg',	3,	3,	0,	1,	0,	1304499648,	1304504837,	'end_game_victory'),
(1496,	976,	'qw123',	614,	'oleg',	3,	3,	0,	1,	0,	1304499648,	1304504837,	'end_game_victory'),
(1497,	978,	'novce',	634,	'0',	1,	0,	0,	0,	0,	1304504622,	1304504695,	'delete_game_hole'),
(1498,	980,	'stoll',	608,	'0',	2,	0,	0,	0,	0,	1304505762,	1304506549,	'delete_game_hole'),
(1499,	980,	'stoll',	607,	'0',	2,	0,	0,	0,	0,	1304505762,	1304506549,	'delete_game_hole'),
(1500,	981,	'stoll',	608,	'0',	2,	0,	0,	0,	0,	1304507160,	1304507230,	'delete_game_hole'),
(1501,	981,	'stoll',	633,	'0',	2,	0,	0,	0,	0,	1304507160,	1304507230,	'delete_game_hole'),
(1502,	982,	'warrior',	633,	'0',	2,	0,	0,	0,	0,	1304507680,	1304680493,	'old_game'),
(1503,	982,	'warrior',	635,	'0',	2,	0,	0,	0,	0,	1304507680,	1304680493,	'old_game'),
(1504,	984,	'intruder',	264,	'0',	1,	0,	0,	0,	0,	1304509069,	1304510263,	'delete_game_hole'),
(1505,	985,	'intruder',	264,	'0',	1,	0,	0,	0,	0,	1304510455,	1304511087,	'delete_game_hole'),
(1506,	986,	'intruder',	264,	'0',	1,	0,	0,	0,	0,	1304511702,	1304511760,	'delete_game_hole'),
(1507,	987,	'intruder',	264,	'0',	1,	0,	0,	0,	0,	1304513968,	1304514171,	'delete_game_hole'),
(1508,	988,	'intruder',	264,	'0',	1,	0,	0,	0,	0,	1304514782,	1304515647,	'delete_game_hole'),
(1509,	989,	'stoll',	264,	'intruder',	3,	3,	0,	1,	0,	1304516376,	1304521319,	'end_game_victory'),
(1510,	989,	'stoll',	274,	'intruder',	3,	3,	0,	1,	0,	1304516376,	1304521319,	'end_game_victory'),
(1511,	989,	'stoll',	608,	'intruder',	3,	3,	0,	1,	0,	1304516376,	1304521319,	'end_game_victory'),
(1512,	990,	'Krasnoyarsk',	638,	'0',	1,	0,	0,	0,	0,	1304519477,	1304519672,	'delete_game_hole'),
(1513,	991,	'lirik',	638,	'0',	1,	0,	0,	0,	0,	1304519734,	1304520015,	'delete_game_hole'),
(1514,	992,	'new',	638,	'0',	1,	0,	0,	0,	0,	1304520327,	1304604855,	'delete_game_hole'),
(1515,	993,	'stoll',	264,	'0',	2,	0,	0,	0,	0,	1304521657,	1304521697,	'delete_game_hole'),
(1516,	993,	'stoll',	608,	'0',	2,	0,	0,	0,	0,	1304521657,	1304521697,	'delete_game_hole'),
(1517,	994,	'stoll',	264,	'0',	3,	0,	0,	0,	0,	1304521855,	1304523009,	'delete_game_hole'),
(1518,	994,	'stoll',	528,	'0',	3,	0,	0,	0,	0,	1304521855,	1304523009,	'delete_game_hole'),
(1519,	994,	'stoll',	608,	'0',	3,	0,	0,	0,	0,	1304521855,	1304523009,	'delete_game_hole'),
(1520,	995,	'444',	639,	'0',	1,	0,	0,	0,	0,	1304523667,	1304523760,	'delete_game_hole'),
(1521,	996,	'333',	639,	'0',	1,	0,	0,	0,	0,	1304524058,	1304524286,	'delete_game_hole'),
(1522,	997,	'nvdrn',	637,	'0',	1,	0,	0,	0,	0,	1304524397,	1304601059,	'delete_game_hole'),
(1523,	998,	'555',	639,	'0',	1,	0,	0,	0,	0,	1304525013,	1304525055,	'delete_game_hole'),
(1524,	999,	'2222',	639,	'0',	1,	0,	0,	0,	0,	1304526394,	1304526535,	'delete_game_hole'),
(1525,	1000,	'gogo',	503,	'Gosha',	3,	3,	0,	1,	0,	1304526909,	1304534858,	'end_game_victory'),
(1526,	1000,	'gogo',	633,	'Gosha',	3,	3,	0,	1,	0,	1304526909,	1304534858,	'end_game_victory'),
(1527,	1000,	'gogo',	639,	'Gosha',	3,	3,	0,	1,	0,	1304526909,	1304534858,	'end_game_victory'),
(1528,	1001,	'bugmenot',	640,	'0',	1,	0,	0,	0,	0,	1304527576,	1304702230,	'old_game'),
(1529,	1005,	'12345',	39,	'Grej_Wehrwolf',	3,	3,	0,	1,	0,	1304534342,	1304537374,	'end_game_victory'),
(1530,	1005,	'12345',	38,	'Grej_Wehrwolf',	3,	3,	0,	1,	0,	1304534342,	1304537374,	'end_game_victory'),
(1531,	1005,	'12345',	599,	'Grej_Wehrwolf',	3,	3,	0,	1,	0,	1304534342,	1304537374,	'end_game_victory'),
(1532,	1007,	'Nitros',	455,	'0',	2,	0,	0,	0,	0,	1304535146,	1304535231,	'delete_game_hole'),
(1533,	1007,	'Nitros',	503,	'0',	2,	0,	0,	0,	0,	1304535146,	1304535231,	'delete_game_hole'),
(1534,	1009,	'1444',	519,	'crimson',	1,	1,	0,	1,	0,	1304536930,	1304536987,	'end_game_victory'),
(1535,	1010,	'aka',	642,	'0',	1,	0,	0,	0,	0,	1304538298,	1304538460,	'delete_game_hole'),
(1536,	1011,	'04052011',	551,	'0',	2,	0,	0,	0,	0,	1304540590,	1304720279,	'delete_game_hole'),
(1537,	1011,	'04052011',	574,	'0',	2,	0,	0,	0,	0,	1304540590,	1304720279,	'delete_game_hole'),
(1538,	1008,	'Nitros',	455,	'0',	3,	0,	0,	0,	0,	1304542391,	1304601168,	'delete_game_hole'),
(1539,	1008,	'Nitros',	564,	'0',	3,	0,	0,	0,	0,	1304542391,	1304601168,	'delete_game_hole'),
(1540,	1008,	'Nitros',	643,	'0',	3,	0,	0,	0,	0,	1304542391,	1304601168,	'delete_game_hole'),
(1541,	1012,	'Demetry',	469,	'GrafDemetry',	2,	2,	0,	1,	0,	1304542693,	1304544485,	'end_game_victory'),
(1542,	1012,	'Demetry',	524,	'GrafDemetry',	2,	2,	0,	1,	0,	1304542693,	1304544485,	'end_game_victory'),
(1543,	1013,	'dfg',	469,	'0',	2,	0,	0,	0,	0,	1304544508,	1304623042,	'delete_game_hole'),
(1544,	1013,	'dfg',	524,	'0',	2,	0,	0,	0,	0,	1304544508,	1304623042,	'delete_game_hole'),
(1545,	1014,	'сми',	607,	'0',	1,	0,	0,	0,	0,	1304564415,	1304569843,	'delete_game_hole'),
(1546,	1015,	'4223423',	607,	'0',	2,	0,	0,	0,	0,	1304571508,	1304573752,	'delete_game_hole'),
(1547,	1015,	'4223423',	624,	'0',	2,	0,	0,	0,	0,	1304571508,	1304573752,	'delete_game_hole'),
(1548,	1017,	'1488',	512,	'0',	2,	0,	0,	0,	0,	1304574054,	1304574887,	'delete_game_hole'),
(1549,	1017,	'1488',	646,	'0',	2,	0,	0,	0,	0,	1304574054,	1304574887,	'delete_game_hole'),
(1550,	1016,	'3423',	607,	'0',	1,	0,	0,	0,	0,	1304574214,	1304585139,	'delete_game_hole'),
(1551,	1018,	'1488',	512,	'0',	2,	0,	0,	0,	0,	1304574930,	1304751958,	'old_game'),
(1552,	1018,	'1488',	646,	'0',	2,	0,	0,	0,	0,	1304574930,	1304751958,	'old_game'),
(1553,	1019,	'test_table',	647,	'0',	1,	0,	0,	0,	0,	1304577600,	1304579678,	'delete_game_hole'),
(1554,	1020,	'fewfw',	636,	'0',	1,	0,	0,	0,	0,	1304578409,	1304578761,	'delete_game_hole'),
(1555,	1021,	'QQQ',	647,	'0',	3,	0,	0,	0,	0,	1304582503,	1304758028,	'old_game'),
(1556,	1021,	'QQQ',	648,	'0',	3,	0,	0,	0,	0,	1304582503,	1304758028,	'old_game'),
(1557,	1021,	'QQQ',	649,	'0',	3,	0,	0,	0,	0,	1304582503,	1304758028,	'old_game'),
(1558,	1023,	'munckin_game',	647,	'0',	2,	0,	0,	0,	0,	1304583232,	1304584009,	'delete_game_hole'),
(1559,	1023,	'munckin_game',	650,	'0',	2,	0,	0,	0,	0,	1304583232,	1304584009,	'delete_game_hole'),
(1560,	1024,	'munchkin_game',	647,	'0',	2,	0,	0,	0,	0,	1304584074,	1304610154,	'delete_game_hole'),
(1561,	1024,	'munchkin_game',	650,	'0',	2,	0,	0,	0,	0,	1304584074,	1304610154,	'delete_game_hole'),
(1562,	1025,	'686',	641,	'0',	1,	0,	0,	0,	0,	1304586375,	1304591338,	'delete_game_hole'),
(1563,	1026,	'123123123',	607,	'0',	1,	0,	0,	0,	0,	1304586706,	1304587495,	'delete_game_hole'),
(1564,	1027,	'gogo',	647,	'0',	1,	0,	0,	0,	0,	1304587157,	1304587213,	'delete_game_hole'),
(1565,	1028,	'qw123',	607,	'0',	3,	0,	0,	0,	0,	1304587942,	1304593049,	'delete_game_hole'),
(1566,	1028,	'qw123',	614,	'0',	3,	0,	0,	0,	0,	1304587942,	1304593049,	'delete_game_hole'),
(1567,	1028,	'qw123',	647,	'0',	3,	0,	0,	0,	0,	1304587942,	1304593049,	'delete_game_hole'),
(1568,	1029,	'Testing',	651,	'0',	1,	0,	0,	0,	0,	1304588844,	1304768557,	'old_game'),
(1569,	1031,	'979',	226,	'0',	2,	0,	0,	0,	0,	1304592143,	1304592192,	'delete_game_hole'),
(1570,	1031,	'979',	633,	'0',	2,	0,	0,	0,	0,	1304592143,	1304592192,	'delete_game_hole'),
(1571,	1032,	'5677',	226,	'oleg',	2,	2,	0,	1,	0,	1304592501,	1304594418,	'end_game_victory'),
(1572,	1032,	'5677',	633,	'oleg',	2,	2,	0,	1,	0,	1304592501,	1304594418,	'end_game_victory'),
(1573,	1035,	'testadmin',	1,	'0',	1,	0,	0,	0,	0,	1304592895,	1304593031,	'delete_game_hole'),
(1574,	1038,	'uuu',	653,	'0',	1,	0,	0,	0,	0,	1304596770,	1304771400,	'old_game'),
(1575,	1039,	'2345',	89,	'0',	1,	0,	0,	0,	0,	1304599202,	1304772392,	'old_game'),
(1576,	1041,	'vsesuda',	654,	'0',	2,	0,	0,	0,	0,	1304601303,	1304601619,	'delete_game_hole'),
(1577,	1041,	'vsesuda',	455,	'0',	2,	0,	0,	0,	0,	1304601303,	1304601619,	'delete_game_hole'),
(1578,	1046,	'vsesuda',	654,	'Nitros',	2,	2,	0,	1,	0,	1304601683,	1304605717,	'end_game_victory'),
(1579,	1046,	'vsesuda',	455,	'Nitros',	2,	2,	0,	1,	0,	1304601683,	1304605717,	'end_game_victory'),
(1580,	1048,	'456464646',	420,	'0',	1,	0,	0,	0,	0,	1304607023,	1304607204,	'delete_game_hole'),
(1581,	1047,	'stoll',	264,	'Nitros',	3,	2,	0,	1,	0,	1304607144,	1304609106,	'end_game_victory'),
(1582,	1047,	'stoll',	455,	'Nitros',	3,	2,	0,	1,	0,	1304607144,	1304609106,	'end_game_victory'),
(1583,	1047,	'stoll',	608,	'Nitros',	3,	2,	0,	-1,	0,	1304607144,	1304609106,	'end_game_victory'),
(1584,	1051,	'intruder',	264,	'0',	3,	0,	0,	0,	0,	1304609266,	1304609284,	'delete_game_hole'),
(1585,	1051,	'intruder',	455,	'0',	3,	0,	0,	0,	0,	1304609266,	1304609284,	'delete_game_hole'),
(1586,	1051,	'intruder',	608,	'0',	3,	0,	0,	0,	0,	1304609266,	1304609284,	'delete_game_hole'),
(1587,	1055,	'stoll',	264,	'0',	4,	0,	0,	0,	0,	1304609490,	1304609497,	'delete_game_hole'),
(1588,	1055,	'stoll',	455,	'0',	4,	0,	0,	0,	0,	1304609490,	1304609497,	'delete_game_hole'),
(1589,	1055,	'stoll',	608,	'0',	4,	0,	0,	0,	0,	1304609490,	1304609497,	'delete_game_hole'),
(1590,	1055,	'stoll',	639,	'0',	4,	0,	0,	0,	0,	1304609490,	1304609497,	'delete_game_hole'),
(1591,	1056,	'stoll',	455,	'0',	3,	0,	0,	0,	0,	1304609524,	1304609531,	'delete_game_hole'),
(1592,	1056,	'stoll',	608,	'0',	3,	0,	0,	0,	0,	1304609524,	1304609531,	'delete_game_hole'),
(1593,	1056,	'stoll',	639,	'0',	3,	0,	0,	0,	0,	1304609524,	1304609531,	'delete_game_hole'),
(1594,	1058,	'stoll',	264,	'0',	4,	0,	0,	0,	0,	1304609570,	1304609574,	'delete_game_hole'),
(1595,	1058,	'stoll',	455,	'0',	4,	0,	0,	0,	0,	1304609570,	1304609574,	'delete_game_hole'),
(1596,	1058,	'stoll',	608,	'0',	4,	0,	0,	0,	0,	1304609570,	1304609574,	'delete_game_hole'),
(1597,	1058,	'stoll',	639,	'0',	4,	0,	0,	0,	0,	1304609570,	1304609574,	'delete_game_hole'),
(1598,	1060,	'stoll',	264,	'intruder',	3,	3,	0,	1,	0,	1304609624,	1304614293,	'end_game_victory'),
(1599,	1060,	'stoll',	608,	'intruder',	3,	3,	0,	1,	0,	1304609624,	1304614293,	'end_game_victory'),
(1600,	1060,	'stoll',	639,	'intruder',	3,	3,	0,	1,	0,	1304609624,	1304614293,	'end_game_victory'),
(1601,	1061,	'table',	657,	'0',	1,	0,	0,	0,	0,	1304611386,	1304786607,	'old_game'),
(1602,	1062,	'MunchkinVi',	658,	'0',	2,	0,	0,	0,	0,	1304611647,	1304612202,	'delete_game_hole'),
(1603,	1062,	'MunchkinVi',	659,	'0',	2,	0,	0,	0,	0,	1304611647,	1304612202,	'delete_game_hole'),
(1604,	1063,	'gjgf',	659,	'0',	1,	0,	0,	0,	0,	1304612222,	1304612238,	'delete_game_hole'),
(1605,	1064,	'gigf',	658,	'0',	2,	0,	0,	0,	0,	1304612264,	1304612298,	'delete_game_hole'),
(1606,	1064,	'gigf',	659,	'0',	2,	0,	0,	0,	0,	1304612264,	1304612298,	'delete_game_hole'),
(1607,	1065,	'koko',	658,	'lolifas',	2,	2,	0,	1,	0,	1304612318,	1304615684,	'end_game_victory'),
(1608,	1065,	'koko',	659,	'lolifas',	2,	2,	0,	1,	0,	1304612318,	1304615684,	'end_game_victory'),
(1609,	1066,	'stoll',	455,	'san4opan',	3,	2,	0,	-1,	0,	1304614937,	1304616391,	'end_game_victory'),
(1610,	1066,	'stoll',	528,	'san4opan',	3,	2,	0,	1,	0,	1304614937,	1304616391,	'end_game_victory'),
(1611,	1066,	'stoll',	608,	'san4opan',	3,	2,	0,	1,	0,	1304614937,	1304616391,	'end_game_victory'),
(1612,	1067,	'funcardg',	596,	'0',	1,	0,	0,	0,	0,	1304616074,	1304616094,	'delete_game_hole'),
(1613,	1070,	'Nitros',	455,	'0',	3,	0,	0,	0,	0,	1304617654,	1304687006,	'delete_game_hole'),
(1614,	1070,	'Nitros',	397,	'0',	3,	0,	0,	0,	0,	1304617654,	1304687006,	'delete_game_hole'),
(1615,	1070,	'Nitros',	662,	'0',	3,	0,	0,	0,	0,	1304617654,	1304687006,	'delete_game_hole'),
(1616,	1071,	'Kombat',	532,	'0',	1,	0,	0,	0,	0,	1304619111,	1304619157,	'delete_game_hole'),
(1617,	1072,	'12345',	599,	'0',	2,	0,	0,	0,	0,	1304620601,	1304620636,	'delete_game_hole'),
(1618,	1072,	'12345',	645,	'0',	2,	0,	0,	0,	0,	1304620601,	1304620636,	'delete_game_hole'),
(1619,	1073,	'12345',	599,	'0',	2,	0,	0,	0,	0,	1304621017,	1304623548,	'delete_game_hole'),
(1620,	1073,	'12345',	645,	'0',	2,	0,	0,	0,	0,	1304621017,	1304623548,	'delete_game_hole'),
(1621,	1074,	'dem',	469,	'yurybol',	2,	2,	0,	1,	0,	1304623061,	1304630128,	'end_game_victory'),
(1622,	1074,	'dem',	524,	'yurybol',	2,	2,	0,	1,	0,	1304623061,	1304630128,	'end_game_victory'),
(1623,	1075,	'123123123123',	607,	'0',	1,	0,	0,	0,	0,	1304660088,	1304661343,	'delete_game_hole'),
(1624,	1076,	'Welcome',	663,	'0',	1,	0,	0,	0,	0,	1304666501,	1304670423,	'delete_game_hole'),
(1625,	1077,	'dasha',	91,	'0',	2,	0,	0,	0,	0,	1304668968,	1304673430,	'delete_game_hole'),
(1626,	1077,	'dasha',	138,	'0',	2,	0,	0,	0,	0,	1304668968,	1304673430,	'delete_game_hole'),
(1627,	1078,	'intruder',	264,	'0',	1,	0,	0,	0,	0,	1304670022,	1304670029,	'delete_game_hole'),
(1628,	1079,	'intruder',	264,	'0',	2,	0,	0,	0,	0,	1304670774,	1304671456,	'delete_game_hole'),
(1629,	1079,	'intruder',	663,	'0',	2,	0,	0,	0,	0,	1304670774,	1304671456,	'delete_game_hole'),
(1630,	1080,	'pobistromu',	264,	'0',	2,	0,	0,	0,	0,	1304671594,	1304674962,	'delete_game_hole'),
(1631,	1080,	'pobistromu',	608,	'0',	2,	0,	0,	0,	0,	1304671594,	1304674962,	'delete_game_hole'),
(1632,	1081,	'Intruder',	264,	'intruder',	2,	2,	0,	1,	0,	1304672161,	1304676113,	'end_game_victory'),
(1633,	1081,	'Intruder',	639,	'intruder',	2,	2,	0,	1,	0,	1304672161,	1304676113,	'end_game_victory'),
(1634,	1082,	'pobistromu',	91,	'0',	3,	0,	0,	0,	0,	1304675409,	1304676920,	'delete_game_hole'),
(1635,	1082,	'pobistromu',	356,	'0',	3,	0,	0,	0,	0,	1304675409,	1304676920,	'delete_game_hole'),
(1636,	1082,	'pobistromu',	608,	'0',	3,	0,	0,	0,	0,	1304675409,	1304676920,	'delete_game_hole'),
(1637,	1084,	'111',	671,	'0',	1,	0,	0,	0,	0,	1304678867,	1304678977,	'delete_game_hole'),
(1638,	1086,	'proba',	669,	'0',	1,	0,	0,	0,	0,	1304679912,	1304680493,	'delete_game_hole'),
(1639,	1087,	'1111',	669,	'0',	1,	0,	0,	0,	0,	1304680514,	1304680973,	'delete_game_hole'),
(1640,	1088,	'stol',	53,	'0',	1,	0,	0,	0,	0,	1304682015,	1304682518,	'delete_game_hole'),
(1641,	1089,	'stol',	53,	'intruder',	3,	3,	0,	1,	0,	1304682536,	1304686320,	'end_game_victory'),
(1642,	1089,	'stol',	264,	'intruder',	3,	3,	0,	1,	0,	1304682536,	1304686320,	'end_game_victory'),
(1643,	1089,	'stol',	669,	'intruder',	3,	3,	0,	1,	0,	1304682536,	1304686320,	'end_game_victory'),
(1644,	1091,	'pobistromu',	608,	'0',	1,	0,	0,	0,	0,	1304685751,	1304686774,	'delete_game_hole'),
(1645,	1092,	'stol',	53,	'intruder',	2,	2,	0,	1,	0,	1304686480,	1304690810,	'end_game_victory'),
(1646,	1092,	'stol',	264,	'intruder',	2,	2,	0,	1,	0,	1304686480,	1304690810,	'end_game_victory'),
(1647,	1093,	'Nitros',	53,	'Valnar',	3,	3,	0,	1,	0,	1304691205,	1304694310,	'end_game_victory'),
(1648,	1093,	'Nitros',	455,	'Valnar',	3,	3,	0,	1,	0,	1304691205,	1304694310,	'end_game_victory'),
(1649,	1093,	'Nitros',	420,	'Valnar',	3,	3,	0,	1,	0,	1304691205,	1304694310,	'end_game_victory'),
(1650,	1095,	'tit',	674,	'0',	1,	0,	0,	0,	0,	1304691840,	1304691905,	'delete_game_hole'),
(1651,	1096,	'111',	675,	'0',	1,	0,	0,	0,	0,	1304693432,	1304694119,	'delete_game_hole'),
(1652,	1098,	'Nitros',	455,	'0',	1,	0,	0,	0,	0,	1304696009,	1304696904,	'delete_game_hole'),
(1653,	1099,	'Nitros',	455,	'0',	1,	0,	0,	0,	0,	1304697043,	1304697152,	'delete_game_hole'),
(1654,	1100,	'12345',	264,	'Kareglazaya',	3,	3,	0,	1,	0,	1304699018,	1304703662,	'end_game_victory'),
(1655,	1100,	'12345',	356,	'Kareglazaya',	3,	3,	0,	1,	0,	1304699018,	1304703662,	'end_game_victory'),
(1656,	1100,	'12345',	599,	'Kareglazaya',	3,	3,	0,	1,	0,	1304699018,	1304703662,	'end_game_victory'),
(1657,	1101,	'111',	399,	'0',	1,	0,	0,	0,	0,	1304699289,	1304699304,	'delete_game_hole'),
(1658,	1102,	'zaz',	399,	'0',	3,	0,	0,	0,	0,	1304700060,	1304702303,	'delete_game_hole'),
(1659,	1102,	'zaz',	469,	'0',	3,	0,	0,	0,	0,	1304700060,	1304702303,	'delete_game_hole'),
(1660,	1102,	'zaz',	633,	'0',	3,	0,	0,	0,	0,	1304700060,	1304702303,	'delete_game_hole'),
(1661,	1103,	'KV03',	676,	'Leisar',	3,	1,	0,	1,	1304702249,	1304700545,	1304702230,	'delete_game_hole'),
(1662,	1103,	'KV03',	677,	'Leisar',	3,	1,	0,	0,	1304702249,	1304700545,	1304702230,	'delete_game_hole'),
(1663,	1103,	'KV03',	678,	'Leisar',	3,	1,	0,	0,	1304702249,	1304700545,	1304702230,	'delete_game_hole'),
(1664,	1104,	'KV03',	676,	'0',	2,	0,	0,	0,	0,	1304702421,	1304702893,	'delete_game_hole'),
(1665,	1104,	'KV03',	677,	'0',	2,	0,	0,	0,	0,	1304702421,	1304702893,	'delete_game_hole'),
(1666,	1105,	'zzz',	633,	'0',	1,	0,	0,	0,	0,	1304702496,	1304702509,	'delete_game_hole'),
(1667,	1107,	'1112',	677,	'0',	1,	0,	0,	0,	0,	1304702915,	1304758028,	'delete_game_hole'),
(1668,	1109,	'111',	399,	'0',	2,	0,	0,	0,	0,	1304704296,	1304704822,	'delete_game_hole'),
(1669,	1109,	'111',	680,	'0',	2,	0,	0,	0,	0,	1304704296,	1304704822,	'delete_game_hole'),
(1670,	1112,	'Demetry',	399,	'0',	2,	0,	0,	0,	0,	1304706566,	1304706816,	'delete_game_hole'),
(1671,	1112,	'Demetry',	469,	'0',	2,	0,	0,	0,	0,	1304706566,	1304706816,	'delete_game_hole'),
(1672,	1113,	'Demetry',	399,	'GrafDemetry',	3,	3,	0,	1,	0,	1304706843,	1304713942,	'end_game_victory'),
(1673,	1113,	'Demetry',	469,	'GrafDemetry',	3,	3,	0,	1,	0,	1304706843,	1304713942,	'end_game_victory'),
(1674,	1113,	'Demetry',	524,	'GrafDemetry',	3,	3,	0,	1,	0,	1304706843,	1304713942,	'end_game_victory'),
(1675,	1115,	'1234',	675,	'Karabas',	1,	1,	0,	1,	0,	1304714957,	1304715850,	'end_game_victory'),
(1676,	1116,	'alfa',	675,	'Karabas',	1,	1,	0,	1,	0,	1304749516,	1304750639,	'end_game_victory'),
(1677,	1117,	'cito',	675,	'Karabas',	1,	1,	0,	1,	0,	1304750806,	1304752582,	'end_game_victory'),
(1678,	1119,	'test',	688,	'0',	1,	0,	0,	0,	0,	1304752002,	1304752085,	'delete_game_hole'),
(1679,	1120,	'Beta',	675,	'Karabas',	1,	1,	0,	1,	0,	1304754064,	1304755854,	'end_game_victory'),
(1680,	1121,	'Terra',	675,	'0',	1,	0,	0,	0,	0,	1304755901,	1304759242,	'delete_game_hole'),
(1681,	1122,	'123',	677,	'0',	1,	0,	0,	0,	0,	1304758041,	1304931127,	'old_game'),
(1682,	1123,	'3221',	532,	'0',	3,	0,	0,	0,	0,	1304759619,	1304760024,	'delete_game_hole'),
(1683,	1123,	'3221',	639,	'0',	3,	0,	0,	0,	0,	1304759619,	1304760024,	'delete_game_hole'),
(1684,	1123,	'3221',	689,	'0',	3,	0,	0,	0,	0,	1304759619,	1304760024,	'delete_game_hole'),
(1685,	1125,	'gggg',	1,	'0',	1,	0,	0,	0,	0,	1304759674,	1304759764,	'delete_game_hole'),
(1686,	1126,	'test',	689,	'0',	1,	0,	0,	0,	0,	1304760127,	1304760292,	'delete_game_hole'),
(1687,	1127,	'stoll',	532,	'S_Fightin',	4,	2,	0,	1,	1304769005,	1304760298,	1304768982,	'delete_game_hole'),
(1688,	1127,	'stoll',	608,	'S_Fightin',	4,	2,	0,	1,	1304769005,	1304760298,	1304768982,	'delete_game_hole'),
(1689,	1127,	'stoll',	639,	'S_Fightin',	4,	2,	0,	0,	1304769005,	1304760298,	1304768982,	'delete_game_hole'),
(1690,	1127,	'stoll',	689,	'S_Fightin',	4,	2,	0,	0,	1304769005,	1304760298,	1304768982,	'delete_game_hole'),
(1691,	1128,	'Terra',	675,	'Karabas',	1,	1,	0,	1,	0,	1304765426,	1304766587,	'end_game_victory'),
(1692,	1129,	'kon',	675,	'Karabas',	1,	1,	0,	1,	0,	1304766748,	1304767407,	'end_game_victory'),
(1693,	1130,	'111',	693,	'Balda',	1,	1,	0,	1,	0,	1304767937,	1304769484,	'end_game_victory'),
(1694,	1131,	'6482',	226,	'0',	1,	0,	0,	0,	0,	1304768466,	1304768557,	'delete_game_hole'),
(1695,	1133,	'112',	695,	'Rentus',	2,	2,	0,	1,	0,	1304770519,	1304771610,	'end_game_victory'),
(1696,	1133,	'112',	696,	'Rentus',	2,	2,	0,	1,	0,	1304770519,	1304771610,	'end_game_victory'),
(1697,	1134,	'232',	344,	'0',	1,	0,	0,	0,	0,	1304771245,	1304771400,	'delete_game_hole'),
(1698,	1135,	'12223',	344,	'0',	2,	0,	0,	0,	0,	1304771847,	1304772392,	'delete_game_hole'),
(1699,	1135,	'12223',	695,	'0',	2,	0,	0,	0,	0,	1304771847,	1304772392,	'delete_game_hole'),
(1700,	1136,	'12345',	344,	'0',	2,	0,	0,	0,	0,	1304772550,	1304773464,	'delete_game_hole'),
(1701,	1136,	'12345',	695,	'0',	2,	0,	0,	0,	0,	1304772550,	1304773464,	'delete_game_hole'),
(1702,	1138,	'aa11',	390,	'0',	1,	0,	0,	0,	0,	1304772945,	1304946042,	'old_game'),
(1703,	1139,	'112233',	695,	'0',	1,	0,	0,	0,	0,	1304773774,	1304773880,	'delete_game_hole'),
(1704,	1140,	'12121212',	695,	'0',	2,	0,	0,	0,	0,	1304774498,	1304777569,	'delete_game_hole'),
(1705,	1140,	'12121212',	696,	'0',	2,	0,	0,	0,	0,	1304774498,	1304777569,	'delete_game_hole'),
(1706,	1141,	'safds',	524,	'0',	1,	0,	0,	0,	0,	1304774999,	1304775013,	'delete_game_hole'),
(1707,	1143,	'stoll',	608,	'0',	1,	0,	0,	0,	0,	1304778252,	1304781951,	'delete_game_hole'),
(1708,	1144,	'pobistromu',	532,	'0',	2,	0,	0,	0,	0,	1304782568,	1304783057,	'delete_game_hole'),
(1709,	1144,	'pobistromu',	608,	'0',	2,	0,	0,	0,	0,	1304782568,	1304783057,	'delete_game_hole'),
(1710,	1145,	'Zaxodite',	532,	'0',	3,	0,	0,	0,	0,	1304783076,	1304956159,	'old_game'),
(1711,	1145,	'Zaxodite',	608,	'0',	3,	0,	0,	0,	0,	1304783076,	1304956159,	'old_game'),
(1712,	1145,	'Zaxodite',	684,	'0',	3,	0,	0,	0,	0,	1304783076,	1304956159,	'old_game'),
(1713,	1146,	'stoll',	532,	'0',	2,	0,	0,	0,	0,	1304784652,	1304786607,	'delete_game_hole'),
(1714,	1146,	'stoll',	608,	'0',	2,	0,	0,	0,	0,	1304784652,	1304786607,	'delete_game_hole'),
(1715,	1147,	'pobistromu',	608,	'0',	1,	0,	0,	0,	0,	1304787219,	1304787566,	'delete_game_hole'),
(1716,	1148,	'stoll',	608,	'0',	1,	0,	0,	0,	0,	1304788244,	1304788913,	'delete_game_hole'),
(1717,	1149,	'5656',	695,	'Rentus',	2,	2,	0,	1,	0,	1304790886,	1304801798,	'end_game_victory'),
(1718,	1149,	'5656',	675,	'Rentus',	2,	2,	0,	1,	0,	1304790886,	1304801798,	'end_game_victory'),
(1719,	1154,	'111',	264,	'0',	3,	0,	0,	0,	0,	1304798911,	1304800333,	'delete_game_hole'),
(1720,	1154,	'111',	399,	'0',	3,	0,	0,	0,	0,	1304798911,	1304800333,	'delete_game_hole'),
(1721,	1154,	'111',	521,	'0',	3,	0,	0,	0,	0,	1304798911,	1304800333,	'delete_game_hole'),
(1722,	1155,	'stol',	138,	'0',	1,	0,	0,	0,	0,	1304800180,	1304800195,	'delete_game_hole'),
(1723,	1158,	'123321',	695,	'Rentus',	1,	1,	0,	1,	0,	1304802077,	1304886850,	'end_game_victory'),
(1724,	1159,	'qwer',	706,	'0',	1,	0,	0,	0,	0,	1304813049,	1304813408,	'delete_game_hole'),
(1725,	1160,	'testtable',	1,	'0',	1,	0,	0,	0,	0,	1304820774,	1304839150,	'delete_game_hole'),
(1726,	1162,	'qwer',	706,	'0',	1,	0,	0,	0,	0,	1304830321,	1305008805,	'old_game'),
(1727,	1150,	'new',	44,	'0',	1,	0,	0,	0,	0,	1304833775,	1304833780,	'delete_game_hole'),
(1728,	1163,	'munchkin',	521,	'Gunslinger',	1,	1,	0,	1,	0,	1304838101,	1304838136,	'end_game_victory'),
(1729,	1164,	'23123',	688,	'0',	1,	0,	0,	0,	0,	1304838269,	1305012160,	'old_game'),
(1730,	1161,	'4895',	226,	'0',	1,	0,	0,	0,	0,	1304838559,	1304838567,	'delete_game_hole'),
(1731,	1166,	'test',	264,	'0',	1,	0,	0,	0,	0,	1304844993,	1304846165,	'delete_game_hole'),
(1732,	1167,	'crazycat',	712,	'0',	1,	0,	0,	0,	0,	1304853929,	1304853952,	'delete_game_hole'),
(1733,	1168,	'crazycat',	712,	'0',	2,	0,	0,	0,	0,	1304853984,	1305029926,	'old_game'),
(1734,	1168,	'crazycat',	713,	'0',	2,	0,	0,	0,	0,	1304853984,	1305029926,	'old_game'),
(1735,	1169,	'Alekstar',	714,	'0',	1,	0,	0,	0,	0,	1304854659,	1304854727,	'delete_game_hole'),
(1736,	1170,	'BotaniQ24',	717,	'0',	1,	0,	0,	0,	0,	1304858362,	1304858518,	'delete_game_hole'),
(1737,	1171,	'table24',	716,	'0',	2,	0,	0,	0,	0,	1304859558,	1304867057,	'delete_game_hole'),
(1738,	1171,	'table24',	717,	'0',	2,	0,	0,	0,	0,	1304859558,	1304867057,	'delete_game_hole'),
(1739,	1172,	'test',	32,	'0',	2,	0,	0,	0,	0,	1304863836,	1304891039,	'delete_game_hole'),
(1740,	1172,	'test',	697,	'0',	2,	0,	0,	0,	0,	1304863836,	1304891039,	'delete_game_hole'),
(1741,	1173,	'razdvatri',	724,	'0',	2,	0,	0,	0,	0,	1304877735,	1305050807,	'old_game'),
(1742,	1173,	'razdvatri',	727,	'0',	2,	0,	0,	0,	0,	1304877735,	1305050807,	'old_game'),
(1743,	1165,	'745',	226,	'0',	2,	0,	0,	0,	0,	1304878179,	1304878185,	'delete_game_hole'),
(1744,	1165,	'745',	711,	'0',	2,	0,	0,	0,	0,	1304878179,	1304878185,	'delete_game_hole'),
(1745,	1174,	'stoll',	608,	'0',	1,	0,	0,	0,	0,	1304879362,	1304880998,	'delete_game_hole'),
(1746,	1175,	'08052011',	493,	'0',	4,	0,	0,	0,	0,	1304880982,	1304881465,	'delete_game_hole'),
(1747,	1175,	'08052011',	551,	'0',	4,	0,	0,	0,	0,	1304880982,	1304881465,	'delete_game_hole'),
(1748,	1175,	'08052011',	574,	'0',	4,	0,	0,	0,	0,	1304880982,	1304881465,	'delete_game_hole'),
(1749,	1175,	'08052011',	728,	'0',	4,	0,	0,	0,	0,	1304880982,	1304881465,	'delete_game_hole'),
(1750,	1177,	'stoll',	44,	'0',	4,	0,	0,	0,	0,	1304881704,	1304885108,	'delete_game_hole'),
(1751,	1177,	'stoll',	493,	'0',	4,	0,	0,	0,	0,	1304881704,	1304885108,	'delete_game_hole'),
(1752,	1177,	'stoll',	608,	'0',	4,	0,	0,	0,	0,	1304881704,	1304885108,	'delete_game_hole'),
(1753,	1177,	'stoll',	729,	'0',	4,	0,	0,	0,	0,	1304881704,	1304885108,	'delete_game_hole'),
(1754,	1178,	'forBO',	551,	'Djalina',	5,	5,	0,	1,	0,	1304882520,	1304893819,	'end_game_victory'),
(1755,	1178,	'forBO',	574,	'Djalina',	5,	5,	0,	1,	0,	1304882520,	1304893819,	'end_game_victory'),
(1756,	1178,	'forBO',	728,	'Djalina',	5,	5,	0,	1,	0,	1304882520,	1304893819,	'end_game_victory'),
(1757,	1178,	'forBO',	731,	'Djalina',	5,	5,	0,	1,	0,	1304882520,	1304893819,	'end_game_victory'),
(1758,	1178,	'forBO',	730,	'Djalina',	5,	5,	0,	1,	0,	1304882520,	1304893819,	'end_game_victory'),
(1759,	1179,	'test1',	735,	'0',	1,	0,	0,	0,	0,	1304884483,	1304884602,	'delete_game_hole'),
(1760,	1180,	'stoll',	608,	'0',	2,	0,	0,	0,	0,	1304885719,	1304886521,	'delete_game_hole'),
(1761,	1180,	'stoll',	732,	'0',	2,	0,	0,	0,	0,	1304885719,	1304886521,	'delete_game_hole'),
(1762,	1181,	'test2',	732,	'0',	1,	0,	0,	0,	0,	1304886626,	1304886755,	'delete_game_hole'),
(1763,	1182,	'123121',	470,	'0',	1,	0,	0,	0,	0,	1304888152,	1304888212,	'delete_game_hole'),
(1764,	1183,	'aassdddd',	738,	'0',	1,	0,	0,	0,	0,	1304891903,	1305067494,	'old_game'),
(1765,	1184,	'12345',	739,	'0',	1,	0,	0,	0,	0,	1304898702,	1304898825,	'delete_game_hole'),
(1766,	1186,	'table24',	717,	'0',	1,	0,	0,	0,	0,	1304909010,	1304909133,	'delete_game_hole'),
(1767,	1187,	'table',	717,	'0',	1,	0,	0,	0,	0,	1304916066,	1304916927,	'delete_game_hole'),
(1768,	1188,	'table',	717,	'0',	2,	0,	0,	0,	0,	1304917172,	1305091222,	'old_game'),
(1769,	1188,	'table',	740,	'0',	2,	0,	0,	0,	0,	1304917172,	1305091222,	'old_game'),
(1770,	1189,	'Frenky',	741,	'0',	1,	0,	0,	0,	0,	1304919278,	1304919456,	'delete_game_hole'),
(1771,	1190,	'Frenky',	741,	'0',	1,	0,	0,	0,	0,	1304919469,	1304919579,	'delete_game_hole'),
(1772,	1191,	'Frenky',	741,	'0',	1,	0,	0,	0,	0,	1304919616,	1304920161,	'delete_game_hole'),
(1773,	1192,	'qwerty',	743,	'0',	1,	0,	0,	0,	0,	1304924154,	1305097320,	'old_game'),
(1774,	1193,	'егг',	732,	'0',	1,	0,	0,	0,	0,	1304924406,	1304929215,	'delete_game_hole'),
(1775,	1194,	'error',	732,	'0',	2,	0,	0,	0,	0,	1304929255,	1304930374,	'delete_game_hole'),
(1776,	1194,	'error',	740,	'0',	2,	0,	0,	0,	0,	1304929255,	1304930374,	'delete_game_hole'),
(1777,	1195,	'333',	740,	'Cheshir',	1,	1,	0,	1,	0,	1304930336,	1304931339,	'end_game_victory'),
(1778,	1196,	'pechenka',	746,	'0',	1,	0,	0,	0,	0,	1304930515,	1304931126,	'delete_game_hole'),
(1779,	1197,	'stoll',	608,	'0',	3,	0,	0,	0,	0,	1304932241,	1304933708,	'delete_game_hole'),
(1780,	1197,	'stoll',	732,	'0',	3,	0,	0,	0,	0,	1304932241,	1304933708,	'delete_game_hole'),
(1781,	1197,	'stoll',	740,	'0',	3,	0,	0,	0,	0,	1304932241,	1304933708,	'delete_game_hole'),
(1782,	1198,	'Game',	420,	'Axil',	3,	3,	0,	1,	0,	1304933111,	1304937215,	'end_game_victory'),
(1783,	1198,	'Game',	732,	'Axil',	3,	3,	0,	1,	0,	1304933111,	1304937215,	'end_game_victory'),
(1784,	1198,	'Game',	740,	'Axil',	3,	3,	0,	1,	0,	1304933111,	1304937215,	'end_game_victory'),
(1785,	1200,	'stoll',	608,	'Rentus',	2,	2,	0,	1,	0,	1304934485,	1304934738,	'end_game_victory'),
(1786,	1200,	'stoll',	695,	'Rentus',	2,	2,	0,	1,	0,	1304934485,	1304934738,	'end_game_victory'),
(1787,	1201,	'122112',	695,	'0',	1,	0,	0,	0,	0,	1304934956,	1304935077,	'delete_game_hole'),
(1788,	1203,	'1221',	695,	'0',	1,	0,	0,	0,	0,	1304935689,	1305053814,	'delete_game_hole'),
(1789,	1204,	'error',	732,	'0',	1,	0,	0,	0,	0,	1304937641,	1304939123,	'delete_game_hole'),
(1790,	1205,	'12345',	683,	'0',	1,	0,	0,	0,	0,	1304939081,	1304939132,	'delete_game_hole'),
(1791,	1207,	'error',	675,	'0',	4,	0,	0,	0,	0,	1304939763,	1304944177,	'delete_game_hole'),
(1792,	1207,	'error',	683,	'0',	4,	0,	0,	0,	0,	1304939763,	1304944177,	'delete_game_hole'),
(1793,	1207,	'error',	732,	'0',	4,	0,	0,	0,	0,	1304939763,	1304944177,	'delete_game_hole'),
(1794,	1207,	'error',	748,	'0',	4,	0,	0,	0,	0,	1304939763,	1304944177,	'delete_game_hole'),
(1795,	1208,	'werg',	740,	'Cheshir',	1,	1,	0,	1,	0,	1304943767,	1304946964,	'end_game_victory'),
(1796,	1210,	'Hypercube',	751,	'0',	1,	0,	0,	0,	0,	1304944471,	1305117838,	'old_game'),
(1797,	1211,	'error',	732,	'0',	1,	0,	0,	0,	0,	1304945132,	1304945288,	'delete_game_hole'),
(1798,	1213,	'noname',	752,	'0',	1,	0,	0,	0,	0,	1304945551,	1304945573,	'delete_game_hole'),
(1799,	1212,	'error',	732,	'0',	1,	0,	0,	0,	0,	1304945902,	1304946042,	'delete_game_hole'),
(1800,	1214,	'error',	732,	'0',	1,	0,	0,	0,	0,	1304946655,	1304947254,	'delete_game_hole'),
(1801,	1216,	'Cool',	729,	'0',	2,	0,	0,	0,	0,	1304947233,	1305121585,	'old_game'),
(1802,	1216,	'Cool',	740,	'0',	2,	0,	0,	0,	0,	1304947233,	1305121585,	'old_game'),
(1803,	1217,	'Stol',	754,	'0',	1,	0,	0,	0,	0,	1304952311,	1305126852,	'old_game'),
(1804,	1219,	'error',	732,	'0',	1,	0,	0,	0,	0,	1304953967,	1304954002,	'delete_game_hole'),
(1805,	1220,	'error',	756,	'0',	3,	0,	0,	0,	0,	1304954467,	1304956159,	'delete_game_hole'),
(1806,	1220,	'error',	732,	'0',	3,	0,	0,	0,	0,	1304954467,	1304956159,	'delete_game_hole'),
(1807,	1220,	'error',	758,	'0',	3,	0,	0,	0,	0,	1304954467,	1304956159,	'delete_game_hole'),
(1808,	1223,	'Nitros',	455,	'0',	1,	0,	0,	0,	0,	1304956150,	1304956179,	'delete_game_hole'),
(1809,	1224,	'Nitros',	455,	'0',	2,	0,	0,	0,	0,	1304956201,	1305030808,	'delete_game_hole'),
(1810,	1224,	'Nitros',	732,	'0',	2,	0,	0,	0,	0,	1304956201,	1305030808,	'delete_game_hole'),
(1811,	1225,	'error',	732,	'0',	1,	0,	0,	0,	0,	1304958542,	1304958613,	'delete_game_hole'),
(1812,	1226,	'error',	732,	'0',	1,	0,	0,	0,	0,	1304959222,	1304959711,	'delete_game_hole'),
(1813,	1227,	'error',	732,	'0',	1,	0,	0,	0,	0,	1304960322,	1304961417,	'delete_game_hole'),
(1814,	1228,	'stolJ',	760,	'0',	1,	0,	0,	0,	0,	1304960640,	1305135749,	'old_game'),
(1815,	1230,	'Game',	524,	'yurybol',	1,	1,	0,	1,	0,	1304964665,	1304965635,	'end_game_victory'),
(1816,	1231,	'error',	732,	'0',	1,	0,	0,	0,	0,	1304967856,	1304967885,	'delete_game_hole'),
(1817,	1232,	'error',	732,	'0',	1,	0,	0,	0,	0,	1304968498,	1304968521,	'delete_game_hole'),
(1818,	1233,	'error',	732,	'0',	1,	0,	0,	0,	0,	1304969132,	1304969276,	'delete_game_hole'),
(1819,	1234,	'error',	732,	'0',	1,	0,	0,	0,	0,	1304969889,	1304970023,	'delete_game_hole'),
(1820,	1235,	'error',	732,	'0',	1,	0,	0,	0,	0,	1304970634,	1304970852,	'delete_game_hole'),
(1821,	1236,	'error',	732,	'0',	2,	0,	0,	0,	0,	1304971435,	1304974258,	'delete_game_hole'),
(1822,	1236,	'error',	765,	'0',	2,	0,	0,	0,	0,	1304971435,	1304974258,	'delete_game_hole'),
(1823,	1237,	'error',	768,	'0',	2,	0,	0,	0,	0,	1304974681,	1304975197,	'delete_game_hole'),
(1824,	1237,	'error',	732,	'0',	2,	0,	0,	0,	0,	1304974681,	1304975197,	'delete_game_hole'),
(1825,	1238,	'error',	732,	'0',	1,	0,	0,	0,	0,	1304975805,	1304976202,	'delete_game_hole'),
(1826,	1239,	'error',	732,	'0',	1,	0,	0,	0,	0,	1304976817,	1304977150,	'delete_game_hole'),
(1827,	1240,	'error',	732,	'0',	1,	0,	0,	0,	0,	1304977758,	1304978324,	'delete_game_hole'),
(1828,	1241,	'Boom',	768,	'0',	2,	0,	0,	0,	0,	1304978081,	1304978935,	'delete_game_hole'),
(1829,	1241,	'Boom',	769,	'0',	2,	0,	0,	0,	0,	1304978081,	1304978935,	'delete_game_hole'),
(1830,	1242,	'error',	732,	'0',	1,	0,	0,	0,	0,	1304978943,	1304979678,	'delete_game_hole'),
(1831,	1243,	'111',	768,	'0',	1,	0,	0,	0,	0,	1304979260,	1304979638,	'delete_game_hole'),
(1832,	1244,	'error',	768,	'Von_Teckel',	3,	3,	0,	1,	0,	1304980304,	1304989914,	'end_game_victory'),
(1833,	1244,	'error',	732,	'Von_Teckel',	3,	3,	0,	1,	0,	1304980304,	1304989914,	'end_game_victory'),
(1834,	1244,	'error',	770,	'Von_Teckel',	3,	3,	0,	1,	0,	1304980304,	1304989914,	'end_game_victory'),
(1835,	1245,	'123456',	594,	'0',	1,	0,	0,	0,	0,	1305005055,	1305178087,	'old_game'),
(1836,	1246,	'ryta',	774,	'0',	1,	0,	0,	0,	0,	1305007544,	1305183786,	'old_game'),
(1837,	1248,	'stoll',	27,	'Bazzil',	3,	3,	0,	1,	0,	1305011132,	1305011685,	'end_game_victory'),
(1838,	1248,	'stoll',	608,	'Bazzil',	3,	3,	0,	1,	0,	1305011132,	1305011685,	'end_game_victory'),
(1839,	1248,	'stoll',	753,	'Bazzil',	3,	3,	0,	1,	0,	1305011132,	1305011685,	'end_game_victory'),
(1840,	1252,	'test',	697,	'0',	1,	0,	0,	0,	0,	1305014690,	1305017326,	'delete_game_hole'),
(1841,	1253,	'lol',	777,	'0',	1,	0,	0,	0,	0,	1305016263,	1305016352,	'delete_game_hole'),
(1842,	1254,	'453',	27,	'0',	2,	0,	0,	0,	0,	1305016896,	1305017335,	'delete_game_hole'),
(1843,	1254,	'453',	777,	'0',	2,	0,	0,	0,	0,	1305016896,	1305017335,	'delete_game_hole'),
(1844,	1259,	'123',	27,	'Bazzil',	4,	4,	0,	1,	0,	1305017483,	1305021418,	'end_game_victory'),
(1845,	1259,	'123',	697,	'Bazzil',	4,	4,	0,	1,	0,	1305017483,	1305021418,	'end_game_victory'),
(1846,	1259,	'123',	399,	'Bazzil',	4,	4,	0,	1,	0,	1305017483,	1305021418,	'end_game_victory'),
(1847,	1259,	'123',	647,	'Bazzil',	4,	4,	0,	1,	0,	1305017483,	1305021418,	'end_game_victory'),
(1848,	1260,	'555',	264,	'0',	2,	0,	0,	0,	0,	1305021244,	1305195639,	'old_game'),
(1849,	1260,	'555',	783,	'0',	2,	0,	0,	0,	0,	1305021244,	1305195639,	'old_game'),
(1850,	1262,	'intruder',	264,	'Von_Teckel',	3,	3,	0,	1,	0,	1305022357,	1305029004,	'end_game_victory'),
(1851,	1262,	'intruder',	697,	'Von_Teckel',	3,	3,	0,	1,	0,	1305022357,	1305029004,	'end_game_victory'),
(1852,	1262,	'intruder',	770,	'Von_Teckel',	3,	3,	0,	1,	0,	1305022357,	1305029004,	'end_game_victory'),
(1853,	1263,	'error',	732,	'0',	1,	0,	0,	0,	0,	1305024203,	1305024307,	'delete_game_hole'),
(1854,	1264,	'error',	732,	'0',	1,	0,	0,	0,	0,	1305024913,	1305025782,	'delete_game_hole'),
(1855,	1265,	'error',	732,	'0',	1,	0,	0,	0,	0,	1305026402,	1305033604,	'delete_game_hole'),
(1856,	1266,	'Frenky',	741,	'zz_92',	1,	1,	0,	1,	0,	1305027472,	1305028526,	'end_game_victory'),
(1857,	1267,	'man',	788,	'0',	1,	0,	0,	0,	0,	1305028596,	1305203978,	'old_game'),
(1858,	1268,	'Daimon_45',	789,	'0',	2,	0,	0,	0,	0,	1305029352,	1305029926,	'delete_game_hole'),
(1859,	1268,	'Daimon_45',	787,	'0',	2,	0,	0,	0,	0,	1305029352,	1305029926,	'delete_game_hole'),
(1860,	1269,	'Nitros',	455,	'0',	1,	0,	0,	0,	0,	1305035087,	1305035206,	'delete_game_hole'),
(1861,	1270,	'Nitros',	697,	'0',	2,	0,	0,	0,	0,	1305035633,	1305036827,	'delete_game_hole'),
(1862,	1270,	'Nitros',	455,	'0',	2,	0,	0,	0,	0,	1305035633,	1305036827,	'delete_game_hole'),
(1863,	1271,	'123456789',	792,	'0',	1,	0,	0,	0,	0,	1305037859,	1305038042,	'delete_game_hole'),
(1864,	1272,	'chok',	795,	'0',	1,	0,	0,	0,	0,	1305038551,	1305216037,	'old_game'),
(1865,	1273,	'TheDrotz',	794,	'0',	1,	0,	0,	0,	0,	1305038634,	1305038778,	'delete_game_hole'),
(1866,	1274,	'Texnotron',	718,	'0',	3,	0,	0,	0,	0,	1305039363,	1305055442,	'delete_game_hole'),
(1867,	1274,	'Texnotron',	770,	'0',	3,	0,	0,	0,	0,	1305039363,	1305055442,	'delete_game_hole'),
(1868,	1274,	'Texnotron',	797,	'0',	3,	0,	0,	0,	0,	1305039363,	1305055442,	'delete_game_hole'),
(1869,	1276,	'TheDrotz',	793,	'0',	2,	0,	0,	0,	0,	1305039450,	1305040013,	'delete_game_hole'),
(1870,	1276,	'TheDrotz',	794,	'0',	2,	0,	0,	0,	0,	1305039450,	1305040013,	'delete_game_hole'),
(1871,	1279,	'gyyyyy',	746,	'0',	1,	0,	0,	0,	0,	1305043995,	1305044288,	'delete_game_hole'),
(1872,	1280,	'First',	800,	'0',	1,	0,	0,	0,	0,	1305047494,	1305047776,	'delete_game_hole'),
(1873,	1281,	'error',	732,	'0',	2,	0,	0,	0,	0,	1305048825,	1305050807,	'delete_game_hole'),
(1874,	1281,	'error',	802,	'0',	2,	0,	0,	0,	0,	1305048825,	1305050807,	'delete_game_hole'),
(1875,	1283,	'PridiKoMne',	697,	'0',	3,	0,	0,	0,	0,	1305050857,	1305052212,	'delete_game_hole'),
(1876,	1283,	'PridiKoMne',	371,	'0',	3,	0,	0,	0,	0,	1305050857,	1305052212,	'delete_game_hole'),
(1877,	1283,	'PridiKoMne',	732,	'0',	3,	0,	0,	0,	0,	1305050857,	1305052212,	'delete_game_hole'),
(1878,	1284,	'111',	803,	'0',	1,	0,	0,	0,	0,	1305052110,	1305052116,	'delete_game_hole'),
(1880,	1286,	'error',	732,	'0',	2,	0,	0,	0,	0,	1305052529,	1305052970,	'delete_game_hole'),
(1879,	1285,	'error',	732,	'0',	1,	0,	0,	0,	0,	1305052431,	1305052446,	'delete_game_hole'),
(1881,	1286,	'error',	803,	'0',	2,	0,	0,	0,	0,	1305052529,	1305052970,	'delete_game_hole'),
(1882,	1287,	'error',	732,	'0',	1,	0,	0,	0,	0,	1305052984,	1305053105,	'delete_game_hole'),
(1883,	1290,	'55555',	782,	'0',	1,	0,	0,	0,	0,	1305053904,	1305226790,	'old_game'),
(1884,	1291,	'sosunki',	695,	'0',	3,	0,	0,	0,	0,	1305054397,	1305054444,	'delete_game_hole'),
(1885,	1291,	'sosunki',	728,	'0',	3,	0,	0,	0,	0,	1305054397,	1305054444,	'delete_game_hole'),
(1886,	1291,	'sosunki',	804,	'0',	3,	0,	0,	0,	0,	1305054397,	1305054444,	'delete_game_hole'),
(1887,	1292,	'sosunki',	695,	'0',	3,	0,	0,	0,	0,	1305054474,	1305054536,	'delete_game_hole'),
(1888,	1292,	'sosunki',	804,	'0',	3,	0,	0,	0,	0,	1305054474,	1305054536,	'delete_game_hole'),
(1889,	1292,	'sosunki',	805,	'0',	3,	0,	0,	0,	0,	1305054474,	1305054536,	'delete_game_hole'),
(1890,	1293,	'sosunki',	728,	'0',	3,	0,	0,	0,	0,	1305054561,	1305227479,	'old_game'),
(1891,	1293,	'sosunki',	804,	'0',	3,	0,	0,	0,	0,	1305054561,	1305227479,	'old_game'),
(1892,	1293,	'sosunki',	805,	'0',	3,	0,	0,	0,	0,	1305054561,	1305227479,	'old_game'),
(1893,	1294,	'564',	695,	'0',	2,	0,	0,	0,	0,	1305054732,	1305136255,	'delete_game_hole'),
(1894,	1294,	'564',	786,	'0',	2,	0,	0,	0,	0,	1305054732,	1305136255,	'delete_game_hole'),
(1895,	1296,	'Sir',	770,	'0',	2,	0,	0,	0,	0,	1305055691,	1305057125,	'delete_game_hole'),
(1896,	1296,	'Sir',	797,	'0',	2,	0,	0,	0,	0,	1305055691,	1305057125,	'delete_game_hole'),
(1897,	1295,	'welcome',	633,	'0',	2,	0,	0,	0,	0,	1305055743,	1305055782,	'delete_game_hole'),
(1898,	1295,	'welcome',	807,	'0',	2,	0,	0,	0,	0,	1305055743,	1305055782,	'delete_game_hole'),
(1899,	1297,	'welcome',	633,	'0',	2,	0,	0,	0,	0,	1305056403,	1305056419,	'delete_game_hole'),
(1900,	1297,	'welcome',	807,	'0',	2,	0,	0,	0,	0,	1305056403,	1305056419,	'delete_game_hole'),
(1901,	1298,	'welcome',	633,	'0',	3,	0,	0,	0,	0,	1305056833,	1305067494,	'delete_game_hole'),
(1902,	1298,	'welcome',	808,	'0',	3,	0,	0,	0,	0,	1305056833,	1305067494,	'delete_game_hole'),
(1903,	1298,	'welcome',	807,	'0',	3,	0,	0,	0,	0,	1305056833,	1305067494,	'delete_game_hole'),
(1904,	1299,	'duda',	770,	'0',	4,	0,	0,	0,	0,	1305057437,	1305112748,	'delete_game_hole'),
(1905,	1299,	'duda',	797,	'0',	4,	0,	0,	0,	0,	1305057437,	1305112748,	'delete_game_hole'),
(1906,	1299,	'duda',	809,	'0',	4,	0,	0,	0,	0,	1305057438,	1305112748,	'delete_game_hole'),
(1907,	1299,	'duda',	810,	'0',	4,	0,	0,	0,	0,	1305057438,	1305112748,	'delete_game_hole'),
(1909,	1301,	'error',	80,	'kot',	2,	2,	0,	1,	0,	1305060749,	1305066847,	'end_game_victory'),
(1908,	1300,	'123',	80,	'0',	1,	0,	0,	0,	0,	1305059969,	1305060694,	'delete_game_hole'),
(1910,	1301,	'error',	732,	'kot',	2,	2,	0,	1,	0,	1305060749,	1305066847,	'end_game_victory'),
(1911,	1302,	'ssss',	1,	'0',	1,	0,	0,	0,	0,	1305073292,	1305073329,	'delete_game_hole'),
(1912,	1303,	'test',	18,	'0',	1,	0,	0,	0,	0,	1305073315,	1305073343,	'delete_game_hole'),
(1913,	1304,	'tr3',	500,	'0',	1,	0,	0,	0,	0,	1305081354,	1305081534,	'delete_game_hole'),
(1914,	1305,	'tr3',	500,	'0',	2,	0,	0,	0,	0,	1305081650,	1305264330,	'old_game'),
(1915,	1305,	'tr3',	812,	'0',	2,	0,	0,	0,	0,	1305081650,	1305264330,	'old_game'),
(1916,	1306,	'fff',	1,	'0',	1,	0,	0,	0,	0,	1305087325,	1305087388,	'delete_game_hole'),
(1917,	1307,	'ihu',	815,	'0',	1,	0,	0,	0,	0,	1305090753,	1305091222,	'delete_game_hole'),
(1919,	1309,	'Frenky',	741,	'zz_92',	1,	1,	0,	1,	0,	1305091614,	1305092381,	'end_game_victory'),
(1918,	1308,	'11052011',	815,	'0',	1,	0,	0,	0,	0,	1305091570,	1305093494,	'delete_game_hole'),
(1920,	1310,	'666',	815,	'0',	1,	0,	0,	0,	0,	1305094028,	1305094066,	'delete_game_hole'),
(1921,	1311,	'606',	815,	'0',	1,	0,	0,	0,	0,	1305094122,	1305094288,	'delete_game_hole'),
(1922,	1312,	'123',	815,	'AnyKey',	1,	1,	0,	1,	0,	1305094332,	1305094588,	'end_game_victory'),
(1923,	1313,	'dddd',	1,	'0',	2,	0,	0,	0,	0,	1305096230,	1305096854,	'delete_game_hole'),
(1924,	1313,	'dddd',	18,	'0',	2,	0,	0,	0,	0,	1305096230,	1305096854,	'delete_game_hole'),
(1925,	1314,	'123',	815,	'0',	1,	0,	0,	0,	0,	1305097234,	1305097390,	'delete_game_hole'),
(1926,	1315,	'jjj',	1,	'0',	1,	0,	0,	0,	0,	1305097284,	1305097320,	'delete_game_hole'),
(1927,	1316,	'urpa',	53,	'0',	1,	0,	0,	0,	0,	1305100913,	1305103530,	'delete_game_hole'),
(1928,	1318,	'siska',	815,	'0',	1,	0,	0,	0,	0,	1305101727,	1305101968,	'delete_game_hole'),
(1929,	1319,	'100',	815,	'0',	1,	0,	0,	0,	0,	1305101987,	1305102049,	'delete_game_hole'),
(1930,	1320,	'123',	815,	'0',	1,	0,	0,	0,	0,	1305102074,	1305112385,	'delete_game_hole'),
(1931,	1323,	'Root',	789,	'0',	1,	0,	0,	0,	0,	1305110709,	1305115866,	'delete_game_hole'),
(1932,	1324,	'paciki',	820,	'0',	2,	0,	0,	0,	0,	1305113270,	1305286912,	'old_game'),
(1933,	1324,	'paciki',	819,	'0',	2,	0,	0,	0,	0,	1305113270,	1305286912,	'old_game'),
(1934,	1325,	'trewert',	821,	'0',	1,	0,	0,	0,	0,	1305115047,	1305287927,	'old_game'),
(1935,	1326,	'Orc_komitet',	770,	'hetin',	3,	3,	0,	1,	0,	1305116269,	1305124186,	'end_game_victory'),
(1936,	1326,	'Orc_komitet',	797,	'hetin',	3,	3,	0,	1,	0,	1305116269,	1305124186,	'end_game_victory'),
(1937,	1326,	'Orc_komitet',	808,	'hetin',	3,	3,	0,	1,	0,	1305116269,	1305124186,	'end_game_victory'),
(1938,	1327,	'Frenky',	741,	'0',	1,	0,	0,	0,	0,	1305116586,	1305117838,	'delete_game_hole'),
(1939,	1328,	'Frenky',	741,	'0',	2,	0,	0,	0,	0,	1305117870,	1305117938,	'delete_game_hole'),
(1940,	1328,	'Frenky',	803,	'0',	2,	0,	0,	0,	0,	1305117870,	1305117938,	'delete_game_hole'),
(1941,	1329,	'Frenky',	741,	'0',	1,	0,	0,	0,	0,	1305117966,	1305118487,	'delete_game_hole'),
(1942,	1331,	'test',	824,	'0',	1,	0,	0,	0,	0,	1305121599,	1305121613,	'delete_game_hole'),
(1943,	1333,	'error',	732,	'0',	2,	0,	0,	0,	0,	1305125372,	1305126852,	'delete_game_hole'),
(1944,	1333,	'error',	803,	'0',	2,	0,	0,	0,	0,	1305125372,	1305126852,	'delete_game_hole'),
(1945,	1335,	'stol',	826,	'0',	1,	0,	0,	0,	0,	1305127020,	1305127156,	'delete_game_hole'),
(1946,	1334,	'error',	732,	'0',	1,	0,	0,	0,	0,	1305127471,	1305127804,	'delete_game_hole'),
(1947,	1337,	'error',	608,	'0',	3,	0,	0,	0,	0,	1305128229,	1305226790,	'delete_game_hole'),
(1948,	1337,	'error',	732,	'0',	3,	0,	0,	0,	0,	1305128229,	1305226790,	'delete_game_hole'),
(1949,	1337,	'error',	826,	'0',	3,	0,	0,	0,	0,	1305128229,	1305226790,	'delete_game_hole'),
(1950,	1339,	'lilu',	455,	'Nitros',	2,	2,	0,	1,	0,	1305132073,	1305132318,	'end_game_victory'),
(1951,	1339,	'lilu',	828,	'Nitros',	2,	2,	0,	1,	0,	1305132073,	1305132318,	'end_game_victory'),
(1952,	1341,	'111',	369,	'0',	3,	0,	0,	0,	0,	1305135800,	1305137030,	'delete_game_hole'),
(1953,	1341,	'111',	399,	'0',	3,	0,	0,	0,	0,	1305135800,	1305137030,	'delete_game_hole'),
(1954,	1341,	'111',	469,	'0',	3,	0,	0,	0,	0,	1305135800,	1305137030,	'delete_game_hole'),
(1955,	1342,	'12345',	455,	'0',	3,	0,	0,	0,	0,	1305136209,	1305138826,	'delete_game_hole'),
(1956,	1342,	'12345',	599,	'0',	3,	0,	0,	0,	0,	1305136209,	1305138826,	'delete_game_hole'),
(1957,	1342,	'12345',	808,	'0',	3,	0,	0,	0,	0,	1305136209,	1305138826,	'delete_game_hole'),
(1958,	1343,	'122',	695,	'0',	1,	0,	0,	0,	0,	1305136878,	1305140570,	'delete_game_hole'),
(1959,	1344,	'12345',	697,	'0',	3,	0,	0,	0,	0,	1305139809,	1305142948,	'delete_game_hole'),
(1960,	1344,	'12345',	369,	'0',	3,	0,	0,	0,	0,	1305139809,	1305142948,	'delete_game_hole'),
(1961,	1344,	'12345',	599,	'0',	3,	0,	0,	0,	0,	1305139809,	1305142948,	'delete_game_hole'),
(1962,	1345,	'Wilkolek',	831,	'0',	1,	0,	0,	0,	0,	1305140642,	1305316203,	'old_game'),
(1963,	1346,	'111',	697,	'maddoc2',	3,	3,	0,	1,	0,	1305143017,	1305148149,	'end_game_victory'),
(1964,	1346,	'111',	369,	'maddoc2',	3,	3,	0,	1,	0,	1305143017,	1305148149,	'end_game_victory'),
(1965,	1346,	'111',	399,	'maddoc2',	3,	3,	0,	1,	0,	1305143017,	1305148149,	'end_game_victory'),
(1966,	1347,	'000',	832,	'0',	1,	0,	0,	0,	0,	1305143869,	1305145384,	'delete_game_hole'),
(1967,	1348,	'Ori_Komitet',	770,	'0',	1,	0,	0,	0,	0,	1305145547,	1305145640,	'delete_game_hole'),
(1968,	1349,	'fdgdsb',	833,	'0',	1,	0,	0,	0,	0,	1305146471,	1305146762,	'delete_game_hole'),
(1969,	1350,	'table',	697,	'0',	2,	0,	0,	0,	0,	1305148256,	1305199329,	'delete_game_hole'),
(1970,	1350,	'table',	834,	'0',	2,	0,	0,	0,	0,	1305148256,	1305199329,	'delete_game_hole'),
(1971,	1351,	'stolik',	826,	'0',	1,	0,	0,	0,	0,	1305169764,	1305170919,	'delete_game_hole'),
(1972,	1352,	'12321',	815,	'0',	1,	0,	0,	0,	0,	1305174926,	1305176897,	'delete_game_hole'),
(1973,	1353,	'stol',	836,	'0',	1,	0,	0,	0,	0,	1305178043,	1305178087,	'delete_game_hole'),
(1974,	1355,	'tetsADMIN',	1,	'0',	3,	0,	0,	0,	0,	1305179787,	1305179930,	'delete_game_hole'),
(1975,	1355,	'tetsADMIN',	4,	'0',	3,	0,	0,	0,	0,	1305179787,	1305179930,	'delete_game_hole'),
(1976,	1355,	'tetsADMIN',	11,	'0',	3,	0,	0,	0,	0,	1305179787,	1305179930,	'delete_game_hole'),
(1977,	1354,	'stol',	836,	'0',	1,	0,	0,	0,	0,	1305183763,	1305183786,	'delete_game_hole'),
(1978,	1356,	'333',	838,	'0',	1,	0,	0,	0,	0,	1305191332,	1305191426,	'delete_game_hole'),
(1979,	1358,	'1234',	815,	'0',	1,	0,	0,	0,	0,	1305191737,	1305191774,	'delete_game_hole'),
(1980,	1359,	'12321',	815,	'0',	1,	0,	0,	0,	0,	1305192456,	1305192688,	'delete_game_hole'),
(1981,	1360,	'ololo',	837,	'0',	1,	0,	0,	0,	0,	1305193164,	1305193283,	'delete_game_hole'),
(1982,	1361,	'ololo',	837,	'0',	1,	0,	0,	0,	0,	1305193658,	1305193845,	'delete_game_hole'),
(1983,	1363,	'ololo',	837,	'0',	1,	0,	0,	0,	0,	1305193924,	1305194025,	'delete_game_hole'),
(1984,	1364,	'ССС',	803,	'0',	3,	0,	0,	0,	0,	1305194154,	1305195639,	'delete_game_hole'),
(1985,	1364,	'ССС',	815,	'0',	3,	0,	0,	0,	0,	1305194154,	1305195639,	'delete_game_hole'),
(1986,	1364,	'ССС',	837,	'0',	3,	0,	0,	0,	0,	1305194154,	1305195639,	'delete_game_hole'),
(1987,	1365,	'Frenky',	741,	'zz_92',	1,	1,	0,	1,	0,	1305194286,	1305198456,	'end_game_victory'),
(1988,	1366,	'polog',	492,	'0',	1,	0,	0,	0,	0,	1305195525,	1305198151,	'delete_game_hole'),
(1989,	1368,	'ololo',	741,	'0',	2,	0,	0,	0,	0,	1305198862,	1305199657,	'delete_game_hole'),
(1990,	1368,	'ololo',	837,	'0',	2,	0,	0,	0,	0,	1305198862,	1305199657,	'delete_game_hole'),
(1991,	1369,	'Frenky',	741,	'0',	1,	0,	0,	0,	0,	1305200020,	1305200174,	'delete_game_hole'),
(1992,	1370,	'Frenky',	741,	'zz_92',	2,	2,	0,	1,	0,	1305200400,	1305264677,	'end_game_victory'),
(1993,	1370,	'Frenky',	822,	'zz_92',	2,	2,	0,	1,	0,	1305200400,	1305264677,	'end_game_victory'),
(1994,	1371,	'Dver_mne_zapili',	707,	'0',	2,	2,	0,	1,	0,	1305202810,	1305207103,	'end_game_victory'),
(1995,	1371,	'Dver_mne_zapili',	837,	'0',	2,	2,	0,	1,	0,	1305202810,	1305207103,	'end_game_victory'),
(1996,	1372,	'inferno',	753,	'Lamperuje',	2,	2,	0,	1,	0,	1305203279,	1305207335,	'end_game_victory'),
(1997,	1372,	'inferno',	844,	'Lamperuje',	2,	2,	0,	1,	0,	1305203279,	1305207335,	'end_game_victory'),
(1998,	1374,	'boo',	639,	'0',	2,	0,	0,	0,	0,	1305204048,	1305209518,	'delete_game_hole'),
(1999,	1374,	'boo',	846,	'0',	2,	0,	0,	0,	0,	1305204048,	1305209518,	'delete_game_hole'),
(2000,	1375,	'Ork_Komitet',	770,	'Von_Teckel',	1,	1,	0,	1,	0,	1305205475,	1305209330,	'end_game_victory'),
(2001,	1376,	'dver_zapili',	707,	'Rakot',	3,	3,	0,	1,	0,	1305207167,	1305211804,	'end_game_victory'),
(2002,	1376,	'dver_zapili',	837,	'Rakot',	3,	3,	0,	1,	0,	1305207167,	1305211804,	'end_game_victory'),
(2003,	1376,	'dver_zapili',	845,	'Rakot',	3,	3,	0,	1,	0,	1305207167,	1305211804,	'end_game_victory'),
(2004,	1377,	'inferno',	753,	'0',	2,	0,	0,	0,	0,	1305207590,	1305381241,	'old_game'),
(2005,	1377,	'inferno',	844,	'0',	2,	0,	0,	0,	0,	1305207590,	1305381241,	'old_game'),
(2006,	1378,	'kyka',	850,	'0',	1,	0,	0,	0,	0,	1305211201,	1305211223,	'delete_game_hole'),
(2007,	1379,	'last_8D',	369,	'0',	3,	0,	0,	0,	0,	1305211889,	1305226634,	'delete_game_hole'),
(2008,	1379,	'last_8D',	837,	'0',	3,	0,	0,	0,	0,	1305211889,	1305226634,	'delete_game_hole'),
(2009,	1379,	'last_8D',	846,	'0',	3,	0,	0,	0,	0,	1305211889,	1305226634,	'delete_game_hole'),
(2010,	1380,	'ddfg',	524,	'yurybol',	1,	1,	0,	1,	0,	1305214647,	1305215179,	'end_game_victory'),
(2011,	1381,	'pupok',	851,	'0',	1,	0,	0,	0,	0,	1305215978,	1305216037,	'delete_game_hole'),
(2012,	1383,	'Orc_Komitet',	770,	'0',	1,	0,	0,	0,	0,	1305218547,	1305218706,	'delete_game_hole'),
(2013,	1384,	'Ork_Komitet',	770,	'0',	1,	0,	0,	0,	0,	1305219054,	1305219472,	'delete_game_hole'),
(2014,	1385,	'12345',	599,	'Von_Teckel',	3,	3,	0,	1,	0,	1305220993,	1305224663,	'end_game_victory'),
(2015,	1385,	'12345',	770,	'Von_Teckel',	3,	3,	0,	1,	0,	1305220993,	1305224663,	'end_game_victory'),
(2016,	1385,	'12345',	797,	'Von_Teckel',	3,	3,	0,	1,	0,	1305220993,	1305224663,	'end_game_victory'),
(2017,	1386,	'666',	815,	'0',	1,	0,	0,	0,	0,	1305222583,	1305223109,	'delete_game_hole'),
(2018,	1387,	'qqqqqq',	852,	'0',	1,	0,	0,	0,	0,	1305224805,	1305224831,	'delete_game_hole'),
(2019,	1388,	'12345',	469,	'GrafDemetry',	3,	3,	0,	1,	0,	1305225344,	1305233189,	'end_game_victory'),
(2020,	1388,	'12345',	599,	'GrafDemetry',	3,	3,	0,	1,	0,	1305225344,	1305233189,	'end_game_victory'),
(2021,	1388,	'12345',	852,	'GrafDemetry',	3,	3,	0,	1,	0,	1305225344,	1305233189,	'end_game_victory'),
(2022,	1389,	'Yes',	853,	'0',	1,	0,	0,	0,	0,	1305225626,	1305225754,	'delete_game_hole'),
(2023,	1391,	'no_limit',	837,	'0',	1,	0,	0,	0,	0,	1305227432,	1305227479,	'delete_game_hole'),
(2024,	1392,	'dver_zapili',	837,	'0',	2,	0,	0,	0,	0,	1305227571,	1305231728,	'delete_game_hole'),
(2025,	1392,	'dver_zapili',	846,	'0',	2,	0,	0,	0,	0,	1305227571,	1305231728,	'delete_game_hole'),
(2026,	1393,	'test1',	854,	'0',	1,	0,	0,	0,	0,	1305228766,	1305229213,	'delete_game_hole'),
(2027,	1394,	'error',	732,	'0',	2,	0,	0,	0,	0,	1305231940,	1305233385,	'delete_game_hole'),
(2028,	1394,	'error',	846,	'0',	2,	0,	0,	0,	0,	1305231940,	1305233385,	'delete_game_hole'),
(2029,	1396,	'no_limit',	697,	'0',	2,	0,	0,	0,	0,	1305232288,	1305232426,	'delete_game_hole'),
(2030,	1396,	'no_limit',	837,	'0',	2,	0,	0,	0,	0,	1305232288,	1305232426,	'delete_game_hole'),
(2031,	1398,	'the_drot',	697,	'0',	5,	0,	0,	0,	0,	1305232560,	1305233129,	'delete_game_hole'),
(2032,	1398,	'the_drot',	369,	'0',	5,	0,	0,	0,	0,	1305232560,	1305233129,	'delete_game_hole'),
(2033,	1398,	'the_drot',	837,	'0',	5,	0,	0,	0,	0,	1305232560,	1305233129,	'delete_game_hole'),
(2034,	1398,	'the_drot',	846,	'0',	5,	0,	0,	0,	0,	1305232560,	1305233129,	'delete_game_hole'),
(2035,	1398,	'the_drot',	858,	'0',	5,	0,	0,	0,	0,	1305232560,	1305233129,	'delete_game_hole'),
(2036,	1397,	'Ork_Komitet',	770,	'0',	1,	0,	0,	0,	0,	1305232722,	1305283829,	'delete_game_hole'),
(2037,	1399,	'olololo',	697,	'maddoc2',	5,	5,	0,	1,	0,	1305233181,	1305252674,	'end_game_victory'),
(2038,	1399,	'olololo',	369,	'maddoc2',	5,	5,	0,	1,	0,	1305233181,	1305252674,	'end_game_victory'),
(2039,	1399,	'olololo',	837,	'maddoc2',	5,	5,	0,	1,	0,	1305233181,	1305252674,	'end_game_victory'),
(2040,	1399,	'olololo',	846,	'maddoc2',	5,	5,	0,	1,	0,	1305233181,	1305252674,	'end_game_victory'),
(2041,	1399,	'olololo',	852,	'maddoc2',	5,	5,	0,	1,	0,	1305233181,	1305252674,	'end_game_victory'),
(2042,	1401,	'test',	864,	'0',	1,	0,	0,	0,	0,	1305264099,	1305264330,	'delete_game_hole'),
(2043,	1402,	'malkoln',	822,	'0',	1,	0,	0,	0,	0,	1305264882,	1305264985,	'delete_game_hole'),
(2044,	1403,	'ADMINtest',	1,	'0',	2,	0,	0,	0,	0,	1305268265,	1305268459,	'delete_game_hole'),
(2045,	1403,	'ADMINtest',	11,	'0',	2,	0,	0,	0,	0,	1305268265,	1305268459,	'delete_game_hole'),
(2046,	1405,	'intruder',	264,	'verenta',	3,	3,	0,	1,	0,	1305271493,	1305276523,	'end_game_victory'),
(2047,	1405,	'intruder',	846,	'verenta',	3,	3,	0,	1,	0,	1305271493,	1305276523,	'end_game_victory'),
(2048,	1405,	'intruder',	866,	'verenta',	3,	3,	0,	1,	0,	1305271493,	1305276523,	'end_game_victory'),
(2049,	1406,	'123',	27,	'Bazzil',	1,	1,	0,	1,	0,	1305272148,	1305272208,	'end_game_victory'),
(2050,	1408,	'Stol',	868,	'0',	1,	0,	0,	0,	0,	1305273747,	1305447407,	'old_game'),
(2051,	1409,	'ololo',	732,	'0',	3,	0,	0,	0,	0,	1305276346,	1305282682,	'delete_game_hole'),
(2052,	1409,	'ololo',	815,	'0',	3,	0,	0,	0,	0,	1305276346,	1305282682,	'delete_game_hole'),
(2053,	1409,	'ololo',	837,	'0',	3,	0,	0,	0,	0,	1305276346,	1305282682,	'delete_game_hole'),
(2054,	1410,	'123',	469,	'Reso',	3,	3,	0,	1,	0,	1305276900,	1305280296,	'end_game_victory'),
(2055,	1410,	'123',	858,	'Reso',	3,	3,	0,	1,	0,	1305276900,	1305280296,	'end_game_victory'),
(2056,	1410,	'123',	859,	'Reso',	3,	3,	0,	1,	0,	1305276900,	1305280296,	'end_game_victory'),
(2057,	1411,	'intruder',	264,	'0',	1,	0,	0,	0,	0,	1305277644,	1305279367,	'delete_game_hole'),
(2058,	1412,	'qwerty',	866,	'0',	1,	0,	0,	0,	0,	1305279793,	1305279839,	'delete_game_hole'),
(2059,	1413,	'jojo',	492,	'Joik',	2,	2,	0,	1,	0,	1305280339,	1305282213,	'end_game_victory'),
(2060,	1413,	'jojo',	866,	'Joik',	2,	2,	0,	1,	0,	1305280339,	1305282213,	'end_game_victory'),
(2061,	1414,	'jojo2',	492,	'Hyyudu',	2,	2,	0,	1,	0,	1305282544,	1305284908,	'end_game_victory'),
(2062,	1414,	'jojo2',	866,	'Hyyudu',	2,	2,	0,	1,	0,	1305282544,	1305284908,	'end_game_victory'),
(2063,	1415,	'Frenky',	741,	'0',	1,	0,	0,	0,	0,	1305283177,	1305283300,	'delete_game_hole'),
(2064,	1416,	'111',	369,	'trotskey',	3,	3,	0,	1,	0,	1305283644,	1305291131,	'end_game_victory'),
(2065,	1416,	'111',	741,	'trotskey',	3,	3,	0,	1,	0,	1305283644,	1305291131,	'end_game_victory'),
(2066,	1416,	'111',	837,	'trotskey',	3,	3,	0,	1,	0,	1305283644,	1305291131,	'end_game_victory'),
(2067,	1418,	'12345',	859,	'Hyyudu',	2,	2,	0,	1,	0,	1305285181,	1305287539,	'end_game_victory'),
(2068,	1418,	'12345',	866,	'Hyyudu',	2,	2,	0,	1,	0,	1305285181,	1305287539,	'end_game_victory'),
(2069,	1420,	'ncuX',	874,	'Mamsik',	3,	3,	0,	1,	0,	1305286962,	1305287290,	'end_game_victory'),
(2070,	1420,	'ncuX',	876,	'Mamsik',	3,	3,	0,	1,	0,	1305286962,	1305287290,	'end_game_victory'),
(2071,	1420,	'ncuX',	879,	'Mamsik',	3,	3,	0,	1,	0,	1305286962,	1305287290,	'end_game_victory'),
(2072,	1421,	'intruder',	264,	'0',	1,	0,	0,	0,	0,	1305287382,	1305287731,	'delete_game_hole'),
(2073,	1422,	'23534',	264,	'0',	2,	0,	0,	0,	0,	1305287876,	1305287927,	'delete_game_hole'),
(2074,	1422,	'23534',	859,	'0',	2,	0,	0,	0,	0,	1305287876,	1305287927,	'delete_game_hole'),
(2075,	1424,	'intruder',	264,	'intruder',	3,	3,	0,	1,	0,	1305288638,	1305299036,	'end_game_victory'),
(2076,	1424,	'intruder',	858,	'intruder',	3,	3,	0,	1,	0,	1305288638,	1305299036,	'end_game_victory'),
(2077,	1424,	'intruder',	878,	'intruder',	3,	3,	0,	1,	0,	1305288638,	1305299036,	'end_game_victory'),
(2078,	1427,	'222',	873,	'0',	1,	0,	0,	0,	0,	1305290647,	1305290751,	'delete_game_hole'),
(2079,	1428,	'12321',	815,	'0',	1,	0,	0,	0,	0,	1305290866,	1305290914,	'delete_game_hole'),
(2080,	1430,	'lopata',	815,	'0',	2,	0,	0,	0,	0,	1305291505,	1305292546,	'delete_game_hole'),
(2081,	1430,	'lopata',	837,	'0',	2,	0,	0,	0,	0,	1305291505,	1305292546,	'delete_game_hole'),
(2082,	1431,	'ForTest',	880,	'0',	3,	0,	0,	0,	0,	1305292620,	1305292632,	'delete_game_hole'),
(2083,	1431,	'ForTest',	882,	'0',	3,	0,	0,	0,	0,	1305292620,	1305292632,	'delete_game_hole'),
(2084,	1431,	'ForTest',	883,	'0',	3,	0,	0,	0,	0,	1305292620,	1305292632,	'delete_game_hole'),
(2085,	1432,	'lopata',	837,	'trotskey',	3,	3,	0,	1,	0,	1305292660,	1305297985,	'end_game_victory'),
(2086,	1432,	'lopata',	880,	'trotskey',	3,	3,	0,	1,	0,	1305292660,	1305297985,	'end_game_victory'),
(2087,	1432,	'lopata',	883,	'trotskey',	3,	3,	0,	1,	0,	1305292660,	1305297985,	'end_game_victory'),
(2088,	1433,	'123',	882,	'0',	2,	0,	0,	0,	0,	1305292952,	1305467816,	'old_game'),
(2089,	1433,	'123',	885,	'0',	2,	0,	0,	0,	0,	1305292952,	1305467816,	'old_game'),
(2090,	1434,	'ORK_KOMITET',	770,	'0',	5,	0,	0,	0,	0,	1305294642,	1305302858,	'delete_game_hole'),
(2091,	1434,	'ORK_KOMITET',	797,	'0',	5,	0,	0,	0,	0,	1305294642,	1305302858,	'delete_game_hole'),
(2092,	1434,	'ORK_KOMITET',	815,	'0',	5,	0,	0,	0,	0,	1305294642,	1305302858,	'delete_game_hole'),
(2093,	1434,	'ORK_KOMITET',	859,	'0',	5,	0,	0,	0,	0,	1305294642,	1305302858,	'delete_game_hole'),
(2094,	1434,	'ORK_KOMITET',	886,	'0',	5,	0,	0,	0,	0,	1305294642,	1305302858,	'delete_game_hole'),
(2095,	1435,	'siski',	815,	'0',	1,	0,	0,	0,	0,	1305298044,	1305298079,	'delete_game_hole'),
(2096,	1436,	'pishu_diplom',	837,	'0',	2,	0,	0,	0,	0,	1305298403,	1305299105,	'delete_game_hole'),
(2097,	1436,	'pishu_diplom',	883,	'0',	2,	0,	0,	0,	0,	1305298403,	1305299105,	'delete_game_hole'),
(2098,	1437,	'dver_mne_zapili',	837,	'Hit47man',	3,	3,	0,	1,	0,	1305299156,	1305309037,	'end_game_victory'),
(2099,	1437,	'dver_mne_zapili',	878,	'Hit47man',	3,	3,	0,	1,	0,	1305299156,	1305309037,	'end_game_victory'),
(2100,	1437,	'dver_mne_zapili',	883,	'Hit47man',	3,	3,	0,	1,	0,	1305299156,	1305309037,	'end_game_victory'),
(2101,	1439,	'Heyod',	38,	'0',	2,	0,	0,	0,	0,	1305301675,	1305370093,	'delete_game_hole'),
(2102,	1439,	'Heyod',	132,	'0',	2,	0,	0,	0,	0,	1305301675,	1305370093,	'delete_game_hole'),
(2103,	1440,	'111',	858,	'funny',	1,	1,	0,	1,	0,	1305303541,	1305303632,	'end_game_victory'),
(2104,	1441,	'boo',	846,	'0',	1,	0,	0,	0,	0,	1305304569,	1305311892,	'delete_game_hole'),
(2105,	1443,	'tris',	803,	'0',	2,	0,	0,	0,	0,	1305309870,	1305310158,	'delete_game_hole'),
(2106,	1443,	'tris',	815,	'0',	2,	0,	0,	0,	0,	1305309870,	1305310158,	'delete_game_hole'),
(2107,	1444,	'error',	732,	'0',	2,	0,	0,	0,	0,	1305311989,	1305316398,	'delete_game_hole'),
(2108,	1444,	'error',	846,	'0',	2,	0,	0,	0,	0,	1305311989,	1305316398,	'delete_game_hole'),
(2109,	1445,	'ORK_KOMITET',	770,	'0',	2,	0,	0,	0,	0,	1305315705,	1305322322,	'delete_game_hole'),
(2110,	1445,	'ORK_KOMITET',	890,	'0',	2,	0,	0,	0,	0,	1305315705,	1305322322,	'delete_game_hole'),
(2111,	1446,	'try',	895,	'0',	1,	0,	0,	0,	0,	1305316124,	1305316203,	'delete_game_hole'),
(2112,	1449,	'boo',	697,	'0',	2,	0,	0,	0,	0,	1305317255,	1305329546,	'delete_game_hole'),
(2113,	1449,	'boo',	846,	'0',	2,	0,	0,	0,	0,	1305317255,	1305329546,	'delete_game_hole'),
(2114,	1450,	'131',	768,	'0',	3,	0,	0,	0,	0,	1305317341,	1305317838,	'delete_game_hole'),
(2115,	1450,	'131',	755,	'0',	3,	0,	0,	0,	0,	1305317341,	1305317838,	'delete_game_hole'),
(2116,	1450,	'131',	896,	'0',	3,	0,	0,	0,	0,	1305317341,	1305317838,	'delete_game_hole'),
(2117,	1451,	'131',	768,	'0',	3,	0,	0,	0,	0,	1305317858,	1305318074,	'delete_game_hole'),
(2118,	1451,	'131',	755,	'0',	3,	0,	0,	0,	0,	1305317858,	1305318074,	'delete_game_hole'),
(2119,	1451,	'131',	896,	'0',	3,	0,	0,	0,	0,	1305317858,	1305318074,	'delete_game_hole'),
(2120,	1452,	'131',	768,	'0',	3,	0,	0,	0,	0,	1305318090,	1305494255,	'old_game'),
(2121,	1452,	'131',	755,	'0',	3,	0,	0,	0,	0,	1305318090,	1305494255,	'old_game'),
(2122,	1452,	'131',	896,	'0',	3,	0,	0,	0,	0,	1305318090,	1305494255,	'old_game'),
(2123,	1453,	'testADMIN',	1,	'0',	1,	0,	0,	0,	0,	1305332820,	1305333074,	'delete_game_hole'),
(2124,	1456,	'gogo',	878,	'0',	1,	0,	0,	0,	0,	1305338849,	1305345257,	'delete_game_hole'),
(2125,	1457,	'table3',	717,	'0',	2,	0,	0,	0,	0,	1305345342,	1305518191,	'old_game'),
(2126,	1457,	'table3',	878,	'0',	2,	0,	0,	0,	0,	1305345342,	1305518191,	'old_game'),
(2127,	1459,	'gogogo',	878,	'0',	2,	0,	0,	0,	0,	1305350282,	1305356751,	'delete_game_hole'),
(2128,	1459,	'gogogo',	899,	'0',	2,	0,	0,	0,	0,	1305350282,	1305356751,	'delete_game_hole'),
(2129,	1460,	'5656',	695,	'0',	1,	0,	0,	0,	0,	1305357310,	1305357328,	'delete_game_hole'),
(2130,	1461,	'testADMIN',	1,	'0',	1,	0,	0,	0,	0,	1305357815,	1305357910,	'delete_game_hole'),
(2131,	1463,	'Ferelden',	903,	'0',	1,	0,	0,	0,	0,	1305361245,	1305539116,	'old_game'),
(2132,	1464,	'daaaa',	846,	'0',	2,	0,	0,	0,	0,	1305362331,	1305402208,	'delete_game_hole'),
(2133,	1464,	'daaaa',	878,	'0',	2,	0,	0,	0,	0,	1305362331,	1305402208,	'delete_game_hole'),
(2134,	1465,	'boo',	695,	'0',	2,	0,	0,	0,	0,	1305364026,	1305366660,	'delete_game_hole'),
(2135,	1465,	'boo',	846,	'0',	2,	0,	0,	0,	0,	1305364026,	1305366660,	'delete_game_hole'),
(2136,	1466,	'Frenky',	741,	'0',	1,	0,	0,	0,	0,	1305365951,	1305366493,	'delete_game_hole'),
(2137,	1467,	'121212',	695,	'0',	2,	0,	0,	0,	0,	1305366960,	1305409542,	'delete_game_hole'),
(2138,	1467,	'121212',	846,	'0',	2,	0,	0,	0,	0,	1305366960,	1305409542,	'delete_game_hole'),
(2139,	1468,	'flam',	705,	'0',	2,	0,	0,	0,	0,	1305368440,	1305369365,	'delete_game_hole'),
(2140,	1468,	'flam',	907,	'0',	2,	0,	0,	0,	0,	1305368440,	1305369365,	'delete_game_hole'),
(2141,	1469,	'Frenky',	741,	'0',	1,	0,	0,	0,	0,	1305368741,	1305368826,	'delete_game_hole'),
(2142,	1470,	'flam',	705,	'0',	2,	0,	0,	0,	0,	1305369487,	1305375626,	'delete_game_hole'),
(2143,	1470,	'flam',	907,	'0',	2,	0,	0,	0,	0,	1305369487,	1305375626,	'delete_game_hole'),
(2144,	1471,	'ORK_KOMITET',	38,	'Von_Teckel',	4,	4,	0,	1,	0,	1305370328,	1305377865,	'end_game_victory'),
(2145,	1471,	'ORK_KOMITET',	741,	'Von_Teckel',	4,	4,	0,	1,	0,	1305370328,	1305377865,	'end_game_victory'),
(2146,	1471,	'ORK_KOMITET',	770,	'Von_Teckel',	4,	4,	0,	1,	0,	1305370328,	1305377865,	'end_game_victory'),
(2147,	1471,	'ORK_KOMITET',	797,	'Von_Teckel',	4,	4,	0,	1,	0,	1305370328,	1305377865,	'end_game_victory'),
(2148,	1472,	'Munch',	908,	'0',	1,	0,	0,	0,	0,	1305372698,	1305372900,	'delete_game_hole'),
(2149,	1473,	'Munch',	846,	'0',	2,	0,	0,	0,	0,	1305373027,	1305453174,	'delete_game_hole'),
(2150,	1473,	'Munch',	908,	'0',	2,	0,	0,	0,	0,	1305373027,	1305453174,	'delete_game_hole'),
(2151,	1474,	'boo',	697,	'0',	2,	0,	0,	0,	0,	1305374790,	1305381645,	'delete_game_hole'),
(2152,	1474,	'boo',	846,	'0',	2,	0,	0,	0,	0,	1305374790,	1305381645,	'delete_game_hole'),
(2153,	1475,	'Frenky',	741,	'zz_92',	1,	1,	0,	1,	0,	1305375073,	1305376507,	'end_game_victory'),
(2154,	1476,	'flam',	705,	'0',	2,	0,	0,	0,	0,	1305376523,	1305381241,	'delete_game_hole'),
(2155,	1476,	'flam',	909,	'0',	2,	0,	0,	0,	0,	1305376523,	1305381241,	'delete_game_hole'),
(2156,	1477,	'Frenky',	741,	'zz_92',	2,	2,	0,	1,	0,	1305376623,	1305378921,	'end_game_victory'),
(2157,	1477,	'Frenky',	822,	'zz_92',	2,	2,	0,	1,	0,	1305376623,	1305378921,	'end_game_victory'),
(2158,	1478,	'test',	910,	'0',	1,	0,	0,	0,	0,	1305377264,	1305378101,	'delete_game_hole'),
(2159,	1479,	'error',	732,	'0',	2,	0,	0,	0,	0,	1305377580,	1305382391,	'delete_game_hole'),
(2160,	1479,	'error',	886,	'0',	2,	0,	0,	0,	0,	1305377580,	1305382391,	'delete_game_hole'),
(2161,	1480,	'test',	910,	'0',	1,	0,	0,	0,	0,	1305378115,	1305554162,	'old_game'),
(2162,	1481,	'12345',	369,	'CrazyWin',	3,	3,	0,	1,	0,	1305379954,	1305387415,	'end_game_victory'),
(2163,	1481,	'12345',	470,	'CrazyWin',	3,	3,	0,	1,	0,	1305379954,	1305387415,	'end_game_victory'),
(2164,	1481,	'12345',	911,	'CrazyWin',	3,	3,	0,	1,	0,	1305379954,	1305387415,	'end_game_victory'),
(2165,	1482,	'flam',	639,	'0',	3,	0,	0,	0,	0,	1305381311,	1305381320,	'delete_game_hole'),
(2166,	1482,	'flam',	705,	'0',	3,	0,	0,	0,	0,	1305381311,	1305381320,	'delete_game_hole'),
(2167,	1482,	'flam',	909,	'0',	3,	0,	0,	0,	0,	1305381311,	1305381320,	'delete_game_hole'),
(2168,	1483,	'testADMIN',	1,	'0',	2,	0,	0,	0,	0,	1305381313,	1305381728,	'delete_game_hole'),
(2169,	1483,	'testADMIN',	4,	'0',	2,	0,	0,	0,	0,	1305381313,	1305381728,	'delete_game_hole'),
(2170,	1484,	'flam',	705,	'Greg',	3,	3,	0,	1,	0,	1305381342,	1305386434,	'end_game_victory'),
(2171,	1484,	'flam',	907,	'Greg',	3,	3,	0,	1,	0,	1305381342,	1305386434,	'end_game_victory'),
(2172,	1484,	'flam',	909,	'Greg',	3,	3,	0,	1,	0,	1305381342,	1305386434,	'end_game_victory'),
(2173,	1485,	'test1',	697,	'0',	1,	0,	0,	0,	0,	1305382490,	1305382578,	'delete_game_hole'),
(2174,	1486,	'testADMIN',	1,	'0',	2,	0,	0,	0,	0,	1305382569,	1305382641,	'delete_game_hole'),
(2175,	1486,	'testADMIN',	4,	'0',	2,	0,	0,	0,	0,	1305382569,	1305382641,	'delete_game_hole'),
(2176,	1488,	'Pipki',	916,	'0',	1,	0,	0,	0,	0,	1305382912,	1305383282,	'delete_game_hole'),
(2177,	1489,	'sdfkj',	916,	'0',	1,	0,	0,	0,	0,	1305383305,	1305556500,	'old_game'),
(2178,	1487,	'Ping',	886,	'0',	1,	0,	0,	0,	0,	1305383361,	1305383412,	'delete_game_hole'),
(2179,	1490,	'222',	873,	'0',	1,	0,	0,	0,	0,	1305383570,	1305383641,	'delete_game_hole'),
(2180,	1491,	'Ping',	873,	'0',	2,	0,	0,	0,	0,	1305384669,	1305392786,	'delete_game_hole'),
(2181,	1491,	'Ping',	886,	'0',	2,	0,	0,	0,	0,	1305384669,	1305392786,	'delete_game_hole'),
(2182,	1492,	'Frenky',	741,	'0',	1,	0,	0,	0,	0,	1305388111,	1305388125,	'delete_game_hole'),
(2183,	1493,	'wtf',	470,	'0',	2,	0,	0,	0,	0,	1305388309,	1305563726,	'old_game'),
(2184,	1493,	'wtf',	918,	'0',	2,	0,	0,	0,	0,	1305388309,	1305563726,	'old_game'),
(2185,	1495,	'test02',	919,	'0',	1,	0,	0,	0,	0,	1305389940,	1305390088,	'delete_game_hole'),
(2186,	1497,	'test02',	919,	'EqXor',	1,	1,	0,	1,	0,	1305390099,	1305390206,	'end_game_victory'),
(2187,	1494,	'Ein_Spiel',	38,	'0',	3,	0,	0,	0,	0,	1305390335,	1305394796,	'delete_game_hole'),
(2188,	1494,	'Ein_Spiel',	599,	'0',	3,	0,	0,	0,	0,	1305390335,	1305394796,	'delete_game_hole'),
(2189,	1494,	'Ein_Spiel',	846,	'0',	3,	0,	0,	0,	0,	1305390335,	1305394796,	'delete_game_hole'),
(2190,	1498,	'Beginer',	921,	'0',	1,	0,	0,	0,	0,	1305391477,	1305391650,	'delete_game_hole'),
(2191,	1499,	'pam',	922,	'0',	1,	0,	0,	0,	0,	1305392951,	1305565942,	'old_game'),
(2192,	1500,	'FCG',	369,	'Sourire',	5,	5,	0,	1,	0,	1305394023,	1305400715,	'end_game_victory'),
(2193,	1500,	'FCG',	528,	'Sourire',	5,	5,	0,	1,	0,	1305394023,	1305400715,	'end_game_victory'),
(2194,	1500,	'FCG',	594,	'Sourire',	5,	5,	0,	1,	0,	1305394023,	1305400715,	'end_game_victory'),
(2195,	1500,	'FCG',	757,	'Sourire',	5,	5,	0,	1,	0,	1305394023,	1305400715,	'end_game_victory'),
(2196,	1500,	'FCG',	924,	'Sourire',	5,	5,	0,	1,	0,	1305394023,	1305400715,	'end_game_victory'),
(2197,	1501,	'Spiel_Zwei',	38,	'0',	3,	0,	0,	0,	0,	1305395116,	1305452024,	'delete_game_hole'),
(2198,	1501,	'Spiel_Zwei',	599,	'0',	3,	0,	0,	0,	0,	1305395116,	1305452024,	'delete_game_hole'),
(2199,	1501,	'Spiel_Zwei',	846,	'0',	3,	0,	0,	0,	0,	1305395116,	1305452024,	'delete_game_hole'),
(2200,	1502,	'ORK_KOMITET',	770,	'Von_Teckel',	2,	2,	0,	1,	0,	1305395824,	1305400264,	'end_game_victory'),
(2201,	1502,	'ORK_KOMITET',	797,	'Von_Teckel',	2,	2,	0,	1,	0,	1305395824,	1305400264,	'end_game_victory'),
(2203,	1505,	'3321',	639,	'0',	1,	0,	0,	0,	0,	1305399059,	1305399095,	'delete_game_hole'),
(2202,	1504,	'12321',	815,	'0',	1,	0,	0,	0,	0,	1305397644,	1305397812,	'delete_game_hole'),
(2204,	1508,	'GOOOOOOOOOOO',	878,	'0',	1,	0,	0,	0,	0,	1305403745,	1305404772,	'delete_game_hole'),
(2205,	1509,	'SlayeRs',	930,	'0',	1,	0,	0,	0,	0,	1305404773,	1305445223,	'delete_game_hole'),
(2207,	1511,	'lets_play',	878,	'0',	3,	0,	0,	0,	0,	1305406883,	1305407197,	'delete_game_hole'),
(2206,	1511,	'lets_play',	528,	'0',	3,	0,	0,	0,	0,	1305406883,	1305407197,	'delete_game_hole'),
(2208,	1511,	'lets_play',	928,	'0',	3,	0,	0,	0,	0,	1305406883,	1305407197,	'delete_game_hole'),
(2209,	1512,	'GOOOOOOOOOOOOOO',	878,	'krokemon',	1,	1,	0,	1,	0,	1305407700,	1305418854,	'end_game_victory'),
(2210,	1513,	'nmbv',	934,	'0',	1,	0,	0,	0,	0,	1305416689,	1305416753,	'delete_game_hole'),
(2211,	1514,	'Frenky',	741,	'zz_92',	1,	1,	0,	1,	0,	1305425560,	1305426761,	'end_game_victory'),
(2212,	1515,	'566556',	695,	'0',	1,	0,	0,	0,	0,	1305440796,	1305443497,	'delete_game_hole'),
(2213,	1516,	'5656',	695,	'0',	2,	0,	0,	0,	0,	1305443729,	1305565942,	'delete_game_hole'),
(2214,	1516,	'5656',	803,	'0',	2,	0,	0,	0,	0,	1305443729,	1305565942,	'delete_game_hole'),
(2215,	1518,	'manchkinmanchki',	929,	'0',	1,	0,	0,	0,	0,	1305450208,	1305450794,	'delete_game_hole'),
(2216,	1519,	'123123',	929,	'0',	1,	0,	0,	0,	0,	1305451231,	1305451949,	'delete_game_hole'),
(2217,	1522,	'jojo3',	492,	'Sourire',	4,	4,	0,	1,	0,	1305453744,	1305459359,	'end_game_victory'),
(2218,	1522,	'jojo3',	594,	'Sourire',	4,	4,	0,	1,	0,	1305453744,	1305459359,	'end_game_victory'),
(2219,	1522,	'jojo3',	929,	'Sourire',	4,	4,	0,	1,	0,	1305453744,	1305459359,	'end_game_victory'),
(2220,	1522,	'jojo3',	935,	'Sourire',	4,	4,	0,	1,	0,	1305453744,	1305459359,	'end_game_victory'),
(2221,	1524,	'munch',	908,	'0',	1,	0,	0,	0,	0,	1305456528,	1305457502,	'delete_game_hole'),
(2222,	1525,	'error',	732,	'0',	1,	0,	0,	0,	0,	1305458398,	1305459060,	'delete_game_hole'),
(2223,	1526,	'error',	732,	'0',	1,	0,	0,	0,	0,	1305459670,	1305460248,	'delete_game_hole'),
(2224,	1527,	'error',	732,	'0',	1,	0,	0,	0,	0,	1305460864,	1305461216,	'delete_game_hole'),
(2225,	1528,	'error',	732,	'0',	1,	0,	0,	0,	0,	1305461825,	1305461960,	'delete_game_hole'),
(2226,	1530,	'Frenky',	741,	'zz_92',	2,	2,	0,	1,	0,	1305462153,	1305464403,	'end_game_victory'),
(2227,	1530,	'Frenky',	822,	'zz_92',	2,	2,	0,	1,	0,	1305462153,	1305464403,	'end_game_victory'),
(2228,	1529,	'error',	732,	'0',	1,	0,	0,	0,	0,	1305462572,	1305462760,	'delete_game_hole'),
(2229,	1532,	'testADMIN',	1,	'0',	1,	0,	0,	0,	0,	1305463026,	1305463249,	'delete_game_hole'),
(2230,	1531,	'error',	732,	'0',	1,	0,	0,	0,	0,	1305463367,	1305463449,	'delete_game_hole'),
(2231,	1533,	'error',	732,	'0',	2,	0,	0,	0,	0,	1305464062,	1305467815,	'delete_game_hole'),
(2232,	1533,	'error',	937,	'0',	2,	0,	0,	0,	0,	1305464062,	1305467815,	'delete_game_hole'),
(2233,	1534,	'testADMIN',	1,	'0',	2,	0,	0,	0,	0,	1305464548,	1305464671,	'delete_game_hole'),
(2234,	1534,	'testADMIN',	4,	'0',	2,	0,	0,	0,	0,	1305464548,	1305464671,	'delete_game_hole'),
(2235,	1535,	'ORK_KOMITET',	770,	'0',	1,	0,	0,	0,	0,	1305468487,	1305468603,	'delete_game_hole'),
(2236,	1536,	'error',	732,	'0',	1,	0,	0,	0,	0,	1305472019,	1305559281,	'delete_game_hole'),
(2237,	1537,	'igrat',	941,	'0',	1,	0,	0,	0,	0,	1305474066,	1305474260,	'delete_game_hole'),
(2238,	1538,	'rus',	942,	'0',	1,	0,	0,	0,	0,	1305476132,	1305476461,	'delete_game_hole'),
(2239,	1540,	'ORK_KOMITET',	770,	'0',	2,	0,	0,	0,	0,	1305480102,	1305494255,	'delete_game_hole'),
(2240,	1540,	'ORK_KOMITET',	858,	'0',	2,	0,	0,	0,	0,	1305480102,	1305494255,	'delete_game_hole'),
(2241,	1542,	'boo',	469,	'0',	2,	0,	0,	0,	0,	1305482155,	1305482757,	'delete_game_hole'),
(2242,	1542,	'boo',	846,	'0',	2,	0,	0,	0,	0,	1305482155,	1305482757,	'delete_game_hole'),
(2243,	1544,	'Rostov',	830,	'Mazay_Ac',	2,	2,	0,	1,	0,	1305485182,	1305488540,	'end_game_victory'),
(2244,	1544,	'Rostov',	944,	'Mazay_Ac',	2,	2,	0,	1,	0,	1305485182,	1305488540,	'end_game_victory'),
(2245,	1545,	'abrakadabra',	697,	'0',	2,	0,	0,	0,	0,	1305486403,	1305487765,	'delete_game_hole'),
(2246,	1545,	'abrakadabra',	846,	'0',	2,	0,	0,	0,	0,	1305486403,	1305487765,	'delete_game_hole'),
(2247,	1546,	'abrakadabra',	697,	'maddoc2',	4,	4,	0,	1,	0,	1305487816,	1305499989,	'end_game_victory'),
(2248,	1546,	'abrakadabra',	846,	'maddoc2',	4,	4,	0,	1,	0,	1305487816,	1305499989,	'end_game_victory'),
(2249,	1546,	'abrakadabra',	883,	'maddoc2',	4,	4,	0,	1,	0,	1305487816,	1305499989,	'end_game_victory'),
(2250,	1546,	'abrakadabra',	948,	'maddoc2',	4,	4,	0,	1,	0,	1305487816,	1305499989,	'end_game_victory'),
(2251,	1547,	'testikus',	902,	'arohy',	1,	1,	0,	1,	0,	1305487918,	1305489134,	'end_game_victory'),
(2252,	1548,	'test100200',	953,	'0',	3,	0,	0,	0,	0,	1305510181,	1305691361,	'old_game'),
(2253,	1549,	'ololo',	954,	'0',	1,	0,	0,	0,	0,	1305517991,	1305518191,	'delete_game_hole'),
(2254,	1550,	'Frenky',	741,	'zz_92',	1,	1,	0,	1,	0,	1305520916,	1305521413,	'end_game_victory'),
(2255,	1551,	'frid000',	956,	'0',	1,	0,	0,	0,	0,	1305525570,	1305568153,	'delete_game_hole'),
(2256,	1552,	'yoh',	866,	'Hyyudu',	1,	1,	0,	1,	0,	1305528797,	1305529348,	'end_game_victory'),
(2257,	1553,	'Zit',	789,	'0',	1,	0,	0,	0,	0,	1305529011,	1305529622,	'delete_game_hole'),
(2258,	1554,	'zit',	789,	'0',	1,	0,	0,	0,	0,	1305530823,	1305531906,	'delete_game_hole'),
(2259,	1555,	'777',	866,	'0',	1,	0,	0,	0,	0,	1305531796,	1305540647,	'delete_game_hole'),
(2260,	1557,	'Frenky',	741,	'zz_92',	2,	2,	0,	1,	0,	1305538498,	1305541664,	'end_game_victory'),
(2261,	1557,	'Frenky',	959,	'zz_92',	2,	2,	0,	1,	0,	1305538498,	1305541664,	'end_game_victory'),
(2262,	1556,	'Munch',	908,	'0',	1,	0,	0,	0,	0,	1305538985,	1305539116,	'delete_game_hole'),
(2263,	1558,	'TestGame',	960,	'0',	1,	0,	0,	0,	0,	1305540288,	1305540366,	'delete_game_hole'),
(2264,	1559,	'45646',	866,	'0',	2,	0,	0,	0,	0,	1305540954,	1305545167,	'delete_game_hole'),
(2265,	1559,	'45646',	960,	'0',	2,	0,	0,	0,	0,	1305540955,	1305545167,	'delete_game_hole'),
(2266,	1561,	'Test1',	962,	'0',	1,	0,	0,	0,	0,	1305541612,	1305542077,	'delete_game_hole'),
(2267,	1562,	'Test1',	962,	'0',	1,	0,	0,	0,	0,	1305542089,	1305542385,	'delete_game_hole'),
(2268,	1563,	'Test1',	962,	'0',	1,	0,	0,	0,	0,	1305543055,	1305716205,	'old_game'),
(2269,	1564,	'dver_mne_zapili',	837,	'0',	2,	0,	0,	0,	0,	1305545342,	1305546102,	'delete_game_hole'),
(2270,	1564,	'dver_mne_zapili',	965,	'0',	2,	0,	0,	0,	0,	1305545342,	1305546102,	'delete_game_hole'),
(2271,	1566,	'bla',	806,	'0',	1,	0,	0,	0,	0,	1305546071,	1305720500,	'old_game'),
(2272,	1567,	'dver_mne_zapili',	837,	'0',	1,	0,	0,	0,	0,	1305546117,	1305546148,	'delete_game_hole'),
(2273,	1568,	'dver_mne_zapili',	837,	'FairyWoody',	2,	2,	0,	1,	0,	1305546204,	1305549260,	'end_game_victory'),
(2274,	1568,	'dver_mne_zapili',	965,	'FairyWoody',	2,	2,	0,	1,	0,	1305546204,	1305549260,	'end_game_victory'),
(2275,	1565,	'Intruder',	264,	'Hyyudu',	2,	2,	0,	1,	0,	1305546209,	1305550673,	'end_game_victory'),
(2276,	1565,	'Intruder',	866,	'Hyyudu',	2,	2,	0,	1,	0,	1305546209,	1305550673,	'end_game_victory'),
(2277,	1570,	'gepatit',	753,	'Lamperuje',	3,	3,	0,	1,	0,	1305547787,	1305550682,	'end_game_victory'),
(2278,	1570,	'gepatit',	844,	'Lamperuje',	3,	3,	0,	1,	0,	1305547787,	1305550682,	'end_game_victory'),
(2279,	1570,	'gepatit',	966,	'Lamperuje',	3,	3,	0,	1,	0,	1305547787,	1305550682,	'end_game_victory'),
(2280,	1571,	'Doc',	789,	'0',	1,	0,	0,	0,	0,	1305548057,	1305550140,	'delete_game_hole'),
(2281,	1572,	'Frenky',	741,	'zz_92',	3,	2,	0,	1,	0,	1305548240,	1305552197,	'end_game_victory'),
(2282,	1572,	'Frenky',	822,	'zz_92',	3,	2,	0,	1,	0,	1305548240,	1305552197,	'end_game_victory'),
(2283,	1572,	'Frenky',	959,	'zz_92',	3,	2,	0,	-1,	0,	1305548240,	1305552197,	'end_game_victory'),
(2284,	1573,	'11058',	967,	'0',	1,	0,	0,	0,	0,	1305549012,	1305724607,	'old_game'),
(2285,	1574,	'dver_mne_zapili',	837,	'0',	2,	0,	0,	0,	0,	1305549319,	1305555378,	'delete_game_hole'),
(2286,	1574,	'dver_mne_zapili',	965,	'0',	2,	0,	0,	0,	0,	1305549319,	1305555378,	'delete_game_hole'),
(2287,	1577,	'129685333',	949,	'',	3,	3,	0,	1,	1305632014,	1305551914,	1305631953,	'end_game_victory'),
(2288,	1578,	'intruder',	264,	'0',	3,	0,	0,	0,	0,	1305552605,	1305554851,	'delete_game_hole'),
(2289,	1578,	'intruder',	639,	'0',	3,	0,	0,	0,	0,	1305552605,	1305554851,	'delete_game_hole'),
(2290,	1578,	'intruder',	929,	'0',	3,	0,	0,	0,	0,	1305552605,	1305554851,	'delete_game_hole'),
(2291,	1579,	'AROHY',	872,	'0',	2,	0,	0,	0,	0,	1305553240,	1305554162,	'delete_game_hole'),
(2292,	1579,	'AROHY',	902,	'0',	2,	0,	0,	0,	0,	1305553240,	1305554162,	'delete_game_hole'),
(2293,	1581,	'intruder',	264,	'bloodsucker',	3,	3,	0,	1,	0,	1305555192,	1305559242,	'end_game_victory'),
(2294,	1581,	'intruder',	929,	'bloodsucker',	3,	3,	0,	1,	0,	1305555192,	1305559242,	'end_game_victory'),
(2295,	1581,	'intruder',	964,	'bloodsucker',	3,	3,	0,	1,	0,	1305555192,	1305559242,	'end_game_victory'),
(2296,	1584,	'Axil',	420,	'Aesson',	6,	0,	1,	0,	1305732929,	1305557493,	1305735202,	'old_game'),
(2297,	1584,	'Axil',	639,	'Aesson',	6,	0,	1,	0,	1305732929,	1305557493,	1305735202,	'old_game'),
(2298,	1585,	'Hit47man',	718,	'0',	3,	0,	0,	0,	0,	1305559835,	1305567753,	'delete_game_hole'),
(2299,	1585,	'Hit47man',	732,	'0',	3,	0,	0,	0,	0,	1305559835,	1305567753,	'delete_game_hole'),
(2300,	1585,	'Hit47man',	883,	'0',	3,	0,	0,	0,	0,	1305559835,	1305567753,	'delete_game_hole'),
(2301,	1586,	'ololo',	954,	'0',	1,	0,	0,	0,	0,	1305560711,	1305560955,	'delete_game_hole'),
(2302,	1587,	'Nitros',	455,	'Nitros',	2,	2,	0,	1,	0,	1305562641,	1305566383,	'end_game_victory'),
(2303,	1587,	'Nitros',	612,	'Nitros',	2,	2,	0,	1,	0,	1305562641,	1305566383,	'end_game_victory'),
(2304,	1588,	'Y4ys',	972,	'0',	1,	0,	0,	0,	0,	1305562871,	1305736586,	'old_game'),
(2305,	1589,	'Munch',	908,	'0',	1,	0,	0,	0,	0,	1305563670,	1305563726,	'delete_game_hole'),
(2306,	1591,	'papa',	973,	'0',	1,	0,	0,	0,	0,	1305566079,	1305738883,	'old_game'),
(2307,	1590,	'123321',	695,	'0',	1,	0,	0,	0,	0,	1305566138,	1305566219,	'delete_game_hole'),
(2308,	1592,	'567',	27,	'0',	3,	0,	0,	0,	0,	1305566605,	1305738883,	'delete_game_hole'),
(2309,	1592,	'567',	695,	'0',	3,	0,	0,	0,	0,	1305566605,	1305738883,	'delete_game_hole'),
(2310,	1592,	'567',	858,	'0',	3,	0,	0,	0,	0,	1305566605,	1305738883,	'delete_game_hole'),
(2311,	1593,	'frid111',	956,	'0',	1,	0,	0,	0,	0,	1305568190,	1305741284,	'old_game'),
(2312,	1595,	'Stol',	974,	'0',	1,	0,	0,	0,	0,	1305572469,	1305572490,	'delete_game_hole'),
(2313,	1597,	'ORK_KOMITET',	138,	'0',	2,	0,	0,	0,	0,	1305575387,	1305582574,	'delete_game_hole'),
(2314,	1597,	'ORK_KOMITET',	770,	'0',	2,	0,	0,	0,	0,	1305575387,	1305582574,	'delete_game_hole'),
(2315,	1598,	'tttt',	1,	'admin',	2,	2,	0,	1,	0,	1305618283,	1305618402,	'end_game_victory'),
(2316,	1598,	'tttt',	11,	'admin',	2,	2,	0,	1,	0,	1305618283,	1305618402,	'end_game_victory'),
(2317,	1599,	'the_stol',	138,	'0',	2,	0,	0,	0,	0,	1305618793,	1305620702,	'delete_game_hole'),
(2318,	1599,	'the_stol',	908,	'0',	2,	0,	0,	0,	0,	1305619554,	1305620702,	'delete_game_hole'),
(2320,	1601,	'Table',	989,	'0',	2,	0,	0,	0,	0,	1305622063,	1305624467,	'delete_game_hole'),
(2321,	1601,	'Table',	974,	'0',	2,	0,	0,	0,	0,	1305622063,	1305624467,	'delete_game_hole'),
(2322,	1600,	'Munch',	908,	'0',	1,	0,	0,	0,	0,	1305622215,	1305623421,	'delete_game_hole'),
(2325,	1604,	'jojo7',	492,	'0',	2,	0,	0,	0,	0,	1305627801,	1305628038,	'delete_game_hole'),
(2326,	1604,	'jojo7',	974,	'0',	2,	0,	0,	0,	0,	1305627801,	1305628038,	'delete_game_hole'),
(2327,	1605,	'jojo8',	492,	'Joik',	2,	2,	0,	1,	1305633118,	1305628227,	1305633112,	'end_game_victory'),
(2328,	1605,	'jojo8',	974,	'Joik',	2,	2,	0,	1,	1305633118,	1305628227,	1305633112,	'end_game_victory'),
(2330,	1606,	'fff',	1,	'0',	1,	0,	0,	0,	0,	1305629289,	1305629314,	'delete_game_hole'),
(2331,	1607,	'123',	924,	'0',	1,	0,	0,	0,	0,	1305629655,	1305630134,	'delete_game_hole'),
(2337,	1577,	'129685333',	924,	'',	3,	3,	0,	1,	1305632014,	1305631473,	1305631953,	'end_game_victory'),
(2335,	1584,	'Axil',	296,	'Aesson',	6,	0,	1,	0,	1305732929,	1305631080,	1305735202,	'old_game'),
(2336,	1577,	'129685333',	977,	'',	3,	3,	0,	1,	1305632014,	1305631102,	1305631953,	'end_game_victory'),
(2338,	1608,	'Frenky',	741,	'funny',	3,	3,	0,	1,	1305643483,	1305634823,	1305643427,	'end_game_victory'),
(2340,	1608,	'Frenky',	732,	'funny',	3,	3,	0,	1,	1305643483,	1305637416,	1305643427,	'end_game_victory'),
(2341,	1608,	'Frenky',	858,	'funny',	3,	3,	0,	1,	1305643483,	1305637590,	1305643427,	'end_game_victory'),
(2343,	1609,	'Ork_Komitet',	770,	'0',	2,	0,	0,	0,	0,	1305639177,	1305641625,	'delete_game_hole'),
(2346,	1609,	'Ork_Komitet',	992,	'0',	2,	0,	0,	0,	0,	1305640802,	1305641625,	'delete_game_hole'),
(2351,	1610,	'ORK_KOMITET',	770,	'Von_Teckel',	4,	3,	0,	1,	1305653499,	1305643003,	1305653449,	'end_game_victory'),
(2352,	1610,	'ORK_KOMITET',	990,	'Von_Teckel',	4,	3,	0,	1,	1305653499,	1305643003,	1305653449,	'end_game_victory'),
(2353,	1610,	'ORK_KOMITET',	797,	'Von_Teckel',	4,	3,	0,	0,	1305653499,	1305643429,	1305653449,	'end_game_victory'),
(2355,	1610,	'ORK_KOMITET',	732,	'Von_Teckel',	4,	3,	0,	1,	1305653499,	1305644666,	1305653449,	'end_game_victory'),
(2360,	1612,	'Frend',	986,	'Fuck_USA',	3,	3,	0,	1,	0,	1305647046,	1305647545,	'end_game_victory'),
(2361,	1612,	'Frend',	998,	'Fuck_USA',	3,	3,	0,	1,	0,	1305647046,	1305647545,	'end_game_victory'),
(2362,	1612,	'Frend',	999,	'Fuck_USA',	3,	3,	0,	1,	0,	1305647046,	1305647545,	'end_game_victory'),
(2364,	1614,	'Mmf',	997,	'0',	3,	0,	0,	0,	0,	1305647701,	1305648077,	'delete_game_hole'),
(2365,	1614,	'Mmf',	1000,	'0',	3,	0,	0,	0,	0,	1305647701,	1305648077,	'delete_game_hole'),
(2366,	1614,	'Mmf',	1001,	'0',	3,	0,	0,	0,	0,	1305647723,	1305648077,	'delete_game_hole'),
(2368,	1615,	'Mmf',	997,	'',	3,	3,	0,	1,	1305651824,	1305648110,	1305651763,	'end_game_victory'),
(2369,	1615,	'Mmf',	1001,	'',	3,	3,	0,	1,	1305651824,	1305648110,	1305651763,	'end_game_victory'),
(2370,	1615,	'Mmf',	1000,	'',	3,	3,	0,	1,	1305651824,	1305648110,	1305651763,	'end_game_victory'),
(2371,	1616,	'321',	995,	'0',	1,	0,	0,	0,	0,	1305648685,	1305649729,	'delete_game_hole'),
(2372,	1617,	'123',	995,	'0',	2,	0,	0,	0,	0,	1305651408,	1305653535,	'delete_game_hole'),
(2373,	1617,	'123',	1004,	'0',	2,	0,	0,	0,	0,	1305651408,	1305653535,	'delete_game_hole'),
(2375,	1618,	'Mmf',	1001,	'0',	4,	0,	0,	0,	0,	1305652223,	1305652572,	'delete_game_hole'),
(2374,	1618,	'Mmf',	997,	'0',	4,	0,	0,	0,	0,	1305652223,	1305652572,	'delete_game_hole'),
(2376,	1618,	'Mmf',	1000,	'0',	4,	0,	0,	0,	0,	1305652223,	1305652572,	'delete_game_hole'),
(2377,	1618,	'Mmf',	1003,	'0',	4,	0,	0,	0,	0,	1305652223,	1305652572,	'delete_game_hole'),
(2378,	1619,	'TestForKella',	991,	'0',	1,	0,	0,	0,	0,	1305652253,	1305652333,	'delete_game_hole'),
(2379,	1620,	'TestForKella',	991,	'0',	2,	0,	0,	0,	0,	1305652378,	1305653960,	'delete_game_hole'),
(2381,	1621,	'Mmf',	997,	'0',	3,	0,	0,	0,	0,	1305652616,	1305653034,	'delete_game_hole'),
(2383,	1621,	'Mmf',	1000,	'0',	3,	0,	0,	0,	0,	1305652616,	1305653034,	'delete_game_hole'),
(2384,	1621,	'Mmf',	1003,	'0',	3,	0,	0,	0,	0,	1305652616,	1305653034,	'delete_game_hole'),
(2387,	1620,	'TestForKella',	7,	'0',	2,	0,	0,	0,	0,	1305653078,	1305653960,	'delete_game_hole'),
(2389,	1622,	'321',	995,	'0',	1,	0,	0,	0,	0,	1305654309,	1305654316,	'delete_game_hole'),
(2391,	1623,	'gameforfun',	528,	'0',	2,	0,	0,	0,	0,	1305656546,	1305656616,	'delete_game_hole'),
(2392,	1623,	'gameforfun',	859,	'0',	2,	0,	0,	0,	0,	1305656546,	1305656616,	'delete_game_hole'),
(2393,	1548,	'test100200',	1007,	'0',	3,	0,	0,	0,	0,	1305658341,	1305691361,	'old_game'),
(2394,	1624,	'boo',	846,	'0',	3,	0,	0,	0,	0,	1305658664,	1305666368,	'delete_game_hole'),
(2395,	1624,	'boo',	964,	'0',	3,	0,	0,	0,	0,	1305658664,	1305666368,	'delete_game_hole'),
(2397,	1624,	'boo',	859,	'0',	3,	0,	0,	0,	0,	1305658788,	1305666368,	'delete_game_hole'),
(2404,	1627,	'Rem',	732,	'Rem',	2,	2,	0,	1,	1305666749,	1305660996,	1305666695,	'end_game_victory'),
(2400,	1625,	'111',	29,	'0',	2,	0,	0,	0,	0,	1305660841,	1305660983,	'delete_game_hole'),
(2403,	1625,	'111',	878,	'0',	2,	0,	0,	0,	0,	1305660960,	1305660983,	'delete_game_hole'),
(2405,	1627,	'Rem',	1008,	'Rem',	2,	2,	0,	1,	1305666749,	1305660996,	1305666695,	'end_game_victory'),
(2408,	1629,	'ololo',	5,	'0',	1,	0,	0,	0,	0,	1305661735,	1305661929,	'delete_game_hole'),
(2410,	1630,	'ohoho',	1009,	'0',	1,	0,	0,	0,	0,	1305688789,	1305691361,	'delete_game_hole'),
(2411,	1631,	'12345',	1010,	'0',	1,	0,	0,	0,	0,	1305694512,	1305694757,	'delete_game_hole'),
(2446,	1644,	'intruder',	264,	'intruder',	3,	3,	0,	1,	1305723481,	1305718583,	1305723432,	'end_game_victory'),
(2416,	1632,	'111',	1010,	'0',	1,	0,	0,	0,	0,	1305699264,	1401689915,	'old_game'),
(2421,	1635,	'error',	732,	'0',	1,	0,	0,	0,	0,	1305705431,	1305718575,	'delete_game_hole'),
(2419,	1634,	'tetsADMIN',	4,	'0',	1,	0,	0,	0,	0,	1305701693,	1305701754,	'delete_game_hole'),
(2422,	1636,	'xxx',	1012,	'0',	1,	0,	0,	0,	0,	1305709022,	1401689916,	'old_game'),
(2423,	1637,	'000',	1013,	'0',	1,	0,	0,	0,	0,	1305711353,	1305711893,	'delete_game_hole'),
(2426,	1638,	'intruder',	264,	'0',	1,	0,	0,	0,	0,	1305711954,	1305712552,	'delete_game_hole'),
(2429,	1639,	'GOOOOOOOOOOOOOO',	878,	'0',	1,	0,	0,	0,	0,	1305712468,	1305714944,	'delete_game_hole'),
(2431,	1640,	'intruder',	264,	'0',	1,	0,	0,	0,	0,	1305712924,	1305714345,	'delete_game_hole'),
(2438,	1641,	'STOL',	974,	'0',	1,	0,	0,	0,	0,	1305714155,	1305714731,	'delete_game_hole'),
(2441,	1642,	'intruder',	264,	'intruder',	2,	2,	0,	1,	1305718476,	1305714467,	1305718423,	'end_game_victory'),
(2442,	1642,	'intruder',	977,	'intruder',	2,	2,	0,	1,	1305718476,	1305714467,	1305718423,	'end_game_victory'),
(2447,	1644,	'intruder',	732,	'intruder',	3,	3,	0,	1,	1305723481,	1305718583,	1305723432,	'end_game_victory'),
(2448,	1644,	'intruder',	977,	'intruder',	3,	3,	0,	1,	1305723481,	1305718583,	1305723432,	'end_game_victory'),
(2450,	1645,	'1001001',	969,	'0',	1,	0,	0,	0,	0,	1305719663,	1305720500,	'delete_game_hole'),
(2453,	1647,	'gosha',	1016,	'msf_lisiy',	2,	2,	0,	1,	0,	1305720941,	1305839039,	'end_game_victory'),
(2456,	1648,	'Frenky',	264,	'intruder',	2,	2,	0,	1,	1305731086,	1305723486,	1305731048,	'end_game_victory'),
(2457,	1648,	'Frenky',	741,	'intruder',	2,	2,	0,	1,	1305731086,	1305723486,	1305731048,	'end_game_victory'),
(2498,	1661,	'error2',	732,	'0',	1,	0,	0,	0,	0,	1305737257,	1305737841,	'delete_game_hole'),
(2460,	1649,	'error',	369,	'0',	2,	0,	0,	0,	0,	1305724176,	1305779278,	'delete_game_hole'),
(2475,	1654,	'Eolain_s_Table',	732,	'0',	1,	0,	0,	0,	0,	1305729365,	1305736586,	'delete_game_hole'),
(2463,	1650,	'lisiy',	1011,	'0',	1,	0,	0,	0,	0,	1305724330,	1305796102,	'delete_game_hole'),
(2464,	1651,	'Socrat_test',	10,	'0',	1,	0,	0,	0,	0,	1305724595,	1305724607,	'delete_game_hole'),
(2465,	1649,	'error',	878,	'0',	2,	0,	0,	0,	0,	1305726178,	1305779278,	'delete_game_hole'),
(2470,	1653,	'Eolain',	1019,	'0',	1,	0,	0,	0,	0,	1305728148,	1305728161,	'delete_game_hole'),
(2495,	1660,	'Logicz',	977,	'0',	2,	0,	0,	0,	0,	1305736122,	1401689912,	'old_game'),
(2474,	1655,	'123',	995,	'0',	1,	0,	0,	0,	0,	1305728692,	1305729015,	'delete_game_hole'),
(2476,	1656,	'123',	1021,	'0',	1,	0,	0,	0,	0,	1305729449,	1305729608,	'delete_game_hole'),
(2496,	1660,	'Logicz',	1023,	'0',	2,	0,	0,	0,	0,	1305736122,	1401689912,	'old_game'),
(2488,	1584,	'Axil',	1022,	'Aesson',	6,	0,	1,	-1,	1305732929,	1305732785,	1305735202,	'old_game'),
(2491,	1657,	'eva_lotta',	1023,	'0',	2,	0,	0,	0,	0,	1305735352,	1305735357,	'delete_game_hole'),
(2492,	1657,	'eva_lotta',	1024,	'0',	2,	0,	0,	0,	0,	1305735352,	1305735357,	'delete_game_hole'),
(2494,	1659,	'mkok',	1024,	'0',	1,	0,	0,	0,	0,	1305736047,	1401689911,	'old_game'),
(2499,	1662,	'12121',	695,	'0',	2,	0,	0,	0,	0,	1305739083,	1305741284,	'delete_game_hole'),
(2501,	1662,	'12121',	1025,	'0',	2,	0,	0,	0,	0,	1305739626,	1305741284,	'delete_game_hole'),
(2504,	1664,	'1212',	695,	'Rentus',	2,	2,	0,	1,	1305746230,	1305741491,	1305746174,	'end_game_victory'),
(2507,	1665,	'12345',	599,	'0',	1,	0,	0,	0,	0,	1305743901,	1305744001,	'delete_game_hole'),
(2506,	1664,	'1212',	732,	'Rentus',	2,	2,	0,	1,	1305746230,	1305742470,	1305746174,	'end_game_victory'),
(2509,	1666,	'321',	1026,	'0',	1,	0,	0,	0,	0,	1305744792,	1305745762,	'delete_game_hole'),
(2510,	1667,	'ORK_KOMITET',	770,	'0',	1,	0,	0,	0,	0,	1305746651,	1305746665,	'delete_game_hole'),
(2512,	1668,	'ORK_KOMITET',	770,	'',	3,	3,	0,	1,	1305749964,	1305747476,	1305749904,	'end_game_victory'),
(2513,	1668,	'ORK_KOMITET',	732,	'',	3,	3,	0,	1,	1305749964,	1305747537,	1305749904,	'end_game_victory'),
(2514,	1668,	'ORK_KOMITET',	469,	'',	3,	3,	0,	1,	1305749964,	1305749610,	1305749904,	'end_game_victory'),
(2516,	1669,	'Rumba',	732,	'',	3,	3,	0,	1,	1305754972,	1305749938,	1305754912,	'end_game_victory'),
(2517,	1669,	'Rumba',	1009,	'',	3,	3,	0,	1,	1305754972,	1305749938,	1305754912,	'end_game_victory'),
(2521,	1669,	'Rumba',	858,	'',	3,	3,	0,	1,	1305754972,	1305752921,	1305754912,	'end_game_victory'),
(2522,	1670,	'dejavu',	1009,	'0',	1,	0,	0,	0,	0,	1305759384,	1305762307,	'delete_game_hole'),
(2549,	1683,	'cv1',	1036,	'0',	2,	0,	0,	0,	0,	1305790098,	1305791553,	'delete_game_hole'),
(2524,	1663,	'kryt',	1029,	'msf_lisiy',	2,	2,	0,	1,	0,	1305776230,	1305839131,	'end_game_victory'),
(2526,	1671,	'SPARTA',	1032,	'msf_lisiy',	3,	3,	0,	1,	0,	1305782002,	1305839224,	'end_game_victory'),
(2527,	1671,	'SPARTA',	1033,	'msf_lisiy',	3,	3,	0,	1,	0,	1305782359,	1305839224,	'end_game_victory'),
(2528,	1672,	'war',	1030,	'0',	2,	0,	0,	0,	0,	1305782498,	1305783038,	'delete_game_hole'),
(2529,	1672,	'war',	1031,	'0',	2,	0,	0,	0,	0,	1305782498,	1305783038,	'delete_game_hole'),
(2530,	1673,	'adminTEST',	1,	'0',	1,	0,	0,	0,	0,	1305782613,	1305783627,	'delete_game_hole'),
(2531,	1674,	'war2',	1030,	'0',	2,	0,	0,	0,	0,	1305783068,	1305783123,	'delete_game_hole'),
(2532,	1674,	'war2',	1031,	'0',	2,	0,	0,	0,	0,	1305783068,	1305783123,	'delete_game_hole'),
(2533,	1675,	'war',	1031,	'0',	2,	0,	0,	0,	0,	1305783199,	1305783221,	'delete_game_hole'),
(2534,	1675,	'war',	1030,	'0',	2,	0,	0,	0,	0,	1305783200,	1305783221,	'delete_game_hole'),
(2535,	1676,	'war',	1031,	'0',	1,	0,	0,	0,	0,	1305783384,	1305783402,	'delete_game_hole'),
(2537,	1677,	'war',	1030,	'0',	1,	0,	0,	0,	0,	1305783507,	1305783941,	'delete_game_hole'),
(2541,	1678,	'war2',	1031,	'0',	2,	0,	0,	0,	0,	1305783977,	1305784125,	'delete_game_hole'),
(2540,	1678,	'war2',	1030,	'0',	2,	0,	0,	0,	0,	1305783969,	1305784125,	'delete_game_hole'),
(2542,	1679,	'war3',	1030,	'0',	1,	0,	0,	0,	0,	1305784176,	1305789875,	'delete_game_hole'),
(2545,	1680,	'test',	1034,	'0',	1,	0,	0,	0,	0,	1305787768,	1305788509,	'delete_game_hole'),
(2550,	1684,	'stol1',	815,	'0',	1,	0,	0,	0,	0,	1305790670,	1305790921,	'delete_game_hole'),
(2551,	1683,	'cv1',	1037,	'0',	2,	0,	0,	0,	0,	1305790672,	1305791553,	'delete_game_hole'),
(2552,	1686,	'cv1',	1036,	'',	2,	2,	0,	1,	1305805120,	1305791586,	1305805059,	'end_game_victory'),
(2553,	1686,	'cv1',	1037,	'',	2,	2,	0,	1,	1305805120,	1305791586,	1305805059,	'end_game_victory'),
(2559,	1687,	'natroihminimu',	27,	'Bazzil',	4,	3,	0,	1,	1305806159,	1305794643,	1305806109,	'end_game_victory'),
(2557,	1682,	'bless',	1034,	'msf_lisiy',	2,	2,	0,	1,	0,	1305793730,	1305838947,	'end_game_victory'),
(2560,	1687,	'natroihminimu',	29,	'Bazzil',	4,	3,	0,	1,	1305806159,	1305794643,	1305806109,	'end_game_victory'),
(2561,	1687,	'natroihminimu',	847,	'Bazzil',	4,	3,	0,	1,	1305806159,	1305794782,	1305806109,	'end_game_victory'),
(2562,	1687,	'natroihminimu',	1011,	'Bazzil',	4,	3,	0,	1,	1305806159,	1305796144,	1305806109,	'end_game_victory'),
(2563,	1688,	'Beginner',	1038,	'Jazzeg',	4,	4,	0,	1,	0,	1305797353,	1305819785,	'end_game_victory'),
(2567,	1689,	'intruder',	264,	'intruder',	2,	2,	0,	1,	1305810116,	1305807099,	1305810061,	'end_game_victory'),
(2568,	1689,	'intruder',	847,	'intruder',	2,	2,	0,	1,	1305810116,	1305807099,	1305810061,	'end_game_victory'),
(2569,	1688,	'Beginner',	357,	'Jazzeg',	4,	4,	0,	1,	0,	1305807142,	1305819785,	'end_game_victory'),
(2570,	1688,	'Beginner',	1041,	'Jazzeg',	4,	4,	0,	1,	0,	1305809336,	1305819785,	'end_game_victory'),
(2571,	1691,	'fdd',	740,	'0',	1,	0,	0,	0,	0,	1305809592,	1401689918,	'old_game'),
(2574,	1693,	'intruder',	264,	'0',	1,	0,	0,	0,	0,	1305810510,	1305810513,	'delete_game_hole'),
(2577,	1695,	'fuuu',	746,	'',	2,	1,	0,	0,	1305819816,	1305814600,	1305819756,	'end_game_victory'),
(2578,	1695,	'fuuu',	1043,	'',	2,	1,	0,	1,	1305819816,	1305814600,	1305819756,	'end_game_victory'),
(2580,	1696,	'gth',	721,	'0',	1,	0,	0,	0,	0,	1305818786,	1305819025,	'delete_game_hole'),
(2583,	1688,	'Beginner',	1045,	'Jazzeg',	4,	4,	0,	1,	0,	1305819609,	1305819785,	'end_game_victory'),
(2584,	1697,	'error',	732,	'tier',	4,	3,	0,	0,	1305833962,	1305823466,	1305833920,	'end_game_victory'),
(2587,	1697,	'error',	1011,	'tier',	4,	3,	0,	1,	1305833962,	1305825502,	1305833920,	'end_game_victory'),
(2589,	1697,	'error',	964,	'tier',	4,	3,	0,	1,	1305833962,	1305829128,	1305833920,	'end_game_victory'),
(2590,	1697,	'error',	961,	'tier',	4,	3,	0,	1,	1305833962,	1305829185,	1305833920,	'end_game_victory'),
(2596,	1699,	'intruder',	264,	'0',	1,	0,	0,	0,	0,	1305831518,	1305831524,	'delete_game_hole'),
(2597,	1700,	'intruder',	264,	'intruder',	2,	2,	0,	1,	1305834970,	1305831715,	1305834913,	'end_game_victory'),
(2598,	1700,	'intruder',	847,	'intruder',	2,	2,	0,	1,	1305834970,	1305831715,	1305834913,	'end_game_victory'),
(2600,	1701,	'Demetry',	469,	'GrafDemetry',	3,	3,	0,	1,	1305836269,	1305833363,	1305836227,	'end_game_victory'),
(2601,	1701,	'Demetry',	524,	'GrafDemetry',	3,	3,	0,	1,	1305836269,	1305833363,	1305836227,	'end_game_victory'),
(2602,	1701,	'Demetry',	732,	'GrafDemetry',	3,	3,	0,	1,	1305836269,	1305834032,	1305836227,	'end_game_victory'),
(2603,	1702,	'ORK_KOMITET',	770,	'',	4,	4,	0,	1,	1305838909,	1305835217,	1305838847,	'end_game_victory'),
(2604,	1702,	'ORK_KOMITET',	797,	'',	4,	4,	0,	1,	1305838909,	1305835217,	1305838847,	'end_game_victory'),
(2605,	1702,	'ORK_KOMITET',	1051,	'',	4,	4,	0,	1,	1305838909,	1305835217,	1305838847,	'end_game_victory'),
(2606,	1702,	'ORK_KOMITET',	1011,	'',	4,	4,	0,	1,	1305838909,	1305835217,	1305838847,	'end_game_victory'),
(2607,	1703,	'error',	732,	'0',	1,	0,	0,	0,	0,	1305836886,	1305836900,	'delete_game_hole'),
(2608,	1704,	'error',	697,	'',	3,	3,	0,	1,	1305845830,	1305837225,	1305845767,	'end_game_victory'),
(2609,	1704,	'error',	732,	'',	3,	3,	0,	1,	1305845830,	1305837225,	1305845767,	'end_game_victory'),
(2610,	1682,	'bless',	1011,	'msf_lisiy',	2,	2,	0,	1,	0,	1305838875,	1305838947,	'end_game_victory'),
(2611,	1647,	'gosha',	1011,	'msf_lisiy',	2,	2,	0,	1,	0,	1305838964,	1305839039,	'end_game_victory'),
(2612,	1663,	'kryt',	1011,	'msf_lisiy',	2,	2,	0,	1,	0,	1305839060,	1305839131,	'end_game_victory'),
(2613,	1671,	'SPARTA',	1011,	'msf_lisiy',	3,	3,	0,	1,	0,	1305839149,	1305839224,	'end_game_victory'),
(2614,	1704,	'error',	1011,	'',	3,	3,	0,	1,	1305845830,	1305839248,	1305845767,	'end_game_victory'),
(2616,	1706,	'lol',	1052,	'0',	1,	0,	0,	0,	0,	1305840231,	1305840489,	'delete_game_hole'),
(2617,	1707,	'Munch',	1053,	'0',	1,	0,	0,	0,	0,	1305846910,	1401689910,	'old_game'),
(2620,	1711,	'ery1',	1037,	'0',	2,	0,	0,	0,	0,	1305866924,	1401689917,	'old_game'),
(2619,	1709,	'Vladivostok',	1055,	'0',	2,	0,	0,	0,	0,	1305851119,	1401689919,	'old_game'),
(2621,	1711,	'ery1',	1036,	'0',	2,	0,	0,	0,	0,	1305866942,	1401689917,	'old_game'),
(2622,	1709,	'Vladivostok',	806,	'0',	2,	0,	0,	0,	0,	1305870303,	1401689919,	'old_game'),
(2624,	1712,	'123',	1057,	'0',	3,	0,	0,	0,	0,	1305871916,	1401689914,	'old_game'),
(2625,	1712,	'123',	1011,	'0',	3,	0,	0,	0,	0,	1305872313,	1401689914,	'old_game'),
(2626,	1712,	'123',	815,	'0',	3,	0,	0,	0,	0,	1305872550,	1401689914,	'old_game'),
(2627,	1713,	'strafe',	1058,	'0',	1,	0,	0,	0,	0,	1305873431,	1401689913,	'old_game'),
(2630,	1714,	'qwertydwee',	1,	'0',	1,	0,	0,	0,	0,	1306107208,	1401689908,	'delete_game_hole'),
(2631,	1715,	'1111',	1,	'',	1,	0,	0,	0,	0,	1401690031,	1401690083,	'delete_game_hole'),
(2632,	1716,	'1111',	1,	'',	1,	0,	0,	0,	0,	1401690107,	1401690285,	'delete_game_hole'),
(2633,	1717,	'1111',	1,	'',	1,	0,	0,	0,	0,	1401690311,	1401690360,	'delete_game_hole'),
(2634,	1718,	'111222',	1,	'',	1,	0,	0,	0,	0,	1401690551,	0,	'game_init');

DROP TABLE IF EXISTS `users`;
CREATE TABLE `users` (
  `id_user` int(10) unsigned NOT NULL AUTO_INCREMENT,
  `login` varchar(20) NOT NULL,
  `pass` varchar(32) NOT NULL,
  `name` varchar(128) NOT NULL,
  `sname` varchar(128) NOT NULL,
  `email` varchar(30) NOT NULL,
  `timeactive` int(10) NOT NULL,
  `user_status` tinyint(2) NOT NULL,
  `last_ip` varchar(15) NOT NULL DEFAULT '0.0.0.0',
  `last_page` varchar(64) NOT NULL DEFAULT 'home',
  `sex` varchar(1) CHARACTER SET utf8 COLLATE utf8_unicode_ci NOT NULL DEFAULT 'm',
  `id_gt` int(10) unsigned NOT NULL DEFAULT '0',
  `u_bonus` int(3) NOT NULL DEFAULT '0',
  `u_level` int(2) unsigned NOT NULL DEFAULT '0',
  `active` int(10) NOT NULL DEFAULT '0',
  `birth` varchar(32) NOT NULL,
  `image` varchar(64) NOT NULL,
  `www` varchar(128) NOT NULL,
  `icq` varchar(15) NOT NULL,
  `skype` varchar(64) NOT NULL,
  `about` varchar(512) NOT NULL,
  `city` varchar(64) NOT NULL,
  `premium` smallint(1) NOT NULL,
  `bonus` varchar(10) NOT NULL,
  `level` tinyint(1) NOT NULL DEFAULT '1',
  `i_help` int(11) NOT NULL,
  `u_gold` int(11) NOT NULL,
  PRIMARY KEY (`id_user`,`login`)
) ENGINE=MyISAM DEFAULT CHARSET=cp1251;

INSERT INTO `users` (`id_user`, `login`, `pass`, `name`, `sname`, `email`, `timeactive`, `user_status`, `last_ip`, `last_page`, `sex`, `id_gt`, `u_bonus`, `u_level`, `active`, `birth`, `image`, `www`, `icq`, `skype`, `about`, `city`, `premium`, `bonus`, `level`, `i_help`, `u_gold`) VALUES
(1,	'admin',	'9b3039a6f3b2f98225ccc6de9651ebfb',	'Михаил',	'Сычев',	'sychidze@ya.ru',	0,	1,	'127.0.0.1',	'game',	'м',	1718,	0,	1,	1401690612,	'504910800',	'1.jpg',	'http://vkontakte.ru/id135499849',	'',	'sychidze',	'Администратор проекта Онлайн Манчкин',	'Благовещенск',	0,	'',	1,	0,	0);

DROP TABLE IF EXISTS `users_settings`;
CREATE TABLE `users_settings` (
  `id_user` int(11) NOT NULL,
  `showemail` smallint(1) NOT NULL DEFAULT '0',
  `allownews` smallint(1) NOT NULL DEFAULT '0',
  `soundon` smallint(1) NOT NULL DEFAULT '1',
  PRIMARY KEY (`id_user`)
) ENGINE=MyISAM DEFAULT CHARSET=utf8;

INSERT INTO `users_settings` (`id_user`, `showemail`, `allownews`, `soundon`) VALUES
(18,	0,	0,	1),
(1,	0,	0,	1),
(858,	0,	0,	1),
(27,	0,	0,	1),
(951,	0,	0,	1),
(955,	0,	0,	0),
(872,	0,	0,	1),
(960,	0,	0,	1),
(789,	0,	0,	1),
(612,	0,	1,	1),
(973,	0,	0,	1),
(976,	0,	0,	1),
(961,	0,	0,	1),
(974,	0,	1,	1),
(991,	0,	0,	1),
(990,	0,	0,	1),
(1002,	0,	0,	1),
(1003,	0,	0,	1),
(1006,	0,	0,	1),
(469,	0,	0,	1),
(1019,	0,	0,	1),
(847,	0,	0,	1),
(1049,	0,	0,	1),
(264,	0,	1,	1),
(1011,	0,	0,	1);

-- 2014-06-02 14:32:20
